Merge made by the 'ort' strategy.
 .../data/live_pilot_abc/group_majors.csv           |    6 +
 .../data/live_pilot_abc/institutions.csv           |    2 +
 .../data/live_pilot_abc/professional_groups.csv    |    2 +
 .../data/live_pilot_abc/seeds.csv                  |    6 +
 .../data/live_pilot_abc/source_notes.md            |   15 +
 .../data/live_pilot_ahcme/group_majors.csv         |    3 +
 .../data/live_pilot_ahcme/institutions.csv         |    2 +
 .../data/live_pilot_ahcme/professional_groups.csv  |    3 +
 .../data/live_pilot_ahcme/seeds.csv                |    9 +
 .../data/live_pilot_ahcme/source_notes.md          |   19 +
 .../data/live_pilot_ahsdxy/group_majors.csv        |    2 +
 .../data/live_pilot_ahsdxy/institutions.csv        |    2 +
 .../data/live_pilot_ahsdxy/professional_groups.csv |    2 +
 .../data/live_pilot_ahsdxy/seeds.csv               |    5 +
 .../data/live_pilot_ahsdxy/source_notes.md         |   14 +
 .../data/live_pilot_bgy/group_majors.csv           |   11 +
 .../data/live_pilot_bgy/institutions.csv           |    2 +
 .../data/live_pilot_bgy/professional_groups.csv    |    3 +
 .../data/live_pilot_bgy/seeds.csv                  |    3 +
 .../data/live_pilot_bgy/source_notes.md            |    7 +
 .../data/live_pilot_bitc/group_majors.csv          |    5 +
 .../data/live_pilot_bitc/institutions.csv          |    2 +
 .../data/live_pilot_bitc/professional_groups.csv   |    2 +
 .../data/live_pilot_bitc/seeds.csv                 |    2 +
 .../data/live_pilot_bitc/source_notes.md           |    7 +
 .../data/live_pilot_bzpt/group_majors.csv          |   10 +
 .../data/live_pilot_bzpt/institutions.csv          |    2 +
 .../data/live_pilot_bzpt/professional_groups.csv   |    3 +
 .../data/live_pilot_bzpt/seeds.csv                 |    8 +
 .../data/live_pilot_bzpt/source_notes.md           |    7 +
 .../data/live_pilot_caii/group_majors.csv          |    5 +
 .../data/live_pilot_caii/institutions.csv          |    2 +
 .../data/live_pilot_caii/professional_groups.csv   |    3 +
 .../data/live_pilot_caii/seeds.csv                 |   10 +
 .../data/live_pilot_caii/source_notes.md           |    7 +
 .../data/live_pilot_cavtc/candidate_reviews.csv    |    6 +
 .../data/live_pilot_cavtc/group_majors.csv         |    6 +
 .../data/live_pilot_cavtc/institutions.csv         |    2 +
 .../data/live_pilot_cavtc/professional_groups.csv  |    2 +
 .../data/live_pilot_cavtc/seeds.csv                |    6 +
 .../data/live_pilot_cavtc/source_notes.md          |    5 +
 .../data/live_pilot_csctc/candidate_reviews.csv    |    6 +
 .../data/live_pilot_csctc/group_majors.csv         |    6 +
 .../data/live_pilot_csctc/institutions.csv         |    2 +
 .../data/live_pilot_csctc/professional_groups.csv  |    2 +
 .../data/live_pilot_csctc/seeds.csv                |    4 +
 .../data/live_pilot_csctc/source_notes.md          |    5 +
 .../data/live_pilot_csmz/candidate_reviews.csv     |   10 +
 .../data/live_pilot_csmz/group_majors.csv          |    9 +
 .../data/live_pilot_csmz/institutions.csv          |    2 +
 .../data/live_pilot_csmz/professional_groups.csv   |    3 +
 .../data/live_pilot_csmz/seeds.csv                 |   16 +
 .../data/live_pilot_csmz/source_notes.md           |    6 +
 .../data/live_pilot_cvit/group_majors.csv          |    5 +
 .../data/live_pilot_cvit/institutions.csv          |    2 +
 .../data/live_pilot_cvit/professional_groups.csv   |    2 +
 .../data/live_pilot_cvit/seeds.csv                 |    8 +
 .../data/live_pilot_cvit/source_notes.md           |    7 +
 .../data/live_pilot_czimt/group_majors.csv         |    5 +
 .../data/live_pilot_czimt/institutions.csv         |    2 +
 .../data/live_pilot_czimt/professional_groups.csv  |    2 +
 .../data/live_pilot_czimt/seeds.csv                |    5 +
 .../data/live_pilot_czimt/source_notes.md          |    7 +
 .../data/live_pilot_dgpt/group_majors.csv          |    2 +
 .../data/live_pilot_dgpt/institutions.csv          |    2 +
 .../data/live_pilot_dgpt/professional_groups.csv   |    2 +
 .../data/live_pilot_dgpt/seeds.csv                 |    9 +
 .../data/live_pilot_dgpt/source_notes.md           |    6 +
 .../data/live_pilot_dlvtc/group_majors.csv         |    7 +
 .../data/live_pilot_dlvtc/institutions.csv         |    2 +
 .../data/live_pilot_dlvtc/professional_groups.csv  |    2 +
 .../data/live_pilot_dlvtc/seeds.csv                |    5 +
 .../data/live_pilot_dlvtc/source_notes.md          |    6 +
 .../data/live_pilot_dyxy/group_majors.csv          |    5 +
 .../data/live_pilot_dyxy/institutions.csv          |    2 +
 .../data/live_pilot_dyxy/professional_groups.csv   |    2 +
 .../data/live_pilot_dyxy/seeds.csv                 |   10 +
 .../data/live_pilot_dyxy/source_notes.md           |    7 +
 .../data/live_pilot_fjcpc/candidate_reviews.csv    |    3 +
 .../data/live_pilot_fjcpc/group_majors.csv         |    9 +
 .../data/live_pilot_fjcpc/institutions.csv         |    2 +
 .../data/live_pilot_fjcpc/professional_groups.csv  |    3 +
 .../data/live_pilot_fjcpc/seeds.csv                |   16 +
 .../data/live_pilot_fjcpc/source_notes.md          |   18 +
 .../data/live_pilot_fjpit/candidate_reviews.csv    |    1 +
 .../data/live_pilot_fjpit/group_majors.csv         |    6 +
 .../data/live_pilot_fjpit/institutions.csv         |    2 +
 .../data/live_pilot_fjpit/professional_groups.csv  |    2 +
 .../data/live_pilot_fjpit/seeds.csv                |    9 +
 .../data/live_pilot_fjpit/source_notes.md          |   18 +
 .../data/live_pilot_fjzzit/candidate_reviews.csv   |    1 +
 .../data/live_pilot_fjzzit/group_majors.csv        |    6 +
 .../data/live_pilot_fjzzit/institutions.csv        |    2 +
 .../data/live_pilot_fjzzit/professional_groups.csv |    2 +
 .../data/live_pilot_fjzzit/seeds.csv               |    6 +
 .../data/live_pilot_fjzzit/source_notes.md         |   14 +
 .../data/live_pilot_fvti/candidate_reviews.csv     |    1 +
 .../data/live_pilot_fvti/group_majors.csv          |    5 +
 .../data/live_pilot_fvti/institutions.csv          |    2 +
 .../data/live_pilot_fvti/professional_groups.csv   |    2 +
 .../data/live_pilot_fvti/seeds.csv                 |    9 +
 .../data/live_pilot_fvti/source_notes.md           |   17 +
 .../data/live_pilot_fyvtc/group_majors.csv         |    5 +
 .../data/live_pilot_fyvtc/institutions.csv         |    2 +
 .../data/live_pilot_fyvtc/professional_groups.csv  |    2 +
 .../data/live_pilot_fyvtc/seeds.csv                |    6 +
 .../data/live_pilot_fyvtc/source_notes.md          |   15 +
 .../data/live_pilot_gcac/group_majors.csv          |    6 +
 .../data/live_pilot_gcac/institutions.csv          |    2 +
 .../data/live_pilot_gcac/professional_groups.csv   |    2 +
 .../data/live_pilot_gcac/seeds.csv                 |    7 +
 .../data/live_pilot_gcac/source_notes.md           |    6 +
 .../data/live_pilot_gdaib/group_majors.csv         |    2 +
 .../data/live_pilot_gdaib/institutions.csv         |    2 +
 .../data/live_pilot_gdaib/professional_groups.csv  |    2 +
 .../data/live_pilot_gdaib/seeds.csv                |    9 +
 .../data/live_pilot_gdaib/source_notes.md          |    7 +
 .../data/live_pilot_gdfd/group_majors.csv          |    5 +
 .../data/live_pilot_gdfd/institutions.csv          |    2 +
 .../data/live_pilot_gdfd/professional_groups.csv   |    2 +
 .../data/live_pilot_gdfd/seeds.csv                 |    9 +
 .../data/live_pilot_gdfd/source_notes.md           |    6 +
 .../data/live_pilot_gdgm/group_majors.csv          |    2 +
 .../data/live_pilot_gdgm/institutions.csv          |    2 +
 .../data/live_pilot_gdgm/professional_groups.csv   |    2 +
 .../data/live_pilot_gdgm/seeds.csv                 |    6 +
 .../data/live_pilot_gdgm/source_notes.md           |    6 +
 .../data/live_pilot_gdipu/group_majors.csv         |    9 +
 .../data/live_pilot_gdipu/institutions.csv         |    2 +
 .../data/live_pilot_gdipu/professional_groups.csv  |    3 +
 .../data/live_pilot_gdipu/seeds.csv                |   13 +
 .../data/live_pilot_gdipu/source_notes.md          |    8 +
 .../data/live_pilot_gdit/group_majors.csv          |    2 +
 .../data/live_pilot_gdit/institutions.csv          |    2 +
 .../data/live_pilot_gdit/professional_groups.csv   |    2 +
 .../data/live_pilot_gdit/seeds.csv                 |    6 +
 .../data/live_pilot_gdit/source_notes.md           |    6 +
 .../data/live_pilot_gdmec/group_majors.csv         |    6 +
 .../data/live_pilot_gdmec/institutions.csv         |    2 +
 .../data/live_pilot_gdmec/professional_groups.csv  |    2 +
 .../data/live_pilot_gdmec/seeds.csv                |    7 +
 .../data/live_pilot_gdmec/source_notes.md          |    6 +
 .../data/live_pilot_gdpt/group_majors.csv          |    7 +
 .../data/live_pilot_gdpt/institutions.csv          |    2 +
 .../data/live_pilot_gdpt/professional_groups.csv   |    2 +
 .../data/live_pilot_gdpt/seeds.csv                 |    7 +
 .../data/live_pilot_gdpt/source_notes.md           |    6 +
 .../data/live_pilot_gdsdxy/group_majors.csv        |    2 +
 .../data/live_pilot_gdsdxy/institutions.csv        |    2 +
 .../data/live_pilot_gdsdxy/professional_groups.csv |    2 +
 .../data/live_pilot_gdsdxy/seeds.csv               |    6 +
 .../data/live_pilot_gdsdxy/source_notes.md         |    6 +
 .../data/live_pilot_gtxy/group_majors.csv          |    2 +
 .../data/live_pilot_gtxy/institutions.csv          |    2 +
 .../data/live_pilot_gtxy/professional_groups.csv   |    2 +
 .../data/live_pilot_gtxy/seeds.csv                 |   10 +
 .../data/live_pilot_gtxy/source_notes.md           |    7 +
 .../data/live_pilot_gzpu/group_majors.csv          |   11 +
 .../data/live_pilot_gzpu/institutions.csv          |    2 +
 .../data/live_pilot_gzpu/professional_groups.csv   |    3 +
 .../data/live_pilot_gzpu/seeds.csv                 |    8 +
 .../data/live_pilot_gzpu/source_notes.md           |   10 +
 .../data/live_pilot_hbpi/candidate_reviews.csv     |    1 +
 .../data/live_pilot_hbpi/group_majors.csv          |    5 +
 .../data/live_pilot_hbpi/institutions.csv          |    2 +
 .../data/live_pilot_hbpi/professional_groups.csv   |    2 +
 .../data/live_pilot_hbpi/seeds.csv                 |    7 +
 .../data/live_pilot_hbpi/source_notes.md           |    7 +
 .../data/live_pilot_hbtgpt/candidate_reviews.csv   |    5 +
 .../data/live_pilot_hbtgpt/group_majors.csv        |    5 +
 .../data/live_pilot_hbtgpt/institutions.csv        |    2 +
 .../data/live_pilot_hbtgpt/professional_groups.csv |    2 +
 .../data/live_pilot_hbtgpt/seeds.csv               |    8 +
 .../data/live_pilot_hbtgpt/source_notes.md         |   15 +
 .../data/live_pilot_hbvtc/group_majors.csv         |    6 +
 .../data/live_pilot_hbvtc/institutions.csv         |    2 +
 .../data/live_pilot_hbvtc/professional_groups.csv  |    2 +
 .../data/live_pilot_hbvtc/seeds.csv                |    5 +
 .../data/live_pilot_hbvtc/source_notes.md          |   14 +
 .../data/live_pilot_hfvt/candidate_reviews.csv     |    2 +
 .../data/live_pilot_hfvt/group_majors.csv          |    6 +
 .../data/live_pilot_hfvt/institutions.csv          |    2 +
 .../data/live_pilot_hfvt/professional_groups.csv   |    2 +
 .../data/live_pilot_hfvt/seeds.csv                 |    6 +
 .../data/live_pilot_hfvt/source_notes.md           |   16 +
 .../data/live_pilot_hict/group_majors.csv          |    5 +
 .../data/live_pilot_hict/institutions.csv          |    2 +
 .../data/live_pilot_hict/professional_groups.csv   |    2 +
 .../data/live_pilot_hict/seeds.csv                 |    8 +
 .../data/live_pilot_hict/source_notes.md           |   14 +
 .../data/live_pilot_hljp/group_majors.csv          |    5 +
 .../data/live_pilot_hljp/institutions.csv          |    2 +
 .../data/live_pilot_hljp/professional_groups.csv   |    2 +
 .../data/live_pilot_hljp/seeds.csv                 |    9 +
 .../data/live_pilot_hljp/source_notes.md           |   14 +
 .../data/live_pilot_hnacvc/candidate_reviews.csv   |    6 +
 .../data/live_pilot_hnacvc/group_majors.csv        |    6 +
 .../data/live_pilot_hnacvc/institutions.csv        |    2 +
 .../data/live_pilot_hnacvc/professional_groups.csv |    2 +
 .../data/live_pilot_hnacvc/seeds.csv               |   15 +
 .../data/live_pilot_hnacvc/source_notes.md         |    5 +
 .../data/live_pilot_hnae/candidate_reviews.csv     |    1 +
 .../data/live_pilot_hnae/group_majors.csv          |   11 +
 .../data/live_pilot_hnae/institutions.csv          |    2 +
 .../data/live_pilot_hnae/professional_groups.csv   |    3 +
 .../data/live_pilot_hnae/seeds.csv                 |    7 +
 .../data/live_pilot_hnae/source_notes.md           |    6 +
 .../data/live_pilot_hnbemc/candidate_reviews.csv   |    9 +
 .../data/live_pilot_hnbemc/group_majors.csv        |    9 +
 .../data/live_pilot_hnbemc/institutions.csv        |    2 +
 .../data/live_pilot_hnbemc/professional_groups.csv |    2 +
 .../data/live_pilot_hnbemc/seeds.csv               |    4 +
 .../data/live_pilot_hnbemc/source_notes.md         |    5 +
 .../data/live_pilot_hnca/candidate_reviews.csv     |    1 +
 .../data/live_pilot_hnca/group_majors.csv          |    2 +
 .../data/live_pilot_hnca/institutions.csv          |    2 +
 .../data/live_pilot_hnca/professional_groups.csv   |    2 +
 .../data/live_pilot_hnca/seeds.csv                 |    5 +
 .../data/live_pilot_hnca/source_notes.md           |   16 +
 .../data/live_pilot_hncc/group_majors.csv          |    5 +
 .../data/live_pilot_hncc/institutions.csv          |    2 +
 .../data/live_pilot_hncc/professional_groups.csv   |    2 +
 .../data/live_pilot_hncc/seeds.csv                 |    2 +
 .../data/live_pilot_hncc/source_notes.md           |    6 +
 .../data/live_pilot_hnetc/candidate_reviews.csv    |    8 +
 .../data/live_pilot_hnetc/group_majors.csv         |    8 +
 .../data/live_pilot_hnetc/institutions.csv         |    2 +
 .../data/live_pilot_hnetc/professional_groups.csv  |    2 +
 .../data/live_pilot_hnetc/seeds.csv                |    6 +
 .../data/live_pilot_hnetc/source_notes.md          |   15 +
 .../data/live_pilot_hngzy/group_majors.csv         |    6 +
 .../data/live_pilot_hngzy/institutions.csv         |    2 +
 .../data/live_pilot_hngzy/professional_groups.csv  |    2 +
 .../data/live_pilot_hngzy/seeds.csv                |    6 +
 .../data/live_pilot_hngzy/source_notes.md          |   15 +
 .../data/live_pilot_hnivc/candidate_reviews.csv    |    7 +
 .../data/live_pilot_hnivc/group_majors.csv         |    7 +
 .../data/live_pilot_hnivc/institutions.csv         |    2 +
 .../data/live_pilot_hnivc/professional_groups.csv  |    2 +
 .../data/live_pilot_hnivc/seeds.csv                |    5 +
 .../data/live_pilot_hnivc/source_notes.md          |    4 +
 .../data/live_pilot_hnmmc/candidate_reviews.csv    |    6 +
 .../data/live_pilot_hnmmc/group_majors.csv         |    6 +
 .../data/live_pilot_hnmmc/institutions.csv         |    2 +
 .../data/live_pilot_hnmmc/professional_groups.csv  |    2 +
 .../data/live_pilot_hnmmc/seeds.csv                |    9 +
 .../data/live_pilot_hnmmc/source_notes.md          |    5 +
 .../data/live_pilot_hnpi/group_majors.csv          |    6 +
 .../data/live_pilot_hnpi/institutions.csv          |    2 +
 .../data/live_pilot_hnpi/professional_groups.csv   |    2 +
 .../data/live_pilot_hnpi/seeds.csv                 |    2 +
 .../data/live_pilot_hnpi/source_notes.md           |    7 +
 .../data/live_pilot_hnyjj/group_majors.csv         |    2 +
 .../data/live_pilot_hnyjj/institutions.csv         |    2 +
 .../data/live_pilot_hnyjj/professional_groups.csv  |    2 +
 .../data/live_pilot_hnyjj/seeds.csv                |    6 +
 .../data/live_pilot_hnyjj/source_notes.md          |   12 +
 .../data/live_pilot_hnzj/group_majors.csv          |    9 +
 .../data/live_pilot_hnzj/institutions.csv          |    2 +
 .../data/live_pilot_hnzj/professional_groups.csv   |    2 +
 .../data/live_pilot_hnzj/seeds.csv                 |    4 +
 .../data/live_pilot_hnzj/source_notes.md           |    5 +
 .../data/live_pilot_hrbzy/group_majors.csv         |    9 +
 .../data/live_pilot_hrbzy/institutions.csv         |    2 +
 .../data/live_pilot_hrbzy/professional_groups.csv  |    3 +
 .../data/live_pilot_hrbzy/seeds.csv                |   10 +
 .../data/live_pilot_hrbzy/source_notes.md          |   13 +
 .../data/live_pilot_htxy/group_majors.csv          |    4 +
 .../data/live_pilot_htxy/institutions.csv          |    2 +
 .../data/live_pilot_htxy/professional_groups.csv   |    2 +
 .../data/live_pilot_htxy/seeds.csv                 |    8 +
 .../data/live_pilot_htxy/source_notes.md           |   16 +
 .../data/live_pilot_jljy/group_majors.csv          |    6 +
 .../data/live_pilot_jljy/institutions.csv          |    2 +
 .../data/live_pilot_jljy/professional_groups.csv   |    2 +
 .../data/live_pilot_jljy/seeds.csv                 |   10 +
 .../data/live_pilot_jljy/source_notes.md           |   14 +
 .../data/live_pilot_jnvc/group_majors.csv          |    6 +
 .../data/live_pilot_jnvc/institutions.csv          |    2 +
 .../data/live_pilot_jnvc/professional_groups.csv   |    2 +
 .../data/live_pilot_jnvc/seeds.csv                 |    3 +
 .../data/live_pilot_jnvc/source_notes.md           |    7 +
 .../data/live_pilot_jnvtc/group_majors.csv         |    6 +
 .../data/live_pilot_jnvtc/institutions.csv         |    2 +
 .../data/live_pilot_jnvtc/professional_groups.csv  |    2 +
 .../data/live_pilot_jnvtc/seeds.csv                |    9 +
 .../data/live_pilot_jnvtc/source_notes.md          |    6 +
 .../data/live_pilot_jty/group_majors.csv           |    2 +
 .../data/live_pilot_jty/institutions.csv           |    2 +
 .../data/live_pilot_jty/professional_groups.csv    |    2 +
 .../data/live_pilot_jty/seeds.csv                  |    8 +
 .../data/live_pilot_jty/source_notes.md            |    6 +
 .../data/live_pilot_jvcit/group_majors.csv         |    2 +
 .../data/live_pilot_jvcit/institutions.csv         |    2 +
 .../data/live_pilot_jvcit/professional_groups.csv  |    2 +
 .../data/live_pilot_jvcit/seeds.csv                |    7 +
 .../data/live_pilot_jvcit/source_notes.md          |   13 +
 .../data/live_pilot_jxcfs/candidate_reviews.csv    |    1 +
 .../data/live_pilot_jxcfs/group_majors.csv         |    2 +
 .../data/live_pilot_jxcfs/institutions.csv         |    2 +
 .../data/live_pilot_jxcfs/professional_groups.csv  |    2 +
 .../data/live_pilot_jxcfs/seeds.csv                |    8 +
 .../data/live_pilot_jxcfs/source_notes.md          |   16 +
 .../data/live_pilot_jxgm/candidate_reviews.csv     |    3 +
 .../data/live_pilot_jxgm/group_majors.csv          |    6 +
 .../data/live_pilot_jxgm/institutions.csv          |    2 +
 .../data/live_pilot_jxgm/professional_groups.csv   |    2 +
 .../data/live_pilot_jxgm/seeds.csv                 |    7 +
 .../data/live_pilot_jxgm/source_notes.md           |   15 +
 .../data/live_pilot_jxhj/group_majors.csv          |    3 +
 .../data/live_pilot_jxhj/institutions.csv          |    2 +
 .../data/live_pilot_jxhj/professional_groups.csv   |    2 +
 .../data/live_pilot_jxhj/seeds.csv                 |    7 +
 .../data/live_pilot_jxhj/source_notes.md           |   15 +
 .../data/live_pilot_jxpu/candidate_reviews.csv     |    1 +
 .../data/live_pilot_jxpu/group_majors.csv          |   12 +
 .../data/live_pilot_jxpu/institutions.csv          |    2 +
 .../data/live_pilot_jxpu/professional_groups.csv   |    3 +
 .../data/live_pilot_jxpu/seeds.csv                 |   15 +
 .../data/live_pilot_jxpu/source_notes.md           |   23 +
 .../data/live_pilot_jxxd/candidate_reviews.csv     |    3 +
 .../data/live_pilot_jxxd/group_majors.csv          |    3 +
 .../data/live_pilot_jxxd/institutions.csv          |    2 +
 .../data/live_pilot_jxxd/professional_groups.csv   |    2 +
 .../data/live_pilot_jxxd/seeds.csv                 |    2 +
 .../data/live_pilot_jxxd/source_notes.md           |   15 +
 .../data/live_pilot_jxyt/candidate_reviews.csv     |    1 +
 .../data/live_pilot_jxyt/group_majors.csv          |    5 +
 .../data/live_pilot_jxyt/institutions.csv          |    2 +
 .../data/live_pilot_jxyt/professional_groups.csv   |    2 +
 .../data/live_pilot_jxyt/seeds.csv                 |    7 +
 .../data/live_pilot_jxyt/source_notes.md           |   16 +
 .../data/live_pilot_lmu/candidate_reviews.csv      |    1 +
 .../data/live_pilot_lmu/group_majors.csv           |    5 +
 .../data/live_pilot_lmu/institutions.csv           |    2 +
 .../data/live_pilot_lmu/professional_groups.csv    |    2 +
 .../data/live_pilot_lmu/seeds.csv                  |    6 +
 .../data/live_pilot_lmu/source_notes.md            |   16 +
 .../data/live_pilot_lngpi/group_majors.csv         |    2 +
 .../data/live_pilot_lngpi/institutions.csv         |    2 +
 .../data/live_pilot_lngpi/professional_groups.csv  |    2 +
 .../data/live_pilot_lngpi/seeds.csv                |    8 +
 .../data/live_pilot_lngpi/source_notes.md          |    6 +
 .../data/live_pilot_lnmec/group_majors.csv         |    9 +
 .../data/live_pilot_lnmec/institutions.csv         |    2 +
 .../data/live_pilot_lnmec/professional_groups.csv  |    3 +
 .../data/live_pilot_lnmec/seeds.csv                |    8 +
 .../data/live_pilot_lnmec/source_notes.md          |    6 +
 .../data/live_pilot_lnnzy/group_majors.csv         |    2 +
 .../data/live_pilot_lnnzy/institutions.csv         |    2 +
 .../data/live_pilot_lnnzy/professional_groups.csv  |    2 +
 .../data/live_pilot_lnnzy/seeds.csv                |    6 +
 .../data/live_pilot_lnnzy/source_notes.md          |    6 +
 .../data/live_pilot_lnpc/group_majors.csv          |    2 +
 .../data/live_pilot_lnpc/institutions.csv          |    2 +
 .../data/live_pilot_lnpc/professional_groups.csv   |    2 +
 .../data/live_pilot_lnpc/seeds.csv                 |    7 +
 .../data/live_pilot_lnpc/source_notes.md           |    6 +
 .../data/live_pilot_lwvc/group_majors.csv          |    4 +
 .../data/live_pilot_lwvc/institutions.csv          |    2 +
 .../data/live_pilot_lwvc/professional_groups.csv   |    2 +
 .../data/live_pilot_lwvc/seeds.csv                 |    8 +
 .../data/live_pilot_lwvc/source_notes.md           |    7 +
 .../data/live_pilot_qdgw/group_majors.csv          |    9 +
 .../data/live_pilot_qdgw/institutions.csv          |    2 +
 .../data/live_pilot_qdgw/professional_groups.csv   |    3 +
 .../data/live_pilot_qdgw/seeds.csv                 |   10 +
 .../data/live_pilot_qdgw/source_notes.md           |    7 +
 .../data/live_pilot_qvtu/candidate_reviews.csv     |    1 +
 .../data/live_pilot_qvtu/group_majors.csv          |    5 +
 .../data/live_pilot_qvtu/institutions.csv          |    2 +
 .../data/live_pilot_qvtu/professional_groups.csv   |    2 +
 .../data/live_pilot_qvtu/seeds.csv                 |    7 +
 .../data/live_pilot_qvtu/source_notes.md           |   16 +
 .../data/live_pilot_rzpt/group_majors.csv          |   14 +
 .../data/live_pilot_rzpt/institutions.csv          |    2 +
 .../data/live_pilot_rzpt/professional_groups.csv   |    3 +
 .../data/live_pilot_rzpt/seeds.csv                 |    9 +
 .../data/live_pilot_rzpt/source_notes.md           |    7 +
 .../data/live_pilot_sada/group_majors.csv          |    2 +
 .../data/live_pilot_sada/institutions.csv          |    2 +
 .../data/live_pilot_sada/professional_groups.csv   |    2 +
 .../data/live_pilot_sada/seeds.csv                 |    5 +
 .../data/live_pilot_sada/source_notes.md           |   13 +
 .../data/live_pilot_sdmy/group_majors.csv          |    6 +
 .../data/live_pilot_sdmy/institutions.csv          |    2 +
 .../data/live_pilot_sdmy/professional_groups.csv   |    2 +
 .../data/live_pilot_sdmy/seeds.csv                 |    9 +
 .../data/live_pilot_sdmy/source_notes.md           |    6 +
 .../data/live_pilot_sdp/group_majors.csv           |   15 +
 .../data/live_pilot_sdp/institutions.csv           |    2 +
 .../data/live_pilot_sdp/professional_groups.csv    |    3 +
 .../data/live_pilot_sdp/seeds.csv                  |    8 +
 .../data/live_pilot_sdp/source_notes.md            |    7 +
 .../data/live_pilot_sdpt/group_majors.csv          |    3 +
 .../data/live_pilot_sdpt/institutions.csv          |    2 +
 .../data/live_pilot_sdpt/professional_groups.csv   |    3 +
 .../data/live_pilot_sdpt/seeds.csv                 |    6 +
 .../data/live_pilot_sdpt/source_notes.md           |    8 +
 .../data/live_pilot_sdvcst/group_majors.csv        |    6 +
 .../data/live_pilot_sdvcst/institutions.csv        |    2 +
 .../data/live_pilot_sdvcst/professional_groups.csv |    2 +
 .../data/live_pilot_sdvcst/seeds.csv               |    3 +
 .../data/live_pilot_sdvcst/source_notes.md         |    7 +
 .../data/live_pilot_sict/group_majors.csv          |    9 +
 .../data/live_pilot_sict/institutions.csv          |    2 +
 .../data/live_pilot_sict/professional_groups.csv   |    3 +
 .../data/live_pilot_sict/seeds.csv                 |    7 +
 .../data/live_pilot_sict/source_notes.md           |    7 +
 .../data/live_pilot_sppc/group_majors.csv          |    3 +
 .../data/live_pilot_sppc/institutions.csv          |    2 +
 .../data/live_pilot_sppc/professional_groups.csv   |    2 +
 .../data/live_pilot_sppc/seeds.csv                 |    7 +
 .../data/live_pilot_sppc/source_notes.md           |   16 +
 .../data/live_pilot_stiei/group_majors.csv         |    6 +
 .../data/live_pilot_stiei/institutions.csv         |    2 +
 .../data/live_pilot_stiei/professional_groups.csv  |    3 +
 .../data/live_pilot_stiei/seeds.csv                |    7 +
 .../data/live_pilot_stiei/source_notes.md          |   16 +
 .../data/live_pilot_sxftc/group_majors.csv         |   10 +
 .../data/live_pilot_sxftc/institutions.csv         |    2 +
 .../data/live_pilot_sxftc/professional_groups.csv  |    3 +
 .../data/live_pilot_sxftc/seeds.csv                |    7 +
 .../data/live_pilot_sxftc/source_notes.md          |    6 +
 .../data/live_pilot_sxgc/group_majors.csv          |    2 +
 .../data/live_pilot_sxgc/institutions.csv          |    2 +
 .../data/live_pilot_sxgc/professional_groups.csv   |    2 +
 .../data/live_pilot_sxgc/seeds.csv                 |    4 +
 .../data/live_pilot_sxgc/source_notes.md           |    6 +
 .../data/live_pilot_sxjd/group_majors.csv          |    5 +
 .../data/live_pilot_sxjd/institutions.csv          |    2 +
 .../data/live_pilot_sxjd/professional_groups.csv   |    2 +
 .../data/live_pilot_sxjd/seeds.csv                 |    2 +
 .../data/live_pilot_sxjd/source_notes.md           |    7 +
 .../data/live_pilot_sxsy/group_majors.csv          |    2 +
 .../data/live_pilot_sxsy/institutions.csv          |    2 +
 .../data/live_pilot_sxsy/professional_groups.csv   |    2 +
 .../data/live_pilot_sxsy/seeds.csv                 |    3 +
 .../data/live_pilot_sxsy/source_notes.md           |    6 +
 .../data/live_pilot_syvtc/group_majors.csv         |    3 +
 .../data/live_pilot_syvtc/institutions.csv         |    2 +
 .../data/live_pilot_syvtc/professional_groups.csv  |    2 +
 .../data/live_pilot_syvtc/seeds.csv                |    6 +
 .../data/live_pilot_syvtc/source_notes.md          |    6 +
 .../data/live_pilot_sziit/group_majors.csv         |   11 +
 .../data/live_pilot_sziit/institutions.csv         |    2 +
 .../data/live_pilot_sziit/professional_groups.csv  |    3 +
 .../data/live_pilot_sziit/seeds.csv                |    8 +
 .../data/live_pilot_sziit/source_notes.md          |    8 +
 .../data/live_pilot_szpu/group_majors.csv          |   10 +
 .../data/live_pilot_szpu/institutions.csv          |    2 +
 .../data/live_pilot_szpu/professional_groups.csv   |    3 +
 .../data/live_pilot_szpu/seeds.csv                 |    9 +
 .../data/live_pilot_szpu/source_notes.md           |    8 +
 .../data/live_pilot_tczj/group_majors.csv          |    6 +
 .../data/live_pilot_tczj/institutions.csv          |    2 +
 .../data/live_pilot_tczj/professional_groups.csv   |    2 +
 .../data/live_pilot_tczj/seeds.csv                 |    2 +
 .../data/live_pilot_tczj/source_notes.md           |    8 +
 .../data/live_pilot_tjeic/group_majors.csv         |    7 +
 .../data/live_pilot_tjeic/institutions.csv         |    2 +
 .../data/live_pilot_tjeic/professional_groups.csv  |    2 +
 .../data/live_pilot_tjeic/seeds.csv                |    2 +
 .../data/live_pilot_tjeic/source_notes.md          |    6 +
 .../data/live_pilot_tjmc/group_majors.csv          |    5 +
 .../data/live_pilot_tjmc/institutions.csv          |    2 +
 .../data/live_pilot_tjmc/professional_groups.csv   |    2 +
 .../data/live_pilot_tjmc/seeds.csv                 |    2 +
 .../data/live_pilot_tjmc/source_notes.md           |    7 +
 .../data/live_pilot_tjmvtc/group_majors.csv        |    5 +
 .../data/live_pilot_tjmvtc/institutions.csv        |    2 +
 .../data/live_pilot_tjmvtc/professional_groups.csv |    2 +
 .../data/live_pilot_tjmvtc/seeds.csv               |    2 +
 .../data/live_pilot_tjmvtc/source_notes.md         |    7 +
 .../data/live_pilot_tjtc/group_majors.csv          |    5 +
 .../data/live_pilot_tjtc/institutions.csv          |    2 +
 .../data/live_pilot_tjtc/professional_groups.csv   |    2 +
 .../data/live_pilot_tjtc/seeds.csv                 |    2 +
 .../data/live_pilot_tjtc/source_notes.md           |    6 +
 .../data/live_pilot_wfec/group_majors.csv          |    5 +
 .../data/live_pilot_wfec/institutions.csv          |    2 +
 .../data/live_pilot_wfec/professional_groups.csv   |    2 +
 .../data/live_pilot_wfec/seeds.csv                 |    8 +
 .../data/live_pilot_wfec/source_notes.md           |    6 +
 .../data/live_pilot_wfvc/group_majors.csv          |    5 +
 .../data/live_pilot_wfvc/institutions.csv          |    2 +
 .../data/live_pilot_wfvc/professional_groups.csv   |    2 +
 .../data/live_pilot_wfvc/seeds.csv                 |   13 +
 .../data/live_pilot_wfvc/source_notes.md           |    6 +
 .../data/live_pilot_whcp/candidate_reviews.csv     |    7 +
 .../data/live_pilot_whcp/group_majors.csv          |    7 +
 .../data/live_pilot_whcp/institutions.csv          |    2 +
 .../data/live_pilot_whcp/professional_groups.csv   |    2 +
 .../data/live_pilot_whcp/seeds.csv                 |    9 +
 .../data/live_pilot_whcp/source_notes.md           |   15 +
 .../data/live_pilot_whit/group_majors.csv          |    2 +
 .../data/live_pilot_whit/institutions.csv          |    2 +
 .../data/live_pilot_whit/professional_groups.csv   |    2 +
 .../data/live_pilot_whit/seeds.csv                 |    5 +
 .../data/live_pilot_whit/source_notes.md           |   15 +
 .../data/live_pilot_whtcc/candidate_reviews.csv    |    1 +
 .../data/live_pilot_whtcc/group_majors.csv         |    5 +
 .../data/live_pilot_whtcc/institutions.csv         |    2 +
 .../data/live_pilot_whtcc/professional_groups.csv  |    2 +
 .../data/live_pilot_whtcc/seeds.csv                |    6 +
 .../data/live_pilot_whtcc/source_notes.md          |    7 +
 .../data/live_pilot_whvc/group_majors.csv          |    6 +
 .../data/live_pilot_whvc/institutions.csv          |    2 +
 .../data/live_pilot_whvc/professional_groups.csv   |    2 +
 .../data/live_pilot_whvc/seeds.csv                 |   10 +
 .../data/live_pilot_whvc/source_notes.md           |    7 +
 .../data/live_pilot_whvcse/candidate_reviews.csv   |    1 +
 .../data/live_pilot_whvcse/group_majors.csv        |    6 +
 .../data/live_pilot_whvcse/institutions.csv        |    2 +
 .../data/live_pilot_whvcse/professional_groups.csv |    2 +
 .../data/live_pilot_whvcse/seeds.csv               |    8 +
 .../data/live_pilot_whvcse/source_notes.md         |   16 +
 .../data/live_pilot_wru/candidate_reviews.csv      |    8 +
 .../data/live_pilot_wru/group_majors.csv           |   10 +
 .../data/live_pilot_wru/institutions.csv           |    2 +
 .../data/live_pilot_wru/professional_groups.csv    |    3 +
 .../data/live_pilot_wru/seeds.csv                  |    9 +
 .../data/live_pilot_wru/source_notes.md            |   16 +
 .../data/live_pilot_wspc/candidate_reviews.csv     |    1 +
 .../data/live_pilot_wspc/group_majors.csv          |    7 +
 .../data/live_pilot_wspc/institutions.csv          |    2 +
 .../data/live_pilot_wspc/professional_groups.csv   |    3 +
 .../data/live_pilot_wspc/seeds.csv                 |    8 +
 .../data/live_pilot_wspc/source_notes.md           |   18 +
 .../data/live_pilot_wtu/candidate_reviews.csv      |    1 +
 .../data/live_pilot_wtu/group_majors.csv           |   12 +
 .../data/live_pilot_wtu/institutions.csv           |    2 +
 .../data/live_pilot_wtu/professional_groups.csv    |    3 +
 .../data/live_pilot_wtu/seeds.csv                  |    6 +
 .../data/live_pilot_wtu/source_notes.md            |   14 +
 .../data/live_pilot_wzvcst/group_majors.csv        |    5 +
 .../data/live_pilot_wzvcst/institutions.csv        |    2 +
 .../data/live_pilot_wzvcst/professional_groups.csv |    2 +
 .../data/live_pilot_wzvcst/seeds.csv               |    2 +
 .../data/live_pilot_wzvcst/source_notes.md         |    5 +
 .../data/live_pilot_wzvtc/group_majors.csv         |    6 +
 .../data/live_pilot_wzvtc/institutions.csv         |    2 +
 .../data/live_pilot_wzvtc/professional_groups.csv  |    2 +
 .../data/live_pilot_wzvtc/seeds.csv                |    2 +
 .../data/live_pilot_wzvtc/source_notes.md          |    7 +
 .../data/live_pilot_xcitc/candidate_reviews.csv    |    6 +
 .../data/live_pilot_xcitc/group_majors.csv         |    6 +
 .../data/live_pilot_xcitc/institutions.csv         |    2 +
 .../data/live_pilot_xcitc/professional_groups.csv  |    2 +
 .../data/live_pilot_xcitc/seeds.csv                |    8 +
 .../data/live_pilot_xcitc/source_notes.md          |   22 +
 .../data/live_pilot_xyvtc/candidate_reviews.csv    |    3 +
 .../data/live_pilot_xyvtc/group_majors.csv         |    5 +
 .../data/live_pilot_xyvtc/institutions.csv         |    2 +
 .../data/live_pilot_xyvtc/professional_groups.csv  |    2 +
 .../data/live_pilot_xyvtc/seeds.csv                |    8 +
 .../data/live_pilot_xyvtc/source_notes.md          |   19 +
 .../data/live_pilot_yrcti/candidate_reviews.csv    |    6 +
 .../data/live_pilot_yrcti/group_majors.csv         |    6 +
 .../data/live_pilot_yrcti/institutions.csv         |    2 +
 .../data/live_pilot_yrcti/professional_groups.csv  |    2 +
 .../data/live_pilot_yrcti/seeds.csv                |    9 +
 .../data/live_pilot_yrcti/source_notes.md          |   17 +
 .../data/live_pilot_ytvc/group_majors.csv          |    6 +
 .../data/live_pilot_ytvc/institutions.csv          |    2 +
 .../data/live_pilot_ytvc/professional_groups.csv   |    2 +
 .../data/live_pilot_ytvc/seeds.csv                 |    9 +
 .../data/live_pilot_ytvc/source_notes.md           |    7 +
 .../data/live_pilot_ywicc/group_majors.csv         |    6 +
 .../data/live_pilot_ywicc/institutions.csv         |    2 +
 .../data/live_pilot_ywicc/professional_groups.csv  |    2 +
 .../data/live_pilot_ywicc/seeds.csv                |    5 +
 .../data/live_pilot_ywicc/source_notes.md          |    7 +
 .../data/live_pilot_zbpu/group_majors.csv          |   11 +
 .../data/live_pilot_zbpu/institutions.csv          |    2 +
 .../data/live_pilot_zbpu/professional_groups.csv   |    3 +
 .../data/live_pilot_zbpu/seeds.csv                 |   10 +
 .../data/live_pilot_zbpu/source_notes.md           |    8 +
 .../data/live_pilot_zfc/group_majors.csv           |   10 +
 .../data/live_pilot_zfc/institutions.csv           |    2 +
 .../data/live_pilot_zfc/professional_groups.csv    |    3 +
 .../data/live_pilot_zfc/seeds.csv                  |    3 +
 .../data/live_pilot_zfc/source_notes.md            |    8 +
 .../data/live_pilot_zime/group_majors.csv          |   12 +
 .../data/live_pilot_zime/institutions.csv          |    2 +
 .../data/live_pilot_zime/professional_groups.csv   |    3 +
 .../data/live_pilot_zime/seeds.csv                 |    3 +
 .../data/live_pilot_zime/source_notes.md           |    8 +
 .../data/live_pilot_zjbc/group_majors.csv          |    6 +
 .../data/live_pilot_zjbc/institutions.csv          |    2 +
 .../data/live_pilot_zjbc/professional_groups.csv   |    2 +
 .../data/live_pilot_zjbc/seeds.csv                 |    2 +
 .../data/live_pilot_zjbc/source_notes.md           |    6 +
 .../data/live_pilot_zjiet/group_majors.csv         |    5 +
 .../data/live_pilot_zjiet/institutions.csv         |    2 +
 .../data/live_pilot_zjiet/professional_groups.csv  |    2 +
 .../data/live_pilot_zjiet/seeds.csv                |    2 +
 .../data/live_pilot_zjiet/source_notes.md          |    5 +
 .../data/live_pilot_zjitc/group_majors.csv         |    6 +
 .../data/live_pilot_zjitc/institutions.csv         |    2 +
 .../data/live_pilot_zjitc/professional_groups.csv  |    2 +
 .../data/live_pilot_zjitc/seeds.csv                |    2 +
 .../data/live_pilot_zjitc/source_notes.md          |   14 +
 .../data/live_pilot_zjjs/group_majors.csv          |    6 +
 .../data/live_pilot_zjjs/institutions.csv          |    2 +
 .../data/live_pilot_zjjs/professional_groups.csv   |    2 +
 .../data/live_pilot_zjjs/seeds.csv                 |    5 +
 .../data/live_pilot_zjjs/source_notes.md           |    8 +
 .../data/live_pilot_zjtie/group_majors.csv         |    7 +
 .../data/live_pilot_zjtie/institutions.csv         |    2 +
 .../data/live_pilot_zjtie/professional_groups.csv  |    2 +
 .../data/live_pilot_zjtie/seeds.csv                |    3 +
 .../data/live_pilot_zjtie/source_notes.md          |    7 +
 .../data/live_pilot_zjvtit/group_majors.csv        |    6 +
 .../data/live_pilot_zjvtit/institutions.csv        |    2 +
 .../data/live_pilot_zjvtit/professional_groups.csv |    2 +
 .../data/live_pilot_zjvtit/seeds.csv               |    3 +
 .../data/live_pilot_zjvtit/source_notes.md         |    7 +
 .../data/live_pilot_zstp/group_majors.csv          |    5 +
 .../data/live_pilot_zstp/institutions.csv          |    2 +
 .../data/live_pilot_zstp/professional_groups.csv   |    2 +
 .../data/live_pilot_zstp/seeds.csv                 |   11 +
 .../data/live_pilot_zstp/source_notes.md           |    6 +
 .../data/live_pilot_zzrvtc/candidate_reviews.csv   |   11 +
 .../data/live_pilot_zzrvtc/group_majors.csv        |   11 +
 .../data/live_pilot_zzrvtc/institutions.csv        |    2 +
 .../data/live_pilot_zzrvtc/professional_groups.csv |    3 +
 .../data/live_pilot_zzrvtc/seeds.csv               |   13 +
 .../data/live_pilot_zzrvtc/source_notes.md         |   20 +
 .../data/national_queue/schools.csv                |  221 ++++
 .../data/storage_pilot/group_majors.csv            |    6 +
 .../data/storage_pilot/institutions.csv            |    2 +
 .../data/storage_pilot/professional_groups.csv     |    2 +
 .../data/storage_pilot/seeds.csv                   |    2 +
 .../data/storage_pilot/source_notes.md             |    9 +
 .../data/verified_batch_001/group_majors.csv       |   13 +
 .../data/verified_batch_001/institutions.csv       |    3 +
 .../verified_batch_001/professional_groups.csv     |    3 +
 .../data/verified_batch_001/seeds.csv              |    5 +
 .../data/verified_batch_001/source_notes.md        |    3 +
 .../data/verified_batch_002/group_majors.csv       |   18 +
 .../data/verified_batch_002/institutions.csv       |    4 +
 .../verified_batch_002/professional_groups.csv     |    4 +
 .../data/verified_batch_002/seeds.csv              |    6 +
 .../data/verified_batch_002/source_notes.md        |    3 +
 .../data/verified_batch_003/group_majors.csv       |   23 +
 .../data/verified_batch_003/institutions.csv       |    5 +
 .../verified_batch_003/professional_groups.csv     |    5 +
 .../data/verified_batch_003/seeds.csv              |    7 +
 .../data/verified_batch_003/source_notes.md        |    3 +
 .../data/verified_batch_004/group_majors.csv       |   27 +
 .../data/verified_batch_004/institutions.csv       |    6 +
 .../verified_batch_004/professional_groups.csv     |    6 +
 .../data/verified_batch_004/seeds.csv              |    8 +
 .../data/verified_batch_004/source_notes.md        |    3 +
 .../data/verified_batch_005/group_majors.csv       |   31 +
 .../data/verified_batch_005/institutions.csv       |    7 +
 .../verified_batch_005/professional_groups.csv     |    7 +
 .../data/verified_batch_005/seeds.csv              |    9 +
 .../data/verified_batch_005/source_notes.md        |    3 +
 .../data/verified_batch_006/group_majors.csv       |   41 +
 .../data/verified_batch_006/institutions.csv       |    8 +
 .../verified_batch_006/professional_groups.csv     |    9 +
 .../data/verified_batch_006/seeds.csv              |   11 +
 .../data/verified_batch_006/source_notes.md        |    3 +
 .../data/verified_batch_007/group_majors.csv       |   45 +
 .../data/verified_batch_007/institutions.csv       |    9 +
 .../verified_batch_007/professional_groups.csv     |   10 +
 .../data/verified_batch_007/seeds.csv              |   12 +
 .../data/verified_batch_007/source_notes.md        |    3 +
 .../data/verified_batch_008/group_majors.csv       |   49 +
 .../data/verified_batch_008/institutions.csv       |   10 +
 .../verified_batch_008/professional_groups.csv     |   11 +
 .../data/verified_batch_008/seeds.csv              |   13 +
 .../data/verified_batch_008/source_notes.md        |    3 +
 .../data/verified_batch_009/group_majors.csv       |   55 +
 .../data/verified_batch_009/institutions.csv       |   11 +
 .../verified_batch_009/professional_groups.csv     |   12 +
 .../data/verified_batch_009/seeds.csv              |   14 +
 .../data/verified_batch_009/source_notes.md        |    3 +
 .../data/verified_batch_010/group_majors.csv       |   59 +
 .../data/verified_batch_010/institutions.csv       |   12 +
 .../verified_batch_010/professional_groups.csv     |   13 +
 .../data/verified_batch_010/seeds.csv              |   18 +
 .../data/verified_batch_010/source_notes.md        |    3 +
 .../data/verified_batch_011/group_majors.csv       |   63 +
 .../data/verified_batch_011/institutions.csv       |   13 +
 .../verified_batch_011/professional_groups.csv     |   14 +
 .../data/verified_batch_011/seeds.csv              |   19 +
 .../data/verified_batch_011/source_notes.md        |    3 +
 .../data/verified_batch_012/group_majors.csv       |   72 +
 .../data/verified_batch_012/institutions.csv       |   14 +
 .../verified_batch_012/professional_groups.csv     |   16 +
 .../data/verified_batch_012/seeds.csv              |   21 +
 .../data/verified_batch_012/source_notes.md        |    9 +
 .../data/verified_batch_013/group_majors.csv       |   83 ++
 .../data/verified_batch_013/institutions.csv       |   15 +
 .../verified_batch_013/professional_groups.csv     |   18 +
 .../data/verified_batch_013/seeds.csv              |   23 +
 .../data/verified_batch_013/source_notes.md        |    9 +
 .../data/verified_batch_014/group_majors.csv       |   89 ++
 .../data/verified_batch_014/institutions.csv       |   16 +
 .../verified_batch_014/professional_groups.csv     |   19 +
 .../data/verified_batch_014/seeds.csv              |   25 +
 .../data/verified_batch_014/source_notes.md        |    8 +
 .../data/verified_batch_015/group_majors.csv       |   94 ++
 .../data/verified_batch_015/institutions.csv       |   17 +
 .../verified_batch_015/professional_groups.csv     |   20 +
 .../data/verified_batch_015/seeds.csv              |   26 +
 .../data/verified_batch_015/source_notes.md        |    8 +
 .../data/verified_batch_016/group_majors.csv       |   99 ++
 .../data/verified_batch_016/institutions.csv       |   18 +
 .../verified_batch_016/professional_groups.csv     |   21 +
 .../data/verified_batch_016/seeds.csv              |   27 +
 .../data/verified_batch_016/source_notes.md        |    8 +
 .../data/verified_batch_017/group_majors.csv       |  103 ++
 .../data/verified_batch_017/institutions.csv       |   19 +
 .../verified_batch_017/professional_groups.csv     |   22 +
 .../data/verified_batch_017/seeds.csv              |   28 +
 .../data/verified_batch_017/source_notes.md        |    8 +
 .../data/verified_batch_018/group_majors.csv       |  107 ++
 .../data/verified_batch_018/institutions.csv       |   20 +
 .../verified_batch_018/professional_groups.csv     |   23 +
 .../data/verified_batch_018/seeds.csv              |   29 +
 .../data/verified_batch_018/source_notes.md        |    8 +
 .../data/verified_batch_019/group_majors.csv       |  112 ++
 .../data/verified_batch_019/institutions.csv       |   21 +
 .../verified_batch_019/professional_groups.csv     |   24 +
 .../data/verified_batch_019/seeds.csv              |   30 +
 .../data/verified_batch_019/source_notes.md        |    9 +
 .../data/verified_batch_020/group_majors.csv       |  117 ++
 .../data/verified_batch_020/institutions.csv       |   22 +
 .../verified_batch_020/professional_groups.csv     |   25 +
 .../data/verified_batch_020/seeds.csv              |   32 +
 .../data/verified_batch_020/source_notes.md        |    9 +
 .../data/verified_batch_021/group_majors.csv       |  122 ++
 .../data/verified_batch_021/institutions.csv       |   23 +
 .../verified_batch_021/professional_groups.csv     |   26 +
 .../data/verified_batch_021/seeds.csv              |   36 +
 .../data/verified_batch_021/source_notes.md        |   10 +
 .../data/verified_batch_022/group_majors.csv       |  127 ++
 .../data/verified_batch_022/institutions.csv       |   24 +
 .../verified_batch_022/professional_groups.csv     |   27 +
 .../data/verified_batch_022/seeds.csv              |   40 +
 .../data/verified_batch_022/source_notes.md        |   10 +
 .../data/verified_batch_023/group_majors.csv       |  135 ++
 .../data/verified_batch_023/institutions.csv       |   25 +
 .../verified_batch_023/professional_groups.csv     |   29 +
 .../data/verified_batch_023/seeds.csv              |   46 +
 .../data/verified_batch_023/source_notes.md        |   11 +
 .../data/verified_batch_024/group_majors.csv       |  145 ++
 .../data/verified_batch_024/institutions.csv       |   26 +
 .../verified_batch_024/professional_groups.csv     |   31 +
 .../data/verified_batch_024/seeds.csv              |   55 +
 .../data/verified_batch_024/source_notes.md        |   14 +
 .../data/verified_batch_025/group_majors.csv       |  154 +++
 .../data/verified_batch_025/institutions.csv       |   27 +
 .../verified_batch_025/professional_groups.csv     |   33 +
 .../data/verified_batch_025/seeds.csv              |   62 +
 .../data/verified_batch_025/source_notes.md        |   12 +
 .../data/verified_batch_026/group_majors.csv       |  167 +++
 .../data/verified_batch_026/institutions.csv       |   28 +
 .../verified_batch_026/professional_groups.csv     |   35 +
 .../data/verified_batch_026/seeds.csv              |   70 +
 .../data/verified_batch_026/source_notes.md        |   11 +
 .../data/verified_batch_027/group_majors.csv       |  181 +++
 .../data/verified_batch_027/institutions.csv       |   29 +
 .../verified_batch_027/professional_groups.csv     |   37 +
 .../data/verified_batch_027/seeds.csv              |   77 ++
 .../data/verified_batch_027/source_notes.md        |   10 +
 .../data/verified_batch_028/group_majors.csv       |  186 +++
 .../data/verified_batch_028/institutions.csv       |   30 +
 .../verified_batch_028/professional_groups.csv     |   38 +
 .../data/verified_batch_028/seeds.csv              |   79 ++
 .../data/verified_batch_028/source_notes.md        |   11 +
 .../data/verified_batch_029/group_majors.csv       |  191 +++
 .../data/verified_batch_029/institutions.csv       |   31 +
 .../verified_batch_029/professional_groups.csv     |   39 +
 .../data/verified_batch_029/seeds.csv              |   81 ++
 .../data/verified_batch_029/source_notes.md        |   11 +
 .../data/verified_batch_030/group_majors.csv       |  195 +++
 .../data/verified_batch_030/institutions.csv       |   32 +
 .../verified_batch_030/professional_groups.csv     |   40 +
 .../data/verified_batch_030/seeds.csv              |   90 ++
 .../data/verified_batch_030/source_notes.md        |   11 +
 .../data/verified_batch_031/group_majors.csv       |  200 +++
 .../data/verified_batch_031/institutions.csv       |   33 +
 .../verified_batch_031/professional_groups.csv     |   41 +
 .../data/verified_batch_031/seeds.csv              |   98 ++
 .../data/verified_batch_031/source_notes.md        |   11 +
 .../data/verified_batch_032/group_majors.csv       |  204 +++
 .../data/verified_batch_032/institutions.csv       |   34 +
 .../verified_batch_032/professional_groups.csv     |   42 +
 .../data/verified_batch_032/seeds.csv              |  110 ++
 .../data/verified_batch_032/source_notes.md        |   10 +
 .../data/verified_batch_033/group_majors.csv       |  209 +++
 .../data/verified_batch_033/institutions.csv       |   35 +
 .../verified_batch_033/professional_groups.csv     |   43 +
 .../data/verified_batch_033/seeds.csv              |  119 ++
 .../data/verified_batch_033/source_notes.md        |   11 +
 .../data/verified_batch_034/group_majors.csv       |  214 +++
 .../data/verified_batch_034/institutions.csv       |   36 +
 .../verified_batch_034/professional_groups.csv     |   44 +
 .../data/verified_batch_034/seeds.csv              |  127 ++
 .../data/verified_batch_034/source_notes.md        |   10 +
 .../data/verified_batch_035/group_majors.csv       |  219 +++
 .../data/verified_batch_035/institutions.csv       |   37 +
 .../verified_batch_035/professional_groups.csv     |   45 +
 .../data/verified_batch_035/seeds.csv              |  135 ++
 .../data/verified_batch_035/source_notes.md        |   10 +
 .../data/verified_batch_036/group_majors.csv       |  223 ++++
 .../data/verified_batch_036/institutions.csv       |   38 +
 .../verified_batch_036/professional_groups.csv     |   46 +
 .../data/verified_batch_036/seeds.csv              |  142 ++
 .../data/verified_batch_036/source_notes.md        |   11 +
 .../data/verified_batch_037/group_majors.csv       |  231 ++++
 .../data/verified_batch_037/institutions.csv       |   39 +
 .../verified_batch_037/professional_groups.csv     |   48 +
 .../data/verified_batch_037/seeds.csv              |  151 +++
 .../data/verified_batch_037/source_notes.md        |   12 +
 .../data/verified_batch_038/group_majors.csv       |  234 ++++
 .../data/verified_batch_038/institutions.csv       |   40 +
 .../verified_batch_038/professional_groups.csv     |   49 +
 .../data/verified_batch_038/seeds.csv              |  158 +++
 .../data/verified_batch_038/source_notes.md        |   11 +
 .../data/verified_batch_039/group_majors.csv       |  243 ++++
 .../data/verified_batch_039/institutions.csv       |   41 +
 .../verified_batch_039/professional_groups.csv     |   51 +
 .../data/verified_batch_039/seeds.csv              |  166 +++
 .../data/verified_batch_039/source_notes.md        |   13 +
 .../data/verified_batch_040/group_majors.csv       |  253 ++++
 .../data/verified_batch_040/institutions.csv       |   42 +
 .../verified_batch_040/professional_groups.csv     |   53 +
 .../data/verified_batch_040/seeds.csv              |  173 +++
 .../data/verified_batch_040/source_notes.md        |   22 +
 .../data/verified_batch_041/group_majors.csv       |  255 ++++
 .../data/verified_batch_041/institutions.csv       |   43 +
 .../verified_batch_041/professional_groups.csv     |   55 +
 .../data/verified_batch_041/seeds.csv              |  178 +++
 .../data/verified_batch_041/source_notes.md        |   31 +
 .../data/verified_batch_042/group_majors.csv       |  265 ++++
 .../data/verified_batch_042/institutions.csv       |   44 +
 .../verified_batch_042/professional_groups.csv     |   57 +
 .../data/verified_batch_042/seeds.csv              |  185 +++
 .../data/verified_batch_042/source_notes.md        |   41 +
 .../data/verified_batch_043/group_majors.csv       |  273 ++++
 .../data/verified_batch_043/institutions.csv       |   45 +
 .../verified_batch_043/professional_groups.csv     |   59 +
 .../data/verified_batch_043/seeds.csv              |  197 +++
 .../data/verified_batch_043/source_notes.md        |   50 +
 .../data/verified_batch_044/group_majors.csv       |  274 ++++
 .../data/verified_batch_044/institutions.csv       |   46 +
 .../verified_batch_044/professional_groups.csv     |   60 +
 .../data/verified_batch_044/seeds.csv              |  206 +++
 .../data/verified_batch_044/source_notes.md        |   58 +
 .../data/verified_batch_045/group_majors.csv       |  275 ++++
 .../data/verified_batch_045/institutions.csv       |   47 +
 .../verified_batch_045/professional_groups.csv     |   61 +
 .../data/verified_batch_045/seeds.csv              |  214 +++
 .../data/verified_batch_045/source_notes.md        |   66 +
 .../data/verified_batch_046/group_majors.csv       |  276 ++++
 .../data/verified_batch_046/institutions.csv       |   48 +
 .../verified_batch_046/professional_groups.csv     |   62 +
 .../data/verified_batch_046/seeds.csv              |  219 +++
 .../data/verified_batch_046/source_notes.md        |   75 ++
 .../data/verified_batch_047/group_majors.csv       |  277 ++++
 .../data/verified_batch_047/institutions.csv       |   49 +
 .../verified_batch_047/professional_groups.csv     |   63 +
 .../data/verified_batch_047/seeds.csv              |  224 ++++
 .../data/verified_batch_047/source_notes.md        |   84 ++
 .../data/verified_batch_048/group_majors.csv       |  278 ++++
 .../data/verified_batch_048/institutions.csv       |   50 +
 .../verified_batch_048/professional_groups.csv     |   64 +
 .../data/verified_batch_048/seeds.csv              |  229 ++++
 .../data/verified_batch_048/source_notes.md        |   93 ++
 .../data/verified_batch_049/group_majors.csv       |  284 ++++
 .../data/verified_batch_049/institutions.csv       |   51 +
 .../verified_batch_049/professional_groups.csv     |   65 +
 .../data/verified_batch_049/seeds.csv              |  235 ++++
 .../data/verified_batch_049/source_notes.md        |  102 ++
 .../data/verified_batch_050/group_majors.csv       |  289 ++++
 .../data/verified_batch_050/institutions.csv       |   52 +
 .../verified_batch_050/professional_groups.csv     |   66 +
 .../data/verified_batch_050/seeds.csv              |  241 ++++
 .../data/verified_batch_050/source_notes.md        |  111 ++
 .../data/verified_batch_051/group_majors.csv       |  290 ++++
 .../data/verified_batch_051/institutions.csv       |   53 +
 .../verified_batch_051/professional_groups.csv     |   67 +
 .../data/verified_batch_051/seeds.csv              |  249 ++++
 .../data/verified_batch_051/source_notes.md        |  120 ++
 .../data/verified_batch_052/group_majors.csv       |  294 ++++
 .../data/verified_batch_052/institutions.csv       |   54 +
 .../verified_batch_052/professional_groups.csv     |   68 +
 .../data/verified_batch_052/seeds.csv              |  257 ++++
 .../data/verified_batch_052/source_notes.md        |  129 ++
 .../data/verified_batch_053/group_majors.csv       |  298 +++++
 .../data/verified_batch_053/institutions.csv       |   55 +
 .../verified_batch_053/professional_groups.csv     |   69 +
 .../data/verified_batch_053/seeds.csv              |  267 ++++
 .../data/verified_batch_053/source_notes.md        |  138 ++
 .../data/verified_batch_054/group_majors.csv       |  303 +++++
 .../data/verified_batch_054/institutions.csv       |   56 +
 .../verified_batch_054/professional_groups.csv     |   70 +
 .../data/verified_batch_054/seeds.csv              |  273 ++++
 .../data/verified_batch_054/source_notes.md        |  147 ++
 .../data/verified_batch_055/group_majors.csv       |  312 +++++
 .../data/verified_batch_055/institutions.csv       |   57 +
 .../verified_batch_055/professional_groups.csv     |   72 +
 .../data/verified_batch_055/seeds.csv              |  279 ++++
 .../data/verified_batch_055/source_notes.md        |  156 +++
 .../data/verified_batch_056/group_majors.csv       |  313 +++++
 .../data/verified_batch_056/institutions.csv       |   58 +
 .../verified_batch_056/professional_groups.csv     |   73 +
 .../data/verified_batch_056/seeds.csv              |  282 ++++
 .../data/verified_batch_056/source_notes.md        |  165 +++
 .../data/verified_batch_057/group_majors.csv       |  314 +++++
 .../data/verified_batch_057/institutions.csv       |   59 +
 .../verified_batch_057/professional_groups.csv     |   74 ++
 .../data/verified_batch_057/seeds.csv              |  284 ++++
 .../data/verified_batch_057/source_notes.md        |  174 +++
 .../data/verified_batch_058/group_majors.csv       |  322 +++++
 .../data/verified_batch_058/institutions.csv       |   60 +
 .../verified_batch_058/professional_groups.csv     |   76 ++
 .../data/verified_batch_058/seeds.csv              |  291 ++++
 .../data/verified_batch_058/source_notes.md        |  183 +++
 .../data/verified_batch_059/group_majors.csv       |  324 +++++
 .../data/verified_batch_059/institutions.csv       |   61 +
 .../verified_batch_059/professional_groups.csv     |   77 ++
 .../data/verified_batch_059/seeds.csv              |  296 +++++
 .../data/verified_batch_059/source_notes.md        |  192 +++
 .../data/verified_batch_060/group_majors.csv       |  330 +++++
 .../data/verified_batch_060/institutions.csv       |   62 +
 .../verified_batch_060/professional_groups.csv     |   78 ++
 .../data/verified_batch_060/seeds.csv              |  300 +++++
 .../data/verified_batch_060/source_notes.md        |  201 +++
 .../data/verified_batch_061/group_majors.csv       |  331 +++++
 .../data/verified_batch_061/institutions.csv       |   63 +
 .../verified_batch_061/professional_groups.csv     |   79 ++
 .../data/verified_batch_061/seeds.csv              |  305 +++++
 .../data/verified_batch_061/source_notes.md        |  210 +++
 .../data/verified_batch_062/group_majors.csv       |  332 +++++
 .../data/verified_batch_062/institutions.csv       |   64 +
 .../verified_batch_062/professional_groups.csv     |   80 ++
 .../data/verified_batch_062/seeds.csv              |  311 +++++
 .../data/verified_batch_062/source_notes.md        |  219 +++
 .../data/verified_batch_063/group_majors.csv       |  333 +++++
 .../data/verified_batch_063/institutions.csv       |   65 +
 .../verified_batch_063/professional_groups.csv     |   81 ++
 .../data/verified_batch_063/seeds.csv              |  318 +++++
 .../data/verified_batch_063/source_notes.md        |  228 ++++
 .../data/verified_batch_064/group_majors.csv       |  337 +++++
 .../data/verified_batch_064/institutions.csv       |   66 +
 .../verified_batch_064/professional_groups.csv     |   83 ++
 .../data/verified_batch_064/seeds.csv              |  327 +++++
 .../data/verified_batch_064/source_notes.md        |  237 ++++
 .../data/verified_batch_065/group_majors.csv       |  341 +++++
 .../data/verified_batch_065/institutions.csv       |   67 +
 .../verified_batch_065/professional_groups.csv     |   84 ++
 .../data/verified_batch_065/seeds.csv              |  334 +++++
 .../data/verified_batch_065/source_notes.md        |  246 ++++
 .../data/verified_batch_066/group_majors.csv       |  342 +++++
 .../data/verified_batch_066/institutions.csv       |   68 +
 .../verified_batch_066/professional_groups.csv     |   85 ++
 .../data/verified_batch_066/seeds.csv              |  341 +++++
 .../data/verified_batch_066/source_notes.md        |  255 ++++
 .../data/verified_batch_067/group_majors.csv       |  347 +++++
 .../data/verified_batch_067/institutions.csv       |   69 +
 .../verified_batch_067/professional_groups.csv     |   86 ++
 .../data/verified_batch_067/seeds.csv              |  350 +++++
 .../data/verified_batch_067/source_notes.md        |  263 ++++
 .../data/verified_batch_068/group_majors.csv       |  348 +++++
 .../data/verified_batch_068/institutions.csv       |   70 +
 .../verified_batch_068/professional_groups.csv     |   87 ++
 .../data/verified_batch_068/seeds.csv              |  356 +++++
 .../data/verified_batch_068/source_notes.md        |  271 ++++
 .../data/verified_batch_069/group_majors.csv       |  356 +++++
 .../data/verified_batch_069/institutions.csv       |   71 +
 .../verified_batch_069/professional_groups.csv     |   89 ++
 .../data/verified_batch_069/seeds.csv              |  365 +++++
 .../data/verified_batch_069/source_notes.md        |  280 ++++
 .../data/verified_batch_070/group_majors.csv       |  357 +++++
 .../data/verified_batch_070/institutions.csv       |   72 +
 .../verified_batch_070/professional_groups.csv     |   90 ++
 .../data/verified_batch_070/seeds.csv              |  370 ++++++
 .../data/verified_batch_070/source_notes.md        |  289 ++++
 .../data/verified_batch_071/group_majors.csv       |  361 +++++
 .../data/verified_batch_071/institutions.csv       |   73 +
 .../verified_batch_071/professional_groups.csv     |   91 ++
 .../data/verified_batch_071/seeds.csv              |  378 ++++++
 .../data/verified_batch_071/source_notes.md        |  299 +++++
 .../data/verified_batch_072/group_majors.csv       |  365 +++++
 .../data/verified_batch_072/institutions.csv       |   74 ++
 .../verified_batch_072/professional_groups.csv     |   92 ++
 .../data/verified_batch_072/seeds.csv              |  385 ++++++
 .../data/verified_batch_072/source_notes.md        |  309 +++++
 .../data/verified_batch_073/group_majors.csv       |  370 ++++++
 .../data/verified_batch_073/institutions.csv       |   75 ++
 .../verified_batch_073/professional_groups.csv     |   93 ++
 .../data/verified_batch_073/seeds.csv              |  390 ++++++
 .../data/verified_batch_073/source_notes.md        |  318 +++++
 .../data/verified_batch_074/group_majors.csv       |  373 ++++++
 .../data/verified_batch_074/institutions.csv       |   76 ++
 .../verified_batch_074/professional_groups.csv     |   94 ++
 .../data/verified_batch_074/seeds.csv              |  397 ++++++
 .../data/verified_batch_074/source_notes.md        |  327 +++++
 .../data/verified_batch_075/group_majors.csv       |  378 ++++++
 .../data/verified_batch_075/institutions.csv       |   77 ++
 .../verified_batch_075/professional_groups.csv     |   96 ++
 .../data/verified_batch_075/seeds.csv              |  403 ++++++
 .../data/verified_batch_075/source_notes.md        |  336 +++++
 .../data/verified_batch_076/group_majors.csv       |  379 ++++++
 .../data/verified_batch_076/institutions.csv       |   78 ++
 .../verified_batch_076/professional_groups.csv     |   97 ++
 .../data/verified_batch_076/seeds.csv              |  407 ++++++
 .../data/verified_batch_076/source_notes.md        |  345 +++++
 .../data/verified_batch_077/group_majors.csv       |  381 ++++++
 .../data/verified_batch_077/institutions.csv       |   79 ++
 .../verified_batch_077/professional_groups.csv     |   98 ++
 .../data/verified_batch_077/seeds.csv              |  413 ++++++
 .../data/verified_batch_077/source_notes.md        |  354 +++++
 .../data/verified_batch_078/group_majors.csv       |  383 ++++++
 .../data/verified_batch_078/institutions.csv       |   80 ++
 .../verified_batch_078/professional_groups.csv     |  100 ++
 .../data/verified_batch_078/seeds.csv              |  421 ++++++
 .../data/verified_batch_078/source_notes.md        |  364 +++++
 .../data/verified_batch_079/group_majors.csv       |  388 ++++++
 .../data/verified_batch_079/institutions.csv       |   81 ++
 .../verified_batch_079/professional_groups.csv     |  101 ++
 .../data/verified_batch_079/seeds.csv              |  426 ++++++
 .../data/verified_batch_079/source_notes.md        |  373 ++++++
 .../data/verified_batch_080/group_majors.csv       |  389 ++++++
 .../data/verified_batch_080/institutions.csv       |   82 ++
 .../verified_batch_080/professional_groups.csv     |  102 ++
 .../data/verified_batch_080/seeds.csv              |  430 ++++++
 .../data/verified_batch_080/source_notes.md        |  383 ++++++
 .../data/verified_batch_081/candidate_reviews.csv  |    2 +
 .../data/verified_batch_081/group_majors.csv       |  394 ++++++
 .../data/verified_batch_081/institutions.csv       |   83 ++
 .../verified_batch_081/professional_groups.csv     |  103 ++
 .../data/verified_batch_081/seeds.csv              |  435 ++++++
 .../data/verified_batch_081/source_notes.md        |  393 ++++++
 .../data/verified_batch_082/candidate_reviews.csv  |    2 +
 .../data/verified_batch_082/group_majors.csv       |  395 ++++++
 .../data/verified_batch_082/institutions.csv       |   84 ++
 .../verified_batch_082/professional_groups.csv     |  104 ++
 .../data/verified_batch_082/seeds.csv              |  439 ++++++
 .../data/verified_batch_082/source_notes.md        |  403 ++++++
 .../data/verified_batch_083/candidate_reviews.csv  |    2 +
 .../data/verified_batch_083/group_majors.csv       |  400 ++++++
 .../data/verified_batch_083/institutions.csv       |   85 ++
 .../verified_batch_083/professional_groups.csv     |  105 ++
 .../data/verified_batch_083/seeds.csv              |  443 +++++++
 .../data/verified_batch_083/source_notes.md        |  412 ++++++
 .../data/verified_batch_084/candidate_reviews.csv  |    2 +
 .../data/verified_batch_084/group_majors.csv       |  404 ++++++
 .../data/verified_batch_084/institutions.csv       |   86 ++
 .../verified_batch_084/professional_groups.csv     |  106 ++
 .../data/verified_batch_084/seeds.csv              |  448 +++++++
 .../data/verified_batch_084/source_notes.md        |  420 ++++++
 .../data/verified_batch_085/candidate_reviews.csv  |    4 +
 .../data/verified_batch_085/group_majors.csv       |  412 ++++++
 .../data/verified_batch_085/institutions.csv       |   87 ++
 .../verified_batch_085/professional_groups.csv     |  108 ++
 .../data/verified_batch_085/seeds.csv              |  463 +++++++
 .../data/verified_batch_085/source_notes.md        |  430 ++++++
 .../data/verified_batch_086/candidate_reviews.csv  |    4 +
 .../data/verified_batch_086/group_majors.csv       |  416 ++++++
 .../data/verified_batch_086/institutions.csv       |   88 ++
 .../verified_batch_086/professional_groups.csv     |  109 ++
 .../data/verified_batch_086/seeds.csv              |  468 +++++++
 .../data/verified_batch_086/source_notes.md        |  439 ++++++
 .../data/verified_batch_087/candidate_reviews.csv  |    4 +
 .../data/verified_batch_087/group_majors.csv       |  421 ++++++
 .../data/verified_batch_087/institutions.csv       |   89 ++
 .../verified_batch_087/professional_groups.csv     |  110 ++
 .../data/verified_batch_087/seeds.csv              |  476 +++++++
 .../data/verified_batch_087/source_notes.md        |  449 +++++++
 .../data/verified_batch_088/candidate_reviews.csv  |    4 +
 .../data/verified_batch_088/group_majors.csv       |  425 ++++++
 .../data/verified_batch_088/institutions.csv       |   90 ++
 .../verified_batch_088/professional_groups.csv     |  111 ++
 .../data/verified_batch_088/seeds.csv              |  482 +++++++
 .../data/verified_batch_088/source_notes.md        |  458 +++++++
 .../data/verified_batch_089/candidate_reviews.csv  |    4 +
 .../data/verified_batch_089/group_majors.csv       |  430 ++++++
 .../data/verified_batch_089/institutions.csv       |   91 ++
 .../verified_batch_089/professional_groups.csv     |  112 ++
 .../data/verified_batch_089/seeds.csv              |  487 +++++++
 .../data/verified_batch_089/source_notes.md        |  466 +++++++
 .../data/verified_batch_090/candidate_reviews.csv  |    4 +
 .../data/verified_batch_090/group_majors.csv       |  434 ++++++
 .../data/verified_batch_090/institutions.csv       |   92 ++
 .../verified_batch_090/professional_groups.csv     |  113 ++
 .../data/verified_batch_090/seeds.csv              |  495 +++++++
 .../data/verified_batch_090/source_notes.md        |  474 +++++++
 .../data/verified_batch_091/candidate_reviews.csv  |    4 +
 .../data/verified_batch_091/group_majors.csv       |  445 +++++++
 .../data/verified_batch_091/institutions.csv       |   93 ++
 .../verified_batch_091/professional_groups.csv     |  115 ++
 .../data/verified_batch_091/seeds.csv              |  509 +++++++
 .../data/verified_batch_091/source_notes.md        |  483 +++++++
 .../data/verified_batch_092/candidate_reviews.csv  |    4 +
 .../data/verified_batch_092/group_majors.csv       |  446 +++++++
 .../data/verified_batch_092/institutions.csv       |   94 ++
 .../verified_batch_092/professional_groups.csv     |  116 ++
 .../data/verified_batch_092/seeds.csv              |  516 ++++++++
 .../data/verified_batch_092/source_notes.md        |  492 +++++++
 .../data/verified_batch_093/candidate_reviews.csv  |    4 +
 .../data/verified_batch_093/group_majors.csv       |  450 +++++++
 .../data/verified_batch_093/institutions.csv       |   95 ++
 .../verified_batch_093/professional_groups.csv     |  117 ++
 .../data/verified_batch_093/seeds.csv              |  522 ++++++++
 .../data/verified_batch_093/source_notes.md        |  499 +++++++
 .../data/verified_batch_094/candidate_reviews.csv  |    6 +
 .../data/verified_batch_094/group_majors.csv       |  455 +++++++
 .../data/verified_batch_094/institutions.csv       |   96 ++
 .../verified_batch_094/professional_groups.csv     |  118 ++
 .../data/verified_batch_094/seeds.csv              |  528 ++++++++
 .../data/verified_batch_094/source_notes.md        |  506 +++++++
 .../data/verified_batch_095/candidate_reviews.csv  |    6 +
 .../data/verified_batch_095/group_majors.csv       |  457 +++++++
 .../data/verified_batch_095/institutions.csv       |   97 ++
 .../verified_batch_095/professional_groups.csv     |  119 ++
 .../data/verified_batch_095/seeds.csv              |  534 ++++++++
 .../data/verified_batch_095/source_notes.md        |  513 +++++++
 .../data/verified_batch_096/candidate_reviews.csv  |    8 +
 .../data/verified_batch_096/group_majors.csv       |  459 +++++++
 .../data/verified_batch_096/institutions.csv       |   98 ++
 .../verified_batch_096/professional_groups.csv     |  120 ++
 .../data/verified_batch_096/seeds.csv              |  535 ++++++++
 .../data/verified_batch_096/source_notes.md        |  521 ++++++++
 .../data/verified_batch_097/candidate_reviews.csv  |   13 +
 .../data/verified_batch_097/group_majors.csv       |  464 +++++++
 .../data/verified_batch_097/institutions.csv       |   99 ++
 .../verified_batch_097/professional_groups.csv     |  121 ++
 .../data/verified_batch_097/seeds.csv              |  543 ++++++++
 .../data/verified_batch_097/source_notes.md        |  529 ++++++++
 .../data/verified_batch_098/candidate_reviews.csv  |   23 +
 .../data/verified_batch_098/group_majors.csv       |  474 +++++++
 .../data/verified_batch_098/institutions.csv       |  100 ++
 .../verified_batch_098/professional_groups.csv     |  123 ++
 .../data/verified_batch_098/seeds.csv              |  555 ++++++++
 .../data/verified_batch_098/source_notes.md        |  537 ++++++++
 .../data/verified_batch_099/candidate_reviews.csv  |   28 +
 .../data/verified_batch_099/group_majors.csv       |  479 +++++++
 .../data/verified_batch_099/institutions.csv       |  101 ++
 .../verified_batch_099/professional_groups.csv     |  124 ++
 .../data/verified_batch_099/seeds.csv              |  562 ++++++++
 .../data/verified_batch_099/source_notes.md        |  546 ++++++++
 .../data/verified_batch_100/candidate_reviews.csv  |   28 +
 .../data/verified_batch_100/group_majors.csv       |  480 +++++++
 .../data/verified_batch_100/institutions.csv       |  102 ++
 .../verified_batch_100/professional_groups.csv     |  125 ++
 .../data/verified_batch_100/seeds.csv              |  566 ++++++++
 .../data/verified_batch_100/source_notes.md        |  554 ++++++++
 .../data/verified_batch_101/candidate_reviews.csv  |   35 +
 .../data/verified_batch_101/group_majors.csv       |  487 +++++++
 .../data/verified_batch_101/institutions.csv       |  103 ++
 .../verified_batch_101/professional_groups.csv     |  126 ++
 .../data/verified_batch_101/seeds.csv              |  571 ++++++++
 .../data/verified_batch_101/source_notes.md        |  562 ++++++++
 .../data/verified_batch_102/candidate_reviews.csv  |   35 +
 .../data/verified_batch_102/group_majors.csv       |  498 +++++++
 .../data/verified_batch_102/institutions.csv       |  104 ++
 .../verified_batch_102/professional_groups.csv     |  128 ++
 .../data/verified_batch_102/seeds.csv              |  576 ++++++++
 .../data/verified_batch_102/source_notes.md        |  570 ++++++++
 .../data/verified_batch_103/candidate_reviews.csv  |   35 +
 .../data/verified_batch_103/group_majors.csv       |  504 +++++++
 .../data/verified_batch_103/institutions.csv       |  105 ++
 .../verified_batch_103/professional_groups.csv     |  130 ++
 .../data/verified_batch_103/seeds.csv              |  583 ++++++++
 .../data/verified_batch_103/source_notes.md        |  579 ++++++++
 .../data/verified_batch_104/candidate_reviews.csv  |   37 +
 .../data/verified_batch_104/group_majors.csv       |  508 +++++++
 .../data/verified_batch_104/institutions.csv       |  106 ++
 .../verified_batch_104/professional_groups.csv     |  131 ++
 .../data/verified_batch_104/seeds.csv              |  590 +++++++++
 .../data/verified_batch_104/source_notes.md        |  587 ++++++++
 .../data/verified_batch_105/candidate_reviews.csv  |   37 +
 .../data/verified_batch_105/group_majors.csv       |  513 +++++++
 .../data/verified_batch_105/institutions.csv       |  107 ++
 .../verified_batch_105/professional_groups.csv     |  132 ++
 .../data/verified_batch_105/seeds.csv              |  597 +++++++++
 .../data/verified_batch_105/source_notes.md        |  595 +++++++++
 .../data/verified_batch_106/candidate_reviews.csv  |   41 +
 .../data/verified_batch_106/group_majors.csv       |  517 ++++++++
 .../data/verified_batch_106/institutions.csv       |  108 ++
 .../verified_batch_106/professional_groups.csv     |  133 ++
 .../data/verified_batch_106/seeds.csv              |  604 +++++++++
 .../data/verified_batch_106/source_notes.md        |  603 +++++++++
 .../data/verified_batch_107/candidate_reviews.csv  |   47 +
 .../data/verified_batch_107/group_majors.csv       |  523 ++++++++
 .../data/verified_batch_107/institutions.csv       |  109 ++
 .../verified_batch_107/professional_groups.csv     |  134 ++
 .../data/verified_batch_107/seeds.csv              |  612 +++++++++
 .../data/verified_batch_107/source_notes.md        |  611 +++++++++
 .../data/verified_batch_108/candidate_reviews.csv  |   54 +
 .../data/verified_batch_108/group_majors.csv       |  532 ++++++++
 .../data/verified_batch_108/institutions.csv       |  110 ++
 .../verified_batch_108/professional_groups.csv     |  136 ++
 .../data/verified_batch_108/seeds.csv              |  620 +++++++++
 .../data/verified_batch_108/source_notes.md        |  619 +++++++++
 .../data/verified_batch_109/candidate_reviews.csv  |   54 +
 .../data/verified_batch_109/group_majors.csv       |  536 ++++++++
 .../data/verified_batch_109/institutions.csv       |  111 ++
 .../verified_batch_109/professional_groups.csv     |  137 ++
 .../data/verified_batch_109/seeds.csv              |  625 +++++++++
 .../data/verified_batch_109/source_notes.md        |  628 +++++++++
 .../data/verified_batch_110/candidate_reviews.csv  |   54 +
 .../data/verified_batch_110/group_majors.csv       |  540 ++++++++
 .../data/verified_batch_110/institutions.csv       |  112 ++
 .../verified_batch_110/professional_groups.csv     |  138 ++
 .../data/verified_batch_110/seeds.csv              |  631 +++++++++
 .../data/verified_batch_110/source_notes.md        |  637 +++++++++
 .../data/verified_batch_111/candidate_reviews.csv  |   54 +
 .../data/verified_batch_111/group_majors.csv       |  548 ++++++++
 .../data/verified_batch_111/institutions.csv       |  113 ++
 .../verified_batch_111/professional_groups.csv     |  140 ++
 .../data/verified_batch_111/seeds.csv              |  646 +++++++++
 .../data/verified_batch_111/source_notes.md        |  646 +++++++++
 .../data/verified_batch_112/candidate_reviews.csv  |   54 +
 .../data/verified_batch_112/group_majors.csv       |  558 ++++++++
 .../data/verified_batch_112/institutions.csv       |  114 ++
 .../verified_batch_112/professional_groups.csv     |  142 ++
 .../data/verified_batch_112/seeds.csv              |  652 +++++++++
 .../data/verified_batch_112/source_notes.md        |  655 +++++++++
 .../data/verified_batch_113/candidate_reviews.csv  |   60 +
 .../data/verified_batch_113/group_majors.csv       |  564 ++++++++
 .../data/verified_batch_113/institutions.csv       |  115 ++
 .../verified_batch_113/professional_groups.csv     |  143 ++
 .../data/verified_batch_113/seeds.csv              |  656 +++++++++
 .../data/verified_batch_113/source_notes.md        |  662 ++++++++++
 .../data/verified_batch_114/candidate_reviews.csv  |   65 +
 .../data/verified_batch_114/group_majors.csv       |  569 ++++++++
 .../data/verified_batch_114/institutions.csv       |  116 ++
 .../verified_batch_114/professional_groups.csv     |  144 ++
 .../data/verified_batch_114/seeds.csv              |  661 +++++++++
 .../data/verified_batch_114/source_notes.md        |  670 ++++++++++
 .../data/verified_batch_115/candidate_reviews.csv  |   73 +
 .../data/verified_batch_115/group_majors.csv       |  577 ++++++++
 .../data/verified_batch_115/institutions.csv       |  117 ++
 .../verified_batch_115/professional_groups.csv     |  145 ++
 .../data/verified_batch_115/seeds.csv              |  664 ++++++++++
 .../data/verified_batch_115/source_notes.md        |  678 ++++++++++
 .../data/verified_batch_116/candidate_reviews.csv  |   78 ++
 .../data/verified_batch_116/group_majors.csv       |  582 ++++++++
 .../data/verified_batch_116/institutions.csv       |  118 ++
 .../verified_batch_116/professional_groups.csv     |  146 ++
 .../data/verified_batch_116/seeds.csv              |  678 ++++++++++
 .../data/verified_batch_116/source_notes.md        |  686 ++++++++++
 .../data/verified_batch_117/candidate_reviews.csv  |   83 ++
 .../data/verified_batch_117/group_majors.csv       |  587 ++++++++
 .../data/verified_batch_117/institutions.csv       |  119 ++
 .../verified_batch_117/professional_groups.csv     |  147 ++
 .../data/verified_batch_117/seeds.csv              |  681 ++++++++++
 .../data/verified_batch_117/source_notes.md        |  694 ++++++++++
 .../data/verified_batch_118/candidate_reviews.csv  |   88 ++
 .../data/verified_batch_118/group_majors.csv       |  592 +++++++++
 .../data/verified_batch_118/institutions.csv       |  120 ++
 .../verified_batch_118/professional_groups.csv     |  148 +++
 .../data/verified_batch_118/seeds.csv              |  689 ++++++++++
 .../data/verified_batch_118/source_notes.md        |  702 ++++++++++
 .../data/verified_batch_119/candidate_reviews.csv  |   94 ++
 .../data/verified_batch_119/group_majors.csv       |  598 +++++++++
 .../data/verified_batch_119/institutions.csv       |  121 ++
 .../verified_batch_119/professional_groups.csv     |  149 +++
 .../data/verified_batch_119/seeds.csv              |  699 ++++++++++
 .../data/verified_batch_119/source_notes.md        |  702 ++++++++++
 .../data/verified_batch_120/candidate_reviews.csv  |   99 ++
 .../data/verified_batch_120/group_majors.csv       |  603 +++++++++
 .../data/verified_batch_120/institutions.csv       |  122 ++
 .../verified_batch_120/professional_groups.csv     |  150 +++
 .../data/verified_batch_120/seeds.csv              |  709 ++++++++++
 .../data/verified_batch_120/source_notes.md        |  714 ++++++++++
 .../data/verified_batch_121/candidate_reviews.csv  |   99 ++
 .../data/verified_batch_121/group_majors.csv       |  608 +++++++++
 .../data/verified_batch_121/institutions.csv       |  123 ++
 .../verified_batch_121/professional_groups.csv     |  151 +++
 .../data/verified_batch_121/seeds.csv              |  710 ++++++++++
 .../data/verified_batch_121/source_notes.md        |  720 ++++++++++
 .../data/verified_batch_122/candidate_reviews.csv  |  110 ++
 .../data/verified_batch_122/group_majors.csv       |  619 +++++++++
 .../data/verified_batch_122/institutions.csv       |  124 ++
 .../verified_batch_122/professional_groups.csv     |  153 +++
 .../data/verified_batch_122/seeds.csv              |  712 ++++++++++
 .../data/verified_batch_122/source_notes.md        |  726 ++++++++++
 .../data/verified_batch_123/candidate_reviews.csv  |  110 ++
 .../data/verified_batch_123/group_majors.csv       |  622 +++++++++
 .../data/verified_batch_123/institutions.csv       |  125 ++
 .../verified_batch_123/professional_groups.csv     |  154 +++
 .../data/verified_batch_123/seeds.csv              |  715 ++++++++++
 .../data/verified_batch_123/source_notes.md        |  732 ++++++++++
 .../data/verified_batch_124/candidate_reviews.csv  |  110 ++
 .../data/verified_batch_124/group_majors.csv       |  634 +++++++++
 .../data/verified_batch_124/institutions.csv       |  126 ++
 .../verified_batch_124/professional_groups.csv     |  156 +++
 .../data/verified_batch_124/seeds.csv              |  717 ++++++++++
 .../data/verified_batch_124/source_notes.md        |  739 +++++++++++
 .../data/verified_batch_125/candidate_reviews.csv  |  110 ++
 .../data/verified_batch_125/group_majors.csv       |  643 +++++++++
 .../data/verified_batch_125/institutions.csv       |  127 ++
 .../verified_batch_125/professional_groups.csv     |  158 +++
 .../data/verified_batch_125/seeds.csv              |  722 ++++++++++
 .../data/verified_batch_125/source_notes.md        |  746 +++++++++++
 .../data/verified_batch_126/candidate_reviews.csv  |  110 ++
 .../data/verified_batch_126/group_majors.csv       |  646 +++++++++
 .../data/verified_batch_126/institutions.csv       |  128 ++
 .../verified_batch_126/professional_groups.csv     |  159 +++
 .../data/verified_batch_126/seeds.csv              |  728 ++++++++++
 .../data/verified_batch_126/source_notes.md        |  753 +++++++++++
 .../data/verified_batch_127/candidate_reviews.csv  |  110 ++
 .../data/verified_batch_127/group_majors.csv       |  647 +++++++++
 .../data/verified_batch_127/institutions.csv       |  129 ++
 .../verified_batch_127/professional_groups.csv     |  160 +++
 .../data/verified_batch_127/seeds.csv              |  735 ++++++++++
 .../data/verified_batch_127/source_notes.md        |  760 +++++++++++
 .../data/verified_batch_128/candidate_reviews.csv  |  110 ++
 .../data/verified_batch_128/group_majors.csv       |  650 +++++++++
 .../data/verified_batch_128/institutions.csv       |  130 ++
 .../verified_batch_128/professional_groups.csv     |  161 +++
 .../data/verified_batch_128/seeds.csv              |  743 +++++++++++
 .../data/verified_batch_128/source_notes.md        |  767 +++++++++++
 .../data/verified_batch_129/candidate_reviews.csv  |  110 ++
 .../data/verified_batch_129/group_majors.csv       |  653 +++++++++
 .../data/verified_batch_129/institutions.csv       |  131 ++
 .../verified_batch_129/professional_groups.csv     |  162 +++
 .../data/verified_batch_129/seeds.csv              |  749 +++++++++++
 .../data/verified_batch_129/source_notes.md        |  774 +++++++++++
 .../data/verified_batch_130/candidate_reviews.csv  |  113 ++
 .../data/verified_batch_130/group_majors.csv       |  656 +++++++++
 .../data/verified_batch_130/institutions.csv       |  132 ++
 .../verified_batch_130/professional_groups.csv     |  163 +++
 .../data/verified_batch_130/seeds.csv              |  757 +++++++++++
 .../data/verified_batch_130/source_notes.md        |  780 +++++++++++
 .../data/verified_batch_131/candidate_reviews.csv  |  113 ++
 .../data/verified_batch_131/group_majors.csv       |  659 +++++++++
 .../data/verified_batch_131/institutions.csv       |  133 ++
 .../verified_batch_131/professional_groups.csv     |  164 +++
 .../data/verified_batch_131/seeds.csv              |  765 +++++++++++
 .../data/verified_batch_131/source_notes.md        |  787 +++++++++++
 .../data/verified_batch_132/candidate_reviews.csv  |  113 ++
 .../data/verified_batch_132/group_majors.csv       |  666 ++++++++++
 .../data/verified_batch_132/institutions.csv       |  134 ++
 .../verified_batch_132/professional_groups.csv     |  165 +++
 .../data/verified_batch_132/seeds.csv              |  772 +++++++++++
 .../data/verified_batch_132/source_notes.md        |  794 +++++++++++
 .../data/verified_batch_133/candidate_reviews.csv  |  113 ++
 .../data/verified_batch_133/group_majors.csv       |  668 ++++++++++
 .../data/verified_batch_133/institutions.csv       |  135 ++
 .../verified_batch_133/professional_groups.csv     |  167 +++
 .../data/verified_batch_133/seeds.csv              |  780 +++++++++++
 .../data/verified_batch_133/source_notes.md        |  801 +++++++++++
 .../data/verified_batch_134/candidate_reviews.csv  |  113 ++
 .../data/verified_batch_134/group_majors.csv       |  673 ++++++++++
 .../data/verified_batch_134/institutions.csv       |  136 ++
 .../verified_batch_134/professional_groups.csv     |  169 +++
 .../data/verified_batch_134/seeds.csv              |  792 +++++++++++
 .../data/verified_batch_134/source_notes.md        |  808 +++++++++++
 .../data/verified_batch_135/candidate_reviews.csv  |  113 ++
 .../data/verified_batch_135/group_majors.csv       |  678 ++++++++++
 .../data/verified_batch_135/institutions.csv       |  137 ++
 .../verified_batch_135/professional_groups.csv     |  170 +++
 .../data/verified_batch_135/seeds.csv              |  794 +++++++++++
 .../data/verified_batch_135/source_notes.md        |  815 ++++++++++++
 .../data/verified_batch_136/candidate_reviews.csv  |  113 ++
 .../data/verified_batch_136/group_majors.csv       |  683 ++++++++++
 .../data/verified_batch_136/institutions.csv       |  138 ++
 .../verified_batch_136/professional_groups.csv     |  171 +++
 .../data/verified_batch_136/seeds.csv              |  802 +++++++++++
 .../data/verified_batch_136/source_notes.md        |  822 ++++++++++++
 .../data/verified_batch_137/candidate_reviews.csv  |  118 ++
 .../data/verified_batch_137/group_majors.csv       |  688 ++++++++++
 .../data/verified_batch_137/institutions.csv       |  139 ++
 .../verified_batch_137/professional_groups.csv     |  172 +++
 .../data/verified_batch_137/seeds.csv              |  805 +++++++++++
 .../data/verified_batch_137/source_notes.md        |  827 ++++++++++++
 .../data/verified_batch_138/candidate_reviews.csv  |  118 ++
 .../data/verified_batch_138/group_majors.csv       |  693 ++++++++++
 .../data/verified_batch_138/institutions.csv       |  140 ++
 .../verified_batch_138/professional_groups.csv     |  173 +++
 .../data/verified_batch_138/seeds.csv              |  810 ++++++++++++
 .../data/verified_batch_138/source_notes.md        |  833 ++++++++++++
 .../data/verified_batch_139/candidate_reviews.csv  |  118 ++
 .../data/verified_batch_139/group_majors.csv       |  700 ++++++++++
 .../data/verified_batch_139/institutions.csv       |  141 ++
 .../verified_batch_139/professional_groups.csv     |  174 +++
 .../data/verified_batch_139/seeds.csv              |  816 ++++++++++++
 .../data/verified_batch_139/source_notes.md        |  839 ++++++++++++
 .../data/verified_batch_140/candidate_reviews.csv  |  118 ++
 .../data/verified_batch_140/group_majors.csv       |  706 ++++++++++
 .../data/verified_batch_140/institutions.csv       |  142 ++
 .../verified_batch_140/professional_groups.csv     |  175 +++
 .../data/verified_batch_140/seeds.csv              |  820 ++++++++++++
 .../data/verified_batch_140/source_notes.md        |  845 ++++++++++++
 .../data/verified_batch_141/candidate_reviews.csv  |  124 ++
 .../data/verified_batch_141/group_majors.csv       |  712 ++++++++++
 .../data/verified_batch_141/institutions.csv       |  143 ++
 .../verified_batch_141/professional_groups.csv     |  176 +++
 .../data/verified_batch_141/seeds.csv              |  825 ++++++++++++
 .../data/verified_batch_141/source_notes.md        |  851 ++++++++++++
 .../data/verified_batch_142/candidate_reviews.csv  |  128 ++
 .../data/verified_batch_142/group_majors.csv       |  716 ++++++++++
 .../data/verified_batch_142/institutions.csv       |  144 ++
 .../verified_batch_142/professional_groups.csv     |  177 +++
 .../data/verified_batch_142/seeds.csv              |  833 ++++++++++++
 .../data/verified_batch_142/source_notes.md        |  857 ++++++++++++
 .../data/verified_batch_143/candidate_reviews.csv  |  138 ++
 .../data/verified_batch_143/group_majors.csv       |  726 ++++++++++
 .../data/verified_batch_143/institutions.csv       |  145 ++
 .../verified_batch_143/professional_groups.csv     |  179 +++
 .../data/verified_batch_143/seeds.csv              |  845 ++++++++++++
 .../data/verified_batch_143/source_notes.md        |  864 ++++++++++++
 .../data/verified_batch_144/candidate_reviews.csv  |  142 ++
 .../data/verified_batch_144/group_majors.csv       |  730 ++++++++++
 .../data/verified_batch_144/institutions.csv       |  146 ++
 .../verified_batch_144/professional_groups.csv     |  180 +++
 .../data/verified_batch_144/seeds.csv              |  849 ++++++++++++
 .../data/verified_batch_144/source_notes.md        |  871 ++++++++++++
 .../data/verified_batch_145/candidate_reviews.csv  |  147 ++
 .../data/verified_batch_145/group_majors.csv       |  735 ++++++++++
 .../data/verified_batch_145/institutions.csv       |  147 ++
 .../verified_batch_145/professional_groups.csv     |  181 +++
 .../data/verified_batch_145/seeds.csv              |  857 ++++++++++++
 .../data/verified_batch_145/source_notes.md        |  877 ++++++++++++
 .../data/verified_batch_146/candidate_reviews.csv  |  147 ++
 .../data/verified_batch_146/group_majors.csv       |  744 +++++++++++
 .../data/verified_batch_146/institutions.csv       |  148 +++
 .../verified_batch_146/professional_groups.csv     |  183 +++
 .../data/verified_batch_146/seeds.csv              |  865 ++++++++++++
 .../data/verified_batch_146/source_notes.md        |  885 +++++++++++++
 .../data/verified_batch_147/candidate_reviews.csv  |  147 ++
 .../data/verified_batch_147/group_majors.csv       |  748 +++++++++++
 .../data/verified_batch_147/institutions.csv       |  149 +++
 .../verified_batch_147/professional_groups.csv     |  184 +++
 .../data/verified_batch_147/seeds.csv              |  872 ++++++++++++
 .../data/verified_batch_147/source_notes.md        |  892 +++++++++++++
 .../data/verified_batch_148/candidate_reviews.csv  |  152 +++
 .../data/verified_batch_148/group_majors.csv       |  753 +++++++++++
 .../data/verified_batch_148/institutions.csv       |  150 +++
 .../verified_batch_148/professional_groups.csv     |  185 +++
 .../data/verified_batch_148/seeds.csv              |  881 ++++++++++++
 .../data/verified_batch_148/source_notes.md        |  899 +++++++++++++
 .../data/verified_batch_149/candidate_reviews.csv  |  153 +++
 .../data/verified_batch_149/group_majors.csv       |  754 +++++++++++
 .../data/verified_batch_149/institutions.csv       |  151 +++
 .../verified_batch_149/professional_groups.csv     |  186 +++
 .../data/verified_batch_149/seeds.csv              |  887 +++++++++++++
 .../data/verified_batch_149/source_notes.md        |  905 +++++++++++++
 .../data/verified_batch_150/candidate_reviews.csv  |  155 +++
 .../data/verified_batch_150/group_majors.csv       |  765 +++++++++++
 .../data/verified_batch_150/institutions.csv       |  152 +++
 .../verified_batch_150/professional_groups.csv     |  188 +++
 .../data/verified_batch_150/seeds.csv              |  898 +++++++++++++
 .../data/verified_batch_150/source_notes.md        |  911 +++++++++++++
 .../data/verified_batch_151/candidate_reviews.csv  |  160 +++
 .../data/verified_batch_151/group_majors.csv       |  770 +++++++++++
 .../data/verified_batch_151/institutions.csv       |  153 +++
 .../verified_batch_151/professional_groups.csv     |  189 +++
 .../data/verified_batch_151/seeds.csv              |  903 +++++++++++++
 .../data/verified_batch_151/source_notes.md        |  917 +++++++++++++
 .../data/verified_batch_152/candidate_reviews.csv  |  165 +++
 .../data/verified_batch_152/group_majors.csv       |  775 +++++++++++
 .../data/verified_batch_152/institutions.csv       |  154 +++
 .../verified_batch_152/professional_groups.csv     |  190 +++
 .../data/verified_batch_152/seeds.csv              |  912 +++++++++++++
 .../data/verified_batch_152/source_notes.md        |  923 +++++++++++++
 .../data/verified_batch_153/candidate_reviews.csv  |  170 +++
 .../data/verified_batch_153/group_majors.csv       |  780 +++++++++++
 .../data/verified_batch_153/institutions.csv       |  155 +++
 .../verified_batch_153/professional_groups.csv     |  191 +++
 .../data/verified_batch_153/seeds.csv              |  916 +++++++++++++
 .../data/verified_batch_153/source_notes.md        |  929 +++++++++++++
 .../data/verified_batch_154/candidate_reviews.csv  |  170 +++
 .../data/verified_batch_154/group_majors.csv       |  784 +++++++++++
 .../data/verified_batch_154/institutions.csv       |  156 +++
 .../verified_batch_154/professional_groups.csv     |  192 +++
 .../data/verified_batch_154/seeds.csv              |  919 +++++++++++++
 .../data/verified_batch_154/source_notes.md        |  935 +++++++++++++
 .../data/verified_batch_155/candidate_reviews.csv  |  170 +++
 .../data/verified_batch_155/group_majors.csv       |  786 +++++++++++
 .../data/verified_batch_155/institutions.csv       |  157 +++
 .../verified_batch_155/professional_groups.csv     |  194 +++
 .../data/verified_batch_155/seeds.csv              |  924 +++++++++++++
 .../data/verified_batch_155/source_notes.md        |  941 +++++++++++++
 .../data/verified_batch_156/candidate_reviews.csv  |  174 +++
 .../data/verified_batch_156/group_majors.csv       |  788 +++++++++++
 .../data/verified_batch_156/institutions.csv       |  158 +++
 .../verified_batch_156/professional_groups.csv     |  196 +++
 .../data/verified_batch_156/seeds.csv              |  933 +++++++++++++
 .../data/verified_batch_156/source_notes.md        |  947 +++++++++++++
 .../data/verified_batch_157/candidate_reviews.csv  |  183 +++
 .../data/verified_batch_157/group_majors.csv       |  797 +++++++++++
 .../data/verified_batch_157/institutions.csv       |  159 +++
 .../verified_batch_157/professional_groups.csv     |  198 +++
 .../data/verified_batch_157/seeds.csv              |  937 +++++++++++++
 .../data/verified_batch_157/source_notes.md        |  953 +++++++++++++
 .../data/verified_batch_158/candidate_reviews.csv  |  190 +++
 .../data/verified_batch_158/group_majors.csv       |  804 +++++++++++
 .../data/verified_batch_158/institutions.csv       |  160 +++
 .../verified_batch_158/professional_groups.csv     |  200 +++
 .../data/verified_batch_158/seeds.csv              |  943 +++++++++++++
 .../data/verified_batch_158/source_notes.md        |  959 ++++++++++++++
 .../data/verified_batch_159/candidate_reviews.csv  |  202 +++
 .../data/verified_batch_159/group_majors.csv       |  813 ++++++++++++
 .../data/verified_batch_159/institutions.csv       |  161 +++
 .../verified_batch_159/professional_groups.csv     |  202 +++
 .../data/verified_batch_159/seeds.csv              |  952 +++++++++++++
 .../data/verified_batch_159/source_notes.md        |  967 ++++++++++++++
 .../data/verified_batch_160/candidate_reviews.csv  |  202 +++
 .../data/verified_batch_160/group_majors.csv       |  822 ++++++++++++
 .../data/verified_batch_160/institutions.csv       |  162 +++
 .../verified_batch_160/professional_groups.csv     |  204 +++
 .../data/verified_batch_160/seeds.csv              |  957 ++++++++++++++
 .../data/verified_batch_160/source_notes.md        |  973 ++++++++++++++
 .../data/verified_batch_161/candidate_reviews.csv  |  227 ++++
 .../data/verified_batch_161/group_majors.csv       |  827 ++++++++++++
 .../data/verified_batch_161/institutions.csv       |  163 +++
 .../verified_batch_161/professional_groups.csv     |  205 +++
 .../data/verified_batch_161/seeds.csv              |  966 ++++++++++++++
 .../data/verified_batch_161/source_notes.md        |  979 ++++++++++++++
 .../data/verified_batch_162/candidate_reviews.csv  |  233 ++++
 .../data/verified_batch_162/group_majors.csv       |  830 ++++++++++++
 .../data/verified_batch_162/institutions.csv       |  164 +++
 .../verified_batch_162/professional_groups.csv     |  206 +++
 .../data/verified_batch_162/seeds.csv              |  974 ++++++++++++++
 .../data/verified_batch_162/source_notes.md        |  985 ++++++++++++++
 .../data/verified_batch_163/candidate_reviews.csv  |  240 ++++
 .../data/verified_batch_163/group_majors.csv       |  837 ++++++++++++
 .../data/verified_batch_163/institutions.csv       |  165 +++
 .../verified_batch_163/professional_groups.csv     |  207 +++
 .../data/verified_batch_163/seeds.csv              |  981 ++++++++++++++
 .../data/verified_batch_163/source_notes.md        |  991 ++++++++++++++
 .../data/verified_batch_164/candidate_reviews.csv  |  251 ++++
 .../data/verified_batch_164/group_majors.csv       |  847 ++++++++++++
 .../data/verified_batch_164/institutions.csv       |  166 +++
 .../verified_batch_164/professional_groups.csv     |  209 +++
 .../data/verified_batch_164/seeds.csv              |  987 ++++++++++++++
 .../data/verified_batch_164/source_notes.md        |  997 ++++++++++++++
 .../data/verified_batch_165/candidate_reviews.csv  |  252 ++++
 .../data/verified_batch_165/group_majors.csv       |  848 ++++++++++++
 .../data/verified_batch_165/institutions.csv       |  167 +++
 .../verified_batch_165/professional_groups.csv     |  210 +++
 .../data/verified_batch_165/seeds.csv              |  994 ++++++++++++++
 .../data/verified_batch_165/source_notes.md        | 1003 ++++++++++++++
 .../data/verified_batch_166/candidate_reviews.csv  |  260 ++++
 .../data/verified_batch_166/group_majors.csv       |  852 ++++++++++++
 .../data/verified_batch_166/institutions.csv       |  168 +++
 .../verified_batch_166/professional_groups.csv     |  211 +++
 .../data/verified_batch_166/seeds.csv              | 1005 ++++++++++++++
 .../data/verified_batch_166/source_notes.md        | 1009 ++++++++++++++
 .../data/verified_batch_167/candidate_reviews.csv  |  265 ++++
 .../data/verified_batch_167/group_majors.csv       |  854 ++++++++++++
 .../data/verified_batch_167/institutions.csv       |  169 +++
 .../verified_batch_167/professional_groups.csv     |  213 +++
 .../data/verified_batch_167/seeds.csv              | 1014 ++++++++++++++
 .../data/verified_batch_167/source_notes.md        | 1015 ++++++++++++++
 .../data/verified_batch_168/candidate_reviews.csv  |  272 ++++
 .../data/verified_batch_168/group_majors.csv       |  858 ++++++++++++
 .../data/verified_batch_168/institutions.csv       |  170 +++
 .../verified_batch_168/professional_groups.csv     |  214 +++
 .../data/verified_batch_168/seeds.csv              | 1026 ++++++++++++++
 .../data/verified_batch_168/source_notes.md        | 1021 ++++++++++++++
 .../data/verified_batch_169/candidate_reviews.csv  |  276 ++++
 .../data/verified_batch_169/group_majors.csv       |  862 ++++++++++++
 .../data/verified_batch_169/institutions.csv       |  171 +++
 .../verified_batch_169/professional_groups.csv     |  215 +++
 .../data/verified_batch_169/seeds.csv              | 1033 +++++++++++++++
 .../data/verified_batch_169/source_notes.md        | 1028 ++++++++++++++
 .../data/verified_batch_170/candidate_reviews.csv  |  282 ++++
 .../data/verified_batch_170/group_majors.csv       |  868 ++++++++++++
 .../data/verified_batch_170/institutions.csv       |  172 +++
 .../verified_batch_170/professional_groups.csv     |  216 +++
 .../data/verified_batch_170/seeds.csv              | 1049 +++++++++++++++
 .../data/verified_batch_170/source_notes.md        | 1035 +++++++++++++++
 .../data/verified_batch_171/candidate_reviews.csv  |  286 ++++
 .../data/verified_batch_171/group_majors.csv       |  872 ++++++++++++
 .../data/verified_batch_171/institutions.csv       |  173 +++
 .../verified_batch_171/professional_groups.csv     |  217 +++
 .../data/verified_batch_171/seeds.csv              | 1056 +++++++++++++++
 .../data/verified_batch_171/source_notes.md        | 1041 +++++++++++++++
 .../data/verified_batch_172/candidate_reviews.csv  |  291 ++++
 .../data/verified_batch_172/group_majors.csv       |  877 ++++++++++++
 .../data/verified_batch_172/institutions.csv       |  174 +++
 .../verified_batch_172/professional_groups.csv     |  218 +++
 .../data/verified_batch_172/seeds.csv              | 1062 +++++++++++++++
 .../data/verified_batch_172/source_notes.md        | 1047 +++++++++++++++
 .../data/verified_batch_173/candidate_reviews.csv  |  296 +++++
 .../data/verified_batch_173/group_majors.csv       |  882 ++++++++++++
 .../data/verified_batch_173/institutions.csv       |  175 +++
 .../verified_batch_173/professional_groups.csv     |  219 +++
 .../data/verified_batch_173/seeds.csv              | 1067 +++++++++++++++
 .../data/verified_batch_173/source_notes.md        | 1053 +++++++++++++++
 .../data/verified_batch_174/candidate_reviews.csv  |  301 +++++
 .../data/verified_batch_174/group_majors.csv       |  887 +++++++++++++
 .../data/verified_batch_174/institutions.csv       |  176 +++
 .../verified_batch_174/professional_groups.csv     |  220 +++
 .../data/verified_batch_174/seeds.csv              | 1071 +++++++++++++++
 .../data/verified_batch_174/source_notes.md        | 1059 +++++++++++++++
 .../data/verified_batch_175/candidate_reviews.csv  |  305 +++++
 .../data/verified_batch_175/group_majors.csv       |  891 +++++++++++++
 .../data/verified_batch_175/institutions.csv       |  177 +++
 .../verified_batch_175/professional_groups.csv     |  221 ++++
 .../data/verified_batch_175/seeds.csv              | 1074 +++++++++++++++
 .../data/verified_batch_175/source_notes.md        | 1066 +++++++++++++++
 .../data/verified_batch_176/candidate_reviews.csv  |  310 +++++
 .../data/verified_batch_176/group_majors.csv       |  896 +++++++++++++
 .../data/verified_batch_176/institutions.csv       |  178 +++
 .../verified_batch_176/professional_groups.csv     |  222 ++++
 .../data/verified_batch_176/seeds.csv              | 1080 +++++++++++++++
 .../data/verified_batch_176/source_notes.md        | 1074 +++++++++++++++
 .../data/verified_batch_177/candidate_reviews.csv  |  314 +++++
 .../data/verified_batch_177/group_majors.csv       |  900 +++++++++++++
 .../data/verified_batch_177/institutions.csv       |  179 +++
 .../verified_batch_177/professional_groups.csv     |  223 ++++
 .../data/verified_batch_177/seeds.csv              | 1088 +++++++++++++++
 .../data/verified_batch_177/source_notes.md        | 1080 +++++++++++++++
 .../data/verified_batch_178/candidate_reviews.csv  |  314 +++++
 .../data/verified_batch_178/group_majors.csv       |  904 +++++++++++++
 .../data/verified_batch_178/institutions.csv       |  180 +++
 .../verified_batch_178/professional_groups.csv     |  224 ++++
 .../data/verified_batch_178/seeds.csv              | 1091 +++++++++++++++
 .../data/verified_batch_178/source_notes.md        | 1087 +++++++++++++++
 .../data/verified_batch_179/candidate_reviews.csv  |  314 +++++
 .../data/verified_batch_179/group_majors.csv       |  913 +++++++++++++
 .../data/verified_batch_179/institutions.csv       |  181 +++
 .../verified_batch_179/professional_groups.csv     |  226 ++++
 .../data/verified_batch_179/seeds.csv              | 1098 +++++++++++++++
 .../data/verified_batch_179/source_notes.md        | 1093 +++++++++++++++
 .../data/verified_batch_180/candidate_reviews.csv  |  314 +++++
 .../data/verified_batch_180/group_majors.csv       |  921 +++++++++++++
 .../data/verified_batch_180/institutions.csv       |  182 +++
 .../verified_batch_180/professional_groups.csv     |  228 ++++
 .../data/verified_batch_180/seeds.csv              | 1104 ++++++++++++++++
 .../data/verified_batch_180/source_notes.md        | 1100 +++++++++++++++
 .../data/verified_batch_181/candidate_reviews.csv  |  314 +++++
 .../data/verified_batch_181/group_majors.csv       |  926 +++++++++++++
 .../data/verified_batch_181/institutions.csv       |  183 +++
 .../verified_batch_181/professional_groups.csv     |  229 ++++
 .../data/verified_batch_181/seeds.csv              | 1109 ++++++++++++++++
 .../data/verified_batch_181/source_notes.md        | 1106 ++++++++++++++++
 .../data/verified_batch_182/candidate_reviews.csv  |  319 +++++
 .../data/verified_batch_182/group_majors.csv       |  931 +++++++++++++
 .../data/verified_batch_182/institutions.csv       |  184 +++
 .../verified_batch_182/professional_groups.csv     |  230 ++++
 .../data/verified_batch_182/seeds.csv              | 1112 ++++++++++++++++
 .../data/verified_batch_182/source_notes.md        | 1112 ++++++++++++++++
 .../data/verified_batch_183/candidate_reviews.csv  |  324 +++++
 .../data/verified_batch_183/group_majors.csv       |  936 +++++++++++++
 .../data/verified_batch_183/institutions.csv       |  185 +++
 .../verified_batch_183/professional_groups.csv     |  231 ++++
 .../data/verified_batch_183/seeds.csv              | 1117 ++++++++++++++++
 .../data/verified_batch_183/source_notes.md        | 1118 ++++++++++++++++
 .../data/verified_batch_184/candidate_reviews.csv  |  329 +++++
 .../data/verified_batch_184/group_majors.csv       |  941 +++++++++++++
 .../data/verified_batch_184/institutions.csv       |  186 +++
 .../verified_batch_184/professional_groups.csv     |  232 ++++
 .../data/verified_batch_184/seeds.csv              | 1122 ++++++++++++++++
 .../data/verified_batch_184/source_notes.md        | 1124 ++++++++++++++++
 .../data/verified_batch_185/candidate_reviews.csv  |  336 +++++
 .../data/verified_batch_185/group_majors.csv       |  948 +++++++++++++
 .../data/verified_batch_185/institutions.csv       |  187 +++
 .../verified_batch_185/professional_groups.csv     |  233 ++++
 .../data/verified_batch_185/seeds.csv              | 1128 ++++++++++++++++
 .../data/verified_batch_185/source_notes.md        | 1130 ++++++++++++++++
 .../data/verified_batch_186/candidate_reviews.csv  |  336 +++++
 .../data/verified_batch_186/group_majors.csv       |  956 ++++++++++++++
 .../data/verified_batch_186/institutions.csv       |  188 +++
 .../verified_batch_186/professional_groups.csv     |  235 ++++
 .../data/verified_batch_186/seeds.csv              | 1135 ++++++++++++++++
 .../data/verified_batch_186/source_notes.md        | 1136 ++++++++++++++++
 .../data/verified_batch_187/candidate_reviews.csv  |  336 +++++
 .../data/verified_batch_187/group_majors.csv       |  959 ++++++++++++++
 .../data/verified_batch_187/institutions.csv       |  189 +++
 .../verified_batch_187/professional_groups.csv     |  236 ++++
 .../data/verified_batch_187/seeds.csv              | 1140 ++++++++++++++++
 .../data/verified_batch_187/source_notes.md        | 1142 ++++++++++++++++
 .../data/verified_batch_188/candidate_reviews.csv  |  346 +++++
 .../data/verified_batch_188/group_majors.csv       |  969 ++++++++++++++
 .../data/verified_batch_188/institutions.csv       |  190 +++
 .../verified_batch_188/professional_groups.csv     |  238 ++++
 .../data/verified_batch_188/seeds.csv              | 1145 ++++++++++++++++
 .../data/verified_batch_188/source_notes.md        | 1148 ++++++++++++++++
 .../data/verified_batch_189/candidate_reviews.csv  |  357 +++++
 .../data/verified_batch_189/group_majors.csv       |  980 ++++++++++++++
 .../data/verified_batch_189/institutions.csv       |  191 +++
 .../verified_batch_189/professional_groups.csv     |  240 ++++
 .../data/verified_batch_189/seeds.csv              | 1155 ++++++++++++++++
 .../data/verified_batch_189/source_notes.md        | 1155 ++++++++++++++++
 .../data/verified_batch_190/candidate_reviews.csv  |  360 +++++
 .../data/verified_batch_190/group_majors.csv       |  983 ++++++++++++++
 .../data/verified_batch_190/institutions.csv       |  192 +++
 .../verified_batch_190/professional_groups.csv     |  241 ++++
 .../data/verified_batch_190/seeds.csv              | 1164 ++++++++++++++++
 .../data/verified_batch_190/source_notes.md        | 1162 ++++++++++++++++
 .../data/verified_batch_191/candidate_reviews.csv  |  365 +++++
 .../data/verified_batch_191/group_majors.csv       |  988 ++++++++++++++
 .../data/verified_batch_191/institutions.csv       |  193 +++
 .../verified_batch_191/professional_groups.csv     |  242 ++++
 .../data/verified_batch_191/seeds.csv              | 1170 ++++++++++++++++
 .../data/verified_batch_191/source_notes.md        | 1169 ++++++++++++++++
 .../data/verified_batch_192/candidate_reviews.csv  |  370 ++++++
 .../data/verified_batch_192/group_majors.csv       |  993 ++++++++++++++
 .../data/verified_batch_192/institutions.csv       |  194 +++
 .../verified_batch_192/professional_groups.csv     |  243 ++++
 .../data/verified_batch_192/seeds.csv              | 1176 ++++++++++++++++
 .../data/verified_batch_192/source_notes.md        | 1177 +++++++++++++++++
 .../data/verified_batch_193/candidate_reviews.csv  |  375 ++++++
 .../data/verified_batch_193/group_majors.csv       |  998 ++++++++++++++
 .../data/verified_batch_193/institutions.csv       |  195 +++
 .../verified_batch_193/professional_groups.csv     |  244 ++++
 .../data/verified_batch_193/seeds.csv              | 1180 +++++++++++++++++
 .../data/verified_batch_193/source_notes.md        | 1183 +++++++++++++++++
 .../data/verified_batch_194/candidate_reviews.csv  |  376 ++++++
 .../data/verified_batch_194/group_majors.csv       |  999 ++++++++++++++
 .../data/verified_batch_194/institutions.csv       |  196 +++
 .../verified_batch_194/professional_groups.csv     |  245 ++++
 .../data/verified_batch_194/seeds.csv              | 1184 +++++++++++++++++
 .../data/verified_batch_194/source_notes.md        | 1190 +++++++++++++++++
 .../data/verified_batch_195/candidate_reviews.csv  |  379 ++++++
 .../data/verified_batch_195/group_majors.csv       | 1002 ++++++++++++++
 .../data/verified_batch_195/institutions.csv       |  197 +++
 .../verified_batch_195/professional_groups.csv     |  246 ++++
 .../data/verified_batch_195/seeds.csv              | 1192 +++++++++++++++++
 .../data/verified_batch_195/source_notes.md        | 1197 +++++++++++++++++
 .../data/verified_batch_196/candidate_reviews.csv  |  382 ++++++
 .../data/verified_batch_196/group_majors.csv       | 1005 ++++++++++++++
 .../data/verified_batch_196/institutions.csv       |  198 +++
 .../verified_batch_196/professional_groups.csv     |  247 ++++
 .../data/verified_batch_196/seeds.csv              | 1200 +++++++++++++++++
 .../data/verified_batch_196/source_notes.md        | 1205 +++++++++++++++++
 .../data/verified_batch_197/candidate_reviews.csv  |  387 ++++++
 .../data/verified_batch_197/group_majors.csv       | 1010 ++++++++++++++
 .../data/verified_batch_197/institutions.csv       |  199 +++
 .../verified_batch_197/professional_groups.csv     |  248 ++++
 .../data/verified_batch_197/seeds.csv              | 1215 +++++++++++++++++
 .../data/verified_batch_197/source_notes.md        | 1213 +++++++++++++++++
 .../data/verified_batch_198/candidate_reviews.csv  |  392 ++++++
 .../data/verified_batch_198/group_majors.csv       | 1015 ++++++++++++++
 .../data/verified_batch_198/institutions.csv       |  200 +++
 .../verified_batch_198/professional_groups.csv     |  249 ++++
 .../data/verified_batch_198/seeds.csv              | 1224 +++++++++++++++++
 .../data/verified_batch_198/source_notes.md        | 1221 +++++++++++++++++
 .../data/verified_batch_199/candidate_reviews.csv  |  397 ++++++
 .../data/verified_batch_199/group_majors.csv       | 1020 ++++++++++++++
 .../data/verified_batch_199/institutions.csv       |  201 +++
 .../verified_batch_199/professional_groups.csv     |  250 ++++
 .../data/verified_batch_199/seeds.csv              | 1232 +++++++++++++++++
 .../data/verified_batch_199/source_notes.md        | 1228 +++++++++++++++++
 .../data/verified_batch_200/candidate_reviews.csv  |  403 ++++++
 .../data/verified_batch_200/group_majors.csv       | 1026 ++++++++++++++
 .../data/verified_batch_200/institutions.csv       |  202 +++
 .../verified_batch_200/professional_groups.csv     |  251 ++++
 .../data/verified_batch_200/seeds.csv              | 1240 +++++++++++++++++
 .../data/verified_batch_200/source_notes.md        | 1235 +++++++++++++++++
 .../data/verified_batch_201/candidate_reviews.csv  |  404 ++++++
 .../data/verified_batch_201/group_majors.csv       | 1027 ++++++++++++++
 .../data/verified_batch_201/institutions.csv       |  203 +++
 .../verified_batch_201/professional_groups.csv     |  252 ++++
 .../data/verified_batch_201/seeds.csv              | 1246 +++++++++++++++++
 .../data/verified_batch_201/source_notes.md        | 1242 +++++++++++++++++
 .../data/verified_batch_202/candidate_reviews.csv  |  405 ++++++
 .../data/verified_batch_202/group_majors.csv       | 1028 ++++++++++++++
 .../data/verified_batch_202/institutions.csv       |  204 +++
 .../verified_batch_202/professional_groups.csv     |  253 ++++
 .../data/verified_batch_202/seeds.csv              | 1250 ++++++++++++++++++
 .../data/verified_batch_202/source_notes.md        | 1249 +++++++++++++++++
 .../data/verified_batch_203/candidate_reviews.csv  |  414 ++++++
 .../data/verified_batch_203/group_majors.csv       | 1037 +++++++++++++++
 .../data/verified_batch_203/institutions.csv       |  205 +++
 .../verified_batch_203/professional_groups.csv     |  255 ++++
 .../data/verified_batch_203/seeds.csv              | 1255 ++++++++++++++++++
 .../data/verified_batch_203/source_notes.md        | 1257 ++++++++++++++++++
 .../data/verified_batch_204/candidate_reviews.csv  |  422 ++++++
 .../data/verified_batch_204/group_majors.csv       | 1045 +++++++++++++++
 .../data/verified_batch_204/institutions.csv       |  206 +++
 .../verified_batch_204/professional_groups.csv     |  257 ++++
 .../data/verified_batch_204/seeds.csv              | 1266 ++++++++++++++++++
 .../data/verified_batch_204/source_notes.md        | 1265 ++++++++++++++++++
 .../data/verified_batch_205/candidate_reviews.csv  |  428 ++++++
 .../data/verified_batch_205/group_majors.csv       | 1051 +++++++++++++++
 .../data/verified_batch_205/institutions.csv       |  207 +++
 .../verified_batch_205/professional_groups.csv     |  258 ++++
 .../data/verified_batch_205/seeds.csv              | 1270 ++++++++++++++++++
 .../data/verified_batch_205/source_notes.md        | 1272 ++++++++++++++++++
 .../data/verified_batch_206/candidate_reviews.csv  |  434 ++++++
 .../data/verified_batch_206/group_majors.csv       | 1053 +++++++++++++++
 .../data/verified_batch_206/institutions.csv       |  208 +++
 .../verified_batch_206/professional_groups.csv     |  260 ++++
 .../data/verified_batch_206/seeds.csv              | 1277 ++++++++++++++++++
 .../data/verified_batch_206/source_notes.md        | 1279 ++++++++++++++++++
 .../data/verified_batch_207/candidate_reviews.csv  |  438 ++++++
 .../data/verified_batch_207/group_majors.csv       | 1054 +++++++++++++++
 .../data/verified_batch_207/institutions.csv       |  209 +++
 .../verified_batch_207/professional_groups.csv     |  261 ++++
 .../data/verified_batch_207/seeds.csv              | 1284 ++++++++++++++++++
 .../data/verified_batch_207/source_notes.md        | 1286 ++++++++++++++++++
 .../data/verified_batch_208/candidate_reviews.csv  |  446 +++++++
 .../data/verified_batch_208/group_majors.csv       | 1058 +++++++++++++++
 .../data/verified_batch_208/institutions.csv       |  210 +++
 .../verified_batch_208/professional_groups.csv     |  262 ++++
 .../data/verified_batch_208/seeds.csv              | 1292 ++++++++++++++++++
 .../data/verified_batch_208/source_notes.md        | 1293 ++++++++++++++++++
 .../data/verified_batch_209/candidate_reviews.csv  |  447 +++++++
 .../data/verified_batch_209/group_majors.csv       | 1059 +++++++++++++++
 .../data/verified_batch_209/institutions.csv       |  211 +++
 .../verified_batch_209/professional_groups.csv     |  263 ++++
 .../data/verified_batch_209/seeds.csv              | 1298 ++++++++++++++++++
 .../data/verified_batch_209/source_notes.md        | 1300 ++++++++++++++++++
 .../data/verified_batch_210/candidate_reviews.csv  |  458 +++++++
 .../data/verified_batch_210/group_majors.csv       | 1070 +++++++++++++++
 .../data/verified_batch_210/institutions.csv       |  212 +++
 .../verified_batch_210/professional_groups.csv     |  265 ++++
 .../data/verified_batch_210/seeds.csv              | 1310 ++++++++++++++++++
 .../data/verified_batch_210/source_notes.md        | 1307 ++++++++++++++++++
 .../data/verified_batch_211/candidate_reviews.csv  |  459 +++++++
 .../data/verified_batch_211/group_majors.csv       | 1071 +++++++++++++++
 .../data/verified_batch_211/institutions.csv       |  213 +++
 .../verified_batch_211/professional_groups.csv     |  266 ++++
 .../data/verified_batch_211/seeds.csv              | 1319 ++++++++++++++++++
 .../data/verified_batch_211/source_notes.md        | 1314 ++++++++++++++++++
 .../data/verified_batch_212/candidate_reviews.csv  |  467 +++++++
 .../data/verified_batch_212/group_majors.csv       | 1079 +++++++++++++++
 .../data/verified_batch_212/institutions.csv       |  214 +++
 .../verified_batch_212/professional_groups.csv     |  268 ++++
 .../data/verified_batch_212/seeds.csv              | 1333 +++++++++++++++++++
 .../data/verified_batch_212/source_notes.md        | 1321 ++++++++++++++++++
 .../data/verified_batch_213/candidate_reviews.csv  |  468 +++++++
 .../data/verified_batch_213/group_majors.csv       | 1080 +++++++++++++++
 .../data/verified_batch_213/institutions.csv       |  215 +++
 .../verified_batch_213/professional_groups.csv     |  269 ++++
 .../data/verified_batch_213/seeds.csv              | 1338 +++++++++++++++++++
 .../data/verified_batch_213/source_notes.md        | 1328 +++++++++++++++++++
 .../data/verified_batch_214/candidate_reviews.csv  |  469 +++++++
 .../data/verified_batch_214/group_majors.csv       | 1081 +++++++++++++++
 .../data/verified_batch_214/institutions.csv       |  216 +++
 .../verified_batch_214/professional_groups.csv     |  270 ++++
 .../data/verified_batch_214/seeds.csv              | 1343 +++++++++++++++++++
 .../data/verified_batch_214/source_notes.md        | 1335 +++++++++++++++++++
 .../data/verified_batch_215/candidate_reviews.csv  |  474 +++++++
 .../data/verified_batch_215/group_majors.csv       | 1086 +++++++++++++++
 .../data/verified_batch_215/institutions.csv       |  217 +++
 .../verified_batch_215/professional_groups.csv     |  271 ++++
 .../data/verified_batch_215/seeds.csv              | 1348 +++++++++++++++++++
 .../data/verified_batch_215/source_notes.md        | 1342 +++++++++++++++++++
 .../data/verified_batch_216/candidate_reviews.csv  |  475 +++++++
 .../data/verified_batch_216/group_majors.csv       | 1087 +++++++++++++++
 .../data/verified_batch_216/institutions.csv       |  218 +++
 .../verified_batch_216/professional_groups.csv     |  272 ++++
 .../data/verified_batch_216/seeds.csv              | 1350 +++++++++++++++++++
 .../data/verified_batch_216/source_notes.md        | 1349 +++++++++++++++++++
 .../data/verified_batch_217/candidate_reviews.csv  |  483 +++++++
 .../data/verified_batch_217/group_majors.csv       | 1095 +++++++++++++++
 .../data/verified_batch_217/institutions.csv       |  219 +++
 .../verified_batch_217/professional_groups.csv     |  274 ++++
 .../data/verified_batch_217/seeds.csv              | 1354 +++++++++++++++++++
 .../data/verified_batch_217/source_notes.md        | 1356 +++++++++++++++++++
 .../data/verified_batch_218/candidate_reviews.csv  |  485 +++++++
 .../data/verified_batch_218/group_majors.csv       | 1097 +++++++++++++++
 .../data/verified_batch_218/institutions.csv       |  220 +++
 .../verified_batch_218/professional_groups.csv     |  275 ++++
 .../data/verified_batch_218/seeds.csv              | 1358 +++++++++++++++++++
 .../data/verified_batch_218/source_notes.md        | 1362 +++++++++++++++++++
 .../data/verified_batch_219/candidate_reviews.csv  |  491 +++++++
 .../data/verified_batch_219/group_majors.csv       | 1103 ++++++++++++++++
 .../data/verified_batch_219/institutions.csv       |  221 ++++
 .../verified_batch_219/professional_groups.csv     |  276 ++++
 .../data/verified_batch_219/seeds.csv              | 1363 +++++++++++++++++++
 .../data/verified_batch_219/source_notes.md        | 1368 +++++++++++++++++++
 .../data/verified_batch_220/candidate_reviews.csv  |  495 +++++++
 .../data/verified_batch_220/group_majors.csv       | 1107 ++++++++++++++++
 .../data/verified_batch_220/institutions.csv       |  222 ++++
 .../verified_batch_220/professional_groups.csv     |  277 ++++
 .../data/verified_batch_220/seeds.csv              | 1369 +++++++++++++++++++
 .../data/verified_batch_220/source_notes.md        | 1374 +++++++++++++++++++
 .../data/verified_batch_221/candidate_reviews.csv  |  513 +++++++
 .../data/verified_batch_221/group_majors.csv       | 1125 ++++++++++++++++
 .../data/verified_batch_221/institutions.csv       |  222 ++++
 .../verified_batch_221/professional_groups.csv     |  281 ++++
 .../data/verified_batch_221/seeds.csv              | 1381 +++++++++++++++++++
 .../data/verified_batch_221/source_notes.md        | 1397 ++++++++++++++++++++
 .../new_double_high_collector/__init__.py          |    5 +
 .../new_double_high_collector/baseline.py          |  138 ++
 .../new_double_high_collector/catalog.py           |  118 ++
 .../new_double_high_collector/classifier.py        |  104 ++
 .../new_double_high_collector/cli.py               |  736 +++++++++++
 .../new_double_high_collector/discovery.py         |  240 ++++
 .../new_double_high_collector/downloader.py        |  152 +++
 .../new_double_high_collector/http_client.py       |  135 ++
 .../new_double_high_collector/models.py            |   94 ++
 .../new_double_high_collector/qa.py                |  132 ++
 .../new_double_high_collector/volume_guard.py      |  153 +++
 .../scripts/build_school_queue.py                  |  110 ++
 .../tests/test_baseline.py                         |  210 +++
 .../tests/test_catalog.py                          |  106 ++
 .../tests/test_classifier.py                       |  140 ++
 tools/new-double-high-collector/tests/test_cli.py  |  498 +++++++
 .../tests/test_discovery.py                        |  216 +++
 .../tests/test_downloader.py                       |  109 ++
 .../tests/test_http_client.py                      |  145 ++
 tools/new-double-high-collector/tests/test_qa.py   |  121 ++
 .../tests/test_storage_pilot_data.py               |   20 +
 .../tests/test_sxjd_pilot_data.py                  |   20 +
 .../tests/test_volume_guard.py                     |  121 ++
 1904 files changed, 497313 insertions(+)
 create mode 100644 tools/new-double-high-collector/data/live_pilot_abc/group_majors.csv
 create mode 100644 tools/new-double-high-collector/data/live_pilot_abc/institutions.csv
 create mode 100644 tools/new-double-high-collector/data/live_pilot_abc/professional_groups.csv
 create mode 100644 tools/new-double-high-collector/data/live_pilot_abc/seeds.csv
 create mode 100644 tools/new-double-high-collector/data/live_pilot_abc/source_notes.md
 create mode 100644 tools/new-double-high-collector/data/live_pilot_ahcme/group_majors.csv
 create mode 100644 tools/new-double-high-collector/data/live_pilot_ahcme/institutions.csv
 create mode 100644 tools/new-double-high-collector/data/live_pilot_ahcme/professional_groups.csv
 create mode 100644 tools/new-double-high-collector/data/live_pilot_ahcme/seeds.csv
 create mode 100644 tools/new-double-high-collector/data/live_pilot_ahcme/source_notes.md
 create mode 100644 tools/new-double-high-collector/data/live_pilot_ahsdxy/group_majors.csv
 create mode 100644 tools/new-double-high-collector/data/live_pilot_ahsdxy/institutions.csv
 create mode 100644 tools/new-double-high-collector/data/live_pilot_ahsdxy/professional_groups.csv
 create mode 100644 tools/new-double-high-collector/data/live_pilot_ahsdxy/seeds.csv
 create mode 100644 tools/new-double-high-collector/data/live_pilot_ahsdxy/source_notes.md
 create mode 100644 tools/new-double-high-collector/data/live_pilot_bgy/group_majors.csv
 create mode 100644 tools/new-double-high-collector/data/live_pilot_bgy/institutions.csv
 create mode 100644 tools/new-double-high-collector/data/live_pilot_bgy/professional_groups.csv
 create mode 100644 tools/new-double-high-collector/data/live_pilot_bgy/seeds.csv
 create mode 100644 tools/new-double-high-collector/data/live_pilot_bgy/source_notes.md
 create mode 100644 tools/new-double-high-collector/data/live_pilot_bitc/group_majors.csv
 create mode 100644 tools/new-double-high-collector/data/live_pilot_bitc/institutions.csv
 create mode 100644 tools/new-double-high-collector/data/live_pilot_bitc/professional_groups.csv
 create mode 100644 tools/new-double-high-collector/data/live_pilot_bitc/seeds.csv
 create mode 100644 tools/new-double-high-collector/data/live_pilot_bitc/source_notes.md
 create mode 100644 tools/new-double-high-collector/data/live_pilot_bzpt/group_majors.csv
 create mode 100644 tools/new-double-high-collector/data/live_pilot_bzpt/institutions.csv
 create mode 100644 tools/new-double-high-collector/data/live_pilot_bzpt/professional_groups.csv
 create mode 100644 tools/new-double-high-collector/data/live_pilot_bzpt/seeds.csv
 create mode 100644 tools/new-double-high-collector/data/live_pilot_bzpt/source_notes.md
 create mode 100644 tools/new-double-high-collector/data/live_pilot_caii/group_majors.csv
 create mode 100644 tools/new-double-high-collector/data/live_pilot_caii/institutions.csv
 create mode 100644 tools/new-double-high-collector/data/live_pilot_caii/professional_groups.csv
 create mode 100644 tools/new-double-high-collector/data/live_pilot_caii/seeds.csv
 create mode 100644 tools/new-double-high-collector/data/live_pilot_caii/source_notes.md
 create mode 100644 tools/new-double-high-collector/data/live_pilot_cavtc/candidate_reviews.csv
 create mode 100644 tools/new-double-high-collector/data/live_pilot_cavtc/group_majors.csv
 create mode 100644 tools/new-double-high-collector/data/live_pilot_cavtc/institutions.csv
 create mode 100644 tools/new-double-high-collector/data/live_pilot_cavtc/professional_groups.csv
 create mode 100644 tools/new-double-high-collector/data/live_pilot_cavtc/seeds.csv
 create mode 100644 tools/new-double-high-collector/data/live_pilot_cavtc/source_notes.md
 create mode 100644 tools/new-double-high-collector/data/live_pilot_csctc/candidate_reviews.csv
 create mode 100644 tools/new-double-high-collector/data/live_pilot_csctc/group_majors.csv
 create mode 100644 tools/new-double-high-collector/data/live_pilot_csctc/institutions.csv
 create mode 100644 tools/new-double-high-collector/data/live_pilot_csctc/professional_groups.csv
 create mode 100644 tools/new-double-high-collector/data/live_pilot_csctc/seeds.csv
 create mode 100644 tools/new-double-high-collector/data/live_pilot_csctc/source_notes.md
 create mode 100644 tools/new-double-high-collector/data/live_pilot_csmz/candidate_reviews.csv
 create mode 100644 tools/new-double-high-collector/data/live_pilot_csmz/group_majors.csv
 create mode 100644 tools/new-double-high-collector/data/live_pilot_csmz/institutions.csv
 create mode 100644 tools/new-double-high-collector/data/live_pilot_csmz/professional_groups.csv
 create mode 100644 tools/new-double-high-collector/data/live_pilot_csmz/seeds.csv
 create mode 100644 tools/new-double-high-collector/data/live_pilot_csmz/source_notes.md
 create mode 100644 tools/new-double-high-collector/data/live_pilot_cvit/group_majors.csv
 create mode 100644 tools/new-double-high-collector/data/live_pilot_cvit/institutions.csv
 create mode 100644 tools/new-double-high-collector/data/live_pilot_cvit/professional_groups.csv
 create mode 100644 tools/new-double-high-collector/data/live_pilot_cvit/seeds.csv
 create mode 100644 tools/new-double-high-collector/data/live_pilot_cvit/source_notes.md
 create mode 100644 tools/new-double-high-collector/data/live_pilot_czimt/group_majors.csv
 create mode 100644 tools/new-double-high-collector/data/live_pilot_czimt/institutions.csv
 create mode 100644 tools/new-double-high-collector/data/live_pilot_czimt/professional_groups.csv
 create mode 100644 tools/new-double-high-collector/data/live_pilot_czimt/seeds.csv
 create mode 100644 tools/new-double-high-collector/data/live_pilot_czimt/source_notes.md
 create mode 100644 tools/new-double-high-collector/data/live_pilot_dgpt/group_majors.csv
 create mode 100644 tools/new-double-high-collector/data/live_pilot_dgpt/institutions.csv
 create mode 100644 tools/new-double-high-collector/data/live_pilot_dgpt/professional_groups.csv
 create mode 100644 tools/new-double-high-collector/data/live_pilot_dgpt/seeds.csv
 create mode 100644 tools/new-double-high-collector/data/live_pilot_dgpt/source_notes.md
 create mode 100644 tools/new-double-high-collector/data/live_pilot_dlvtc/group_majors.csv
 create mode 100644 tools/new-double-high-collector/data/live_pilot_dlvtc/institutions.csv
 create mode 100644 tools/new-double-high-collector/data/live_pilot_dlvtc/professional_groups.csv
 create mode 100644 tools/new-double-high-collector/data/live_pilot_dlvtc/seeds.csv
 create mode 100644 tools/new-double-high-collector/data/live_pilot_dlvtc/source_notes.md
 create mode 100644 tools/new-double-high-collector/data/live_pilot_dyxy/group_majors.csv
 create mode 100644 tools/new-double-high-collector/data/live_pilot_dyxy/institutions.csv
 create mode 100644 tools/new-double-high-collector/data/live_pilot_dyxy/professional_groups.csv
 create mode 100644 tools/new-double-high-collector/data/live_pilot_dyxy/seeds.csv
 create mode 100644 tools/new-double-high-collector/data/live_pilot_dyxy/source_notes.md
 create mode 100644 tools/new-double-high-collector/data/live_pilot_fjcpc/candidate_reviews.csv
 create mode 100644 tools/new-double-high-collector/data/live_pilot_fjcpc/group_majors.csv
 create mode 100644 tools/new-double-high-collector/data/live_pilot_fjcpc/institutions.csv
 create mode 100644 tools/new-double-high-collector/data/live_pilot_fjcpc/professional_groups.csv
 create mode 100644 tools/new-double-high-collector/data/live_pilot_fjcpc/seeds.csv
 create mode 100644 tools/new-double-high-collector/data/live_pilot_fjcpc/source_notes.md
 create mode 100644 tools/new-double-high-collector/data/live_pilot_fjpit/candidate_reviews.csv
 create mode 100644 tools/new-double-high-collector/data/live_pilot_fjpit/group_majors.csv
 create mode 100644 tools/new-double-high-collector/data/live_pilot_fjpit/institutions.csv
 create mode 100644 tools/new-double-high-collector/data/live_pilot_fjpit/professional_groups.csv
 create mode 100644 tools/new-double-high-collector/data/live_pilot_fjpit/seeds.csv
 create mode 100644 tools/new-double-high-collector/data/live_pilot_fjpit/source_notes.md
 create mode 100644 tools/new-double-high-collector/data/live_pilot_fjzzit/candidate_reviews.csv
 create mode 100644 tools/new-double-high-collector/data/live_pilot_fjzzit/group_majors.csv
 create mode 100644 tools/new-double-high-collector/data/live_pilot_fjzzit/institutions.csv
 create mode 100644 tools/new-double-high-collector/data/live_pilot_fjzzit/professional_groups.csv
 create mode 100644 tools/new-double-high-collector/data/live_pilot_fjzzit/seeds.csv
 create mode 100644 tools/new-double-high-collector/data/live_pilot_fjzzit/source_notes.md
 create mode 100644 tools/new-double-high-collector/data/live_pilot_fvti/candidate_reviews.csv
 create mode 100644 tools/new-double-high-collector/data/live_pilot_fvti/group_majors.csv
 create mode 100644 tools/new-double-high-collector/data/live_pilot_fvti/institutions.csv
 create mode 100644 tools/new-double-high-collector/data/live_pilot_fvti/professional_groups.csv
 create mode 100644 tools/new-double-high-collector/data/live_pilot_fvti/seeds.csv
 create mode 100644 tools/new-double-high-collector/data/live_pilot_fvti/source_notes.md
 create mode 100644 tools/new-double-high-collector/data/live_pilot_fyvtc/group_majors.csv
 create mode 100644 tools/new-double-high-collector/data/live_pilot_fyvtc/institutions.csv
 create mode 100644 tools/new-double-high-collector/data/live_pilot_fyvtc/professional_groups.csv
 create mode 100644 tools/new-double-high-collector/data/live_pilot_fyvtc/seeds.csv
 create mode 100644 tools/new-double-high-collector/data/live_pilot_fyvtc/source_notes.md
 create mode 100644 tools/new-double-high-collector/data/live_pilot_gcac/group_majors.csv
 create mode 100644 tools/new-double-high-collector/data/live_pilot_gcac/institutions.csv
 create mode 100644 tools/new-double-high-collector/data/live_pilot_gcac/professional_groups.csv
 create mode 100644 tools/new-double-high-collector/data/live_pilot_gcac/seeds.csv
 create mode 100644 tools/new-double-high-collector/data/live_pilot_gcac/source_notes.md
 create mode 100644 tools/new-double-high-collector/data/live_pilot_gdaib/group_majors.csv
 create mode 100644 tools/new-double-high-collector/data/live_pilot_gdaib/institutions.csv
 create mode 100644 tools/new-double-high-collector/data/live_pilot_gdaib/professional_groups.csv
 create mode 100644 tools/new-double-high-collector/data/live_pilot_gdaib/seeds.csv
 create mode 100644 tools/new-double-high-collector/data/live_pilot_gdaib/source_notes.md
 create mode 100644 tools/new-double-high-collector/data/live_pilot_gdfd/group_majors.csv
 create mode 100644 tools/new-double-high-collector/data/live_pilot_gdfd/institutions.csv
 create mode 100644 tools/new-double-high-collector/data/live_pilot_gdfd/professional_groups.csv
 create mode 100644 tools/new-double-high-collector/data/live_pilot_gdfd/seeds.csv
 create mode 100644 tools/new-double-high-collector/data/live_pilot_gdfd/source_notes.md
 create mode 100644 tools/new-double-high-collector/data/live_pilot_gdgm/group_majors.csv
 create mode 100644 tools/new-double-high-collector/data/live_pilot_gdgm/institutions.csv
 create mode 100644 tools/new-double-high-collector/data/live_pilot_gdgm/professional_groups.csv
 create mode 100644 tools/new-double-high-collector/data/live_pilot_gdgm/seeds.csv
 create mode 100644 tools/new-double-high-collector/data/live_pilot_gdgm/source_notes.md
 create mode 100644 tools/new-double-high-collector/data/live_pilot_gdipu/group_majors.csv
 create mode 100644 tools/new-double-high-collector/data/live_pilot_gdipu/institutions.csv
 create mode 100644 tools/new-double-high-collector/data/live_pilot_gdipu/professional_groups.csv
 create mode 100644 tools/new-double-high-collector/data/live_pilot_gdipu/seeds.csv
 create mode 100644 tools/new-double-high-collector/data/live_pilot_gdipu/source_notes.md
 create mode 100644 tools/new-double-high-collector/data/live_pilot_gdit/group_majors.csv
 create mode 100644 tools/new-double-high-collector/data/live_pilot_gdit/institutions.csv
 create mode 100644 tools/new-double-high-collector/data/live_pilot_gdit/professional_groups.csv
 create mode 100644 tools/new-double-high-collector/data/live_pilot_gdit/seeds.csv
 create mode 100644 tools/new-double-high-collector/data/live_pilot_gdit/source_notes.md
 create mode 100644 tools/new-double-high-collector/data/live_pilot_gdmec/group_majors.csv
 create mode 100644 tools/new-double-high-collector/data/live_pilot_gdmec/institutions.csv
 create mode 100644 tools/new-double-high-collector/data/live_pilot_gdmec/professional_groups.csv
 create mode 100644 tools/new-double-high-collector/data/live_pilot_gdmec/seeds.csv
 create mode 100644 tools/new-double-high-collector/data/live_pilot_gdmec/source_notes.md
 create mode 100644 tools/new-double-high-collector/data/live_pilot_gdpt/group_majors.csv
 create mode 100644 tools/new-double-high-collector/data/live_pilot_gdpt/institutions.csv
 create mode 100644 tools/new-double-high-collector/data/live_pilot_gdpt/professional_groups.csv
 create mode 100644 tools/new-double-high-collector/data/live_pilot_gdpt/seeds.csv
 create mode 100644 tools/new-double-high-collector/data/live_pilot_gdpt/source_notes.md
 create mode 100644 tools/new-double-high-collector/data/live_pilot_gdsdxy/group_majors.csv
 create mode 100644 tools/new-double-high-collector/data/live_pilot_gdsdxy/institutions.csv
 create mode 100644 tools/new-double-high-collector/data/live_pilot_gdsdxy/professional_groups.csv
 create mode 100644 tools/new-double-high-collector/data/live_pilot_gdsdxy/seeds.csv
 create mode 100644 tools/new-double-high-collector/data/live_pilot_gdsdxy/source_notes.md
 create mode 100644 tools/new-double-high-collector/data/live_pilot_gtxy/group_majors.csv
 create mode 100644 tools/new-double-high-collector/data/live_pilot_gtxy/institutions.csv
 create mode 100644 tools/new-double-high-collector/data/live_pilot_gtxy/professional_groups.csv
 create mode 100644 tools/new-double-high-collector/data/live_pilot_gtxy/seeds.csv
 create mode 100644 tools/new-double-high-collector/data/live_pilot_gtxy/source_notes.md
 create mode 100644 tools/new-double-high-collector/data/live_pilot_gzpu/group_majors.csv
 create mode 100644 tools/new-double-high-collector/data/live_pilot_gzpu/institutions.csv
 create mode 100644 tools/new-double-high-collector/data/live_pilot_gzpu/professional_groups.csv
 create mode 100644 tools/new-double-high-collector/data/live_pilot_gzpu/seeds.csv
 create mode 100644 tools/new-double-high-collector/data/live_pilot_gzpu/source_notes.md
 create mode 100644 tools/new-double-high-collector/data/live_pilot_hbpi/candidate_reviews.csv
 create mode 100644 tools/new-double-high-collector/data/live_pilot_hbpi/group_majors.csv
 create mode 100644 tools/new-double-high-collector/data/live_pilot_hbpi/institutions.csv
 create mode 100644 tools/new-double-high-collector/data/live_pilot_hbpi/professional_groups.csv
 create mode 100644 tools/new-double-high-collector/data/live_pilot_hbpi/seeds.csv
 create mode 100644 tools/new-double-high-collector/data/live_pilot_hbpi/source_notes.md
 create mode 100644 tools/new-double-high-collector/data/live_pilot_hbtgpt/candidate_reviews.csv
 create mode 100644 tools/new-double-high-collector/data/live_pilot_hbtgpt/group_majors.csv
 create mode 100644 tools/new-double-high-collector/data/live_pilot_hbtgpt/institutions.csv
 create mode 100644 tools/new-double-high-collector/data/live_pilot_hbtgpt/professional_groups.csv
 create mode 100644 tools/new-double-high-collector/data/live_pilot_hbtgpt/seeds.csv
 create mode 100644 tools/new-double-high-collector/data/live_pilot_hbtgpt/source_notes.md
 create mode 100644 tools/new-double-high-collector/data/live_pilot_hbvtc/group_majors.csv
 create mode 100644 tools/new-double-high-collector/data/live_pilot_hbvtc/institutions.csv
 create mode 100644 tools/new-double-high-collector/data/live_pilot_hbvtc/professional_groups.csv
 create mode 100644 tools/new-double-high-collector/data/live_pilot_hbvtc/seeds.csv
 create mode 100644 tools/new-double-high-collector/data/live_pilot_hbvtc/source_notes.md
 create mode 100644 tools/new-double-high-collector/data/live_pilot_hfvt/candidate_reviews.csv
 create mode 100644 tools/new-double-high-collector/data/live_pilot_hfvt/group_majors.csv
 create mode 100644 tools/new-double-high-collector/data/live_pilot_hfvt/institutions.csv
 create mode 100644 tools/new-double-high-collector/data/live_pilot_hfvt/professional_groups.csv
 create mode 100644 tools/new-double-high-collector/data/live_pilot_hfvt/seeds.csv
 create mode 100644 tools/new-double-high-collector/data/live_pilot_hfvt/source_notes.md
 create mode 100644 tools/new-double-high-collector/data/live_pilot_hict/group_majors.csv
 create mode 100644 tools/new-double-high-collector/data/live_pilot_hict/institutions.csv
 create mode 100644 tools/new-double-high-collector/data/live_pilot_hict/professional_groups.csv
 create mode 100644 tools/new-double-high-collector/data/live_pilot_hict/seeds.csv
 create mode 100644 tools/new-double-high-collector/data/live_pilot_hict/source_notes.md
 create mode 100644 tools/new-double-high-collector/data/live_pilot_hljp/group_majors.csv
 create mode 100644 tools/new-double-high-collector/data/live_pilot_hljp/institutions.csv
 create mode 100644 tools/new-double-high-collector/data/live_pilot_hljp/professional_groups.csv
 create mode 100644 tools/new-double-high-collector/data/live_pilot_hljp/seeds.csv
 create mode 100644 tools/new-double-high-collector/data/live_pilot_hljp/source_notes.md
 create mode 100644 tools/new-double-high-collector/data/live_pilot_hnacvc/candidate_reviews.csv
 create mode 100644 tools/new-double-high-collector/data/live_pilot_hnacvc/group_majors.csv
 create mode 100644 tools/new-double-high-collector/data/live_pilot_hnacvc/institutions.csv
 create mode 100644 tools/new-double-high-collector/data/live_pilot_hnacvc/professional_groups.csv
 create mode 100644 tools/new-double-high-collector/data/live_pilot_hnacvc/seeds.csv
 create mode 100644 tools/new-double-high-collector/data/live_pilot_hnacvc/source_notes.md
 create mode 100644 tools/new-double-high-collector/data/live_pilot_hnae/candidate_reviews.csv
 create mode 100644 tools/new-double-high-collector/data/live_pilot_hnae/group_majors.csv
 create mode 100644 tools/new-double-high-collector/data/live_pilot_hnae/institutions.csv
 create mode 100644 tools/new-double-high-collector/data/live_pilot_hnae/professional_groups.csv
 create mode 100644 tools/new-double-high-collector/data/live_pilot_hnae/seeds.csv
 create mode 100644 tools/new-double-high-collector/data/live_pilot_hnae/source_notes.md
 create mode 100644 tools/new-double-high-collector/data/live_pilot_hnbemc/candidate_reviews.csv
 create mode 100644 tools/new-double-high-collector/data/live_pilot_hnbemc/group_majors.csv
 create mode 100644 tools/new-double-high-collector/data/live_pilot_hnbemc/institutions.csv
 create mode 100644 tools/new-double-high-collector/data/live_pilot_hnbemc/professional_groups.csv
 create mode 100644 tools/new-double-high-collector/data/live_pilot_hnbemc/seeds.csv
 create mode 100644 tools/new-double-high-collector/data/live_pilot_hnbemc/source_notes.md
 create mode 100644 tools/new-double-high-collector/data/live_pilot_hnca/candidate_reviews.csv
 create mode 100644 tools/new-double-high-collector/data/live_pilot_hnca/group_majors.csv
 create mode 100644 tools/new-double-high-collector/data/live_pilot_hnca/institutions.csv
 create mode 100644 tools/new-double-high-collector/data/live_pilot_hnca/professional_groups.csv
 create mode 100644 tools/new-double-high-collector/data/live_pilot_hnca/seeds.csv
 create mode 100644 tools/new-double-high-collector/data/live_pilot_hnca/source_notes.md
 create mode 100644 tools/new-double-high-collector/data/live_pilot_hncc/group_majors.csv
 create mode 100644 tools/new-double-high-collector/data/live_pilot_hncc/institutions.csv
 create mode 100644 tools/new-double-high-collector/data/live_pilot_hncc/professional_groups.csv
 create mode 100644 tools/new-double-high-collector/data/live_pilot_hncc/seeds.csv
 create mode 100644 tools/new-double-high-collector/data/live_pilot_hncc/source_notes.md
 create mode 100644 tools/new-double-high-collector/data/live_pilot_hnetc/candidate_reviews.csv
 create mode 100644 tools/new-double-high-collector/data/live_pilot_hnetc/group_majors.csv
 create mode 100644 tools/new-double-high-collector/data/live_pilot_hnetc/institutions.csv
 create mode 100644 tools/new-double-high-collector/data/live_pilot_hnetc/professional_groups.csv
 create mode 100644 tools/new-double-high-collector/data/live_pilot_hnetc/seeds.csv
 create mode 100644 tools/new-double-high-collector/data/live_pilot_hnetc/source_notes.md
 create mode 100644 tools/new-double-high-collector/data/live_pilot_hngzy/group_majors.csv
 create mode 100644 tools/new-double-high-collector/data/live_pilot_hngzy/institutions.csv
 create mode 100644 tools/new-double-high-collector/data/live_pilot_hngzy/professional_groups.csv
 create mode 100644 tools/new-double-high-collector/data/live_pilot_hngzy/seeds.csv
 create mode 100644 tools/new-double-high-collector/data/live_pilot_hngzy/source_notes.md
 create mode 100644 tools/new-double-high-collector/data/live_pilot_hnivc/candidate_reviews.csv
 create mode 100644 tools/new-double-high-collector/data/live_pilot_hnivc/group_majors.csv
 create mode 100644 tools/new-double-high-collector/data/live_pilot_hnivc/institutions.csv
 create mode 100644 tools/new-double-high-collector/data/live_pilot_hnivc/professional_groups.csv
 create mode 100644 tools/new-double-high-collector/data/live_pilot_hnivc/seeds.csv
 create mode 100644 tools/new-double-high-collector/data/live_pilot_hnivc/source_notes.md
 create mode 100644 tools/new-double-high-collector/data/live_pilot_hnmmc/candidate_reviews.csv
 create mode 100644 tools/new-double-high-collector/data/live_pilot_hnmmc/group_majors.csv
 create mode 100644 tools/new-double-high-collector/data/live_pilot_hnmmc/institutions.csv
 create mode 100644 tools/new-double-high-collector/data/live_pilot_hnmmc/professional_groups.csv
 create mode 100644 tools/new-double-high-collector/data/live_pilot_hnmmc/seeds.csv
 create mode 100644 tools/new-double-high-collector/data/live_pilot_hnmmc/source_notes.md
 create mode 100644 tools/new-double-high-collector/data/live_pilot_hnpi/group_majors.csv
 create mode 100644 tools/new-double-high-collector/data/live_pilot_hnpi/institutions.csv
 create mode 100644 tools/new-double-high-collector/data/live_pilot_hnpi/professional_groups.csv
 create mode 100644 tools/new-double-high-collector/data/live_pilot_hnpi/seeds.csv
 create mode 100644 tools/new-double-high-collector/data/live_pilot_hnpi/source_notes.md
 create mode 100644 tools/new-double-high-collector/data/live_pilot_hnyjj/group_majors.csv
 create mode 100644 tools/new-double-high-collector/data/live_pilot_hnyjj/institutions.csv
 create mode 100644 tools/new-double-high-collector/data/live_pilot_hnyjj/professional_groups.csv
 create mode 100644 tools/new-double-high-collector/data/live_pilot_hnyjj/seeds.csv
 create mode 100644 tools/new-double-high-collector/data/live_pilot_hnyjj/source_notes.md
 create mode 100644 tools/new-double-high-collector/data/live_pilot_hnzj/group_majors.csv
 create mode 100644 tools/new-double-high-collector/data/live_pilot_hnzj/institutions.csv
 create mode 100644 tools/new-double-high-collector/data/live_pilot_hnzj/professional_groups.csv
 create mode 100644 tools/new-double-high-collector/data/live_pilot_hnzj/seeds.csv
 create mode 100644 tools/new-double-high-collector/data/live_pilot_hnzj/source_notes.md
 create mode 100644 tools/new-double-high-collector/data/live_pilot_hrbzy/group_majors.csv
 create mode 100644 tools/new-double-high-collector/data/live_pilot_hrbzy/institutions.csv
 create mode 100644 tools/new-double-high-collector/data/live_pilot_hrbzy/professional_groups.csv
 create mode 100644 tools/new-double-high-collector/data/live_pilot_hrbzy/seeds.csv
 create mode 100644 tools/new-double-high-collector/data/live_pilot_hrbzy/source_notes.md
 create mode 100644 tools/new-double-high-collector/data/live_pilot_htxy/group_majors.csv
 create mode 100644 tools/new-double-high-collector/data/live_pilot_htxy/institutions.csv
 create mode 100644 tools/new-double-high-collector/data/live_pilot_htxy/professional_groups.csv
 create mode 100644 tools/new-double-high-collector/data/live_pilot_htxy/seeds.csv
 create mode 100644 tools/new-double-high-collector/data/live_pilot_htxy/source_notes.md
 create mode 100644 tools/new-double-high-collector/data/live_pilot_jljy/group_majors.csv
 create mode 100644 tools/new-double-high-collector/data/live_pilot_jljy/institutions.csv
 create mode 100644 tools/new-double-high-collector/data/live_pilot_jljy/professional_groups.csv
 create mode 100644 tools/new-double-high-collector/data/live_pilot_jljy/seeds.csv
 create mode 100644 tools/new-double-high-collector/data/live_pilot_jljy/source_notes.md
 create mode 100644 tools/new-double-high-collector/data/live_pilot_jnvc/group_majors.csv
 create mode 100644 tools/new-double-high-collector/data/live_pilot_jnvc/institutions.csv
 create mode 100644 tools/new-double-high-collector/data/live_pilot_jnvc/professional_groups.csv
 create mode 100644 tools/new-double-high-collector/data/live_pilot_jnvc/seeds.csv
 create mode 100644 tools/new-double-high-collector/data/live_pilot_jnvc/source_notes.md
 create mode 100644 tools/new-double-high-collector/data/live_pilot_jnvtc/group_majors.csv
 create mode 100644 tools/new-double-high-collector/data/live_pilot_jnvtc/institutions.csv
 create mode 100644 tools/new-double-high-collector/data/live_pilot_jnvtc/professional_groups.csv
 create mode 100644 tools/new-double-high-collector/data/live_pilot_jnvtc/seeds.csv
 create mode 100644 tools/new-double-high-collector/data/live_pilot_jnvtc/source_notes.md
 create mode 100644 tools/new-double-high-collector/data/live_pilot_jty/group_majors.csv
 create mode 100644 tools/new-double-high-collector/data/live_pilot_jty/institutions.csv
 create mode 100644 tools/new-double-high-collector/data/live_pilot_jty/professional_groups.csv
 create mode 100644 tools/new-double-high-collector/data/live_pilot_jty/seeds.csv
 create mode 100644 tools/new-double-high-collector/data/live_pilot_jty/source_notes.md
 create mode 100644 tools/new-double-high-collector/data/live_pilot_jvcit/group_majors.csv
 create mode 100644 tools/new-double-high-collector/data/live_pilot_jvcit/institutions.csv
 create mode 100644 tools/new-double-high-collector/data/live_pilot_jvcit/professional_groups.csv
 create mode 100644 tools/new-double-high-collector/data/live_pilot_jvcit/seeds.csv
 create mode 100644 tools/new-double-high-collector/data/live_pilot_jvcit/source_notes.md
 create mode 100644 tools/new-double-high-collector/data/live_pilot_jxcfs/candidate_reviews.csv
 create mode 100644 tools/new-double-high-collector/data/live_pilot_jxcfs/group_majors.csv
 create mode 100644 tools/new-double-high-collector/data/live_pilot_jxcfs/institutions.csv
 create mode 100644 tools/new-double-high-collector/data/live_pilot_jxcfs/professional_groups.csv
 create mode 100644 tools/new-double-high-collector/data/live_pilot_jxcfs/seeds.csv
 create mode 100644 tools/new-double-high-collector/data/live_pilot_jxcfs/source_notes.md
 create mode 100644 tools/new-double-high-collector/data/live_pilot_jxgm/candidate_reviews.csv
 create mode 100644 tools/new-double-high-collector/data/live_pilot_jxgm/group_majors.csv
 create mode 100644 tools/new-double-high-collector/data/live_pilot_jxgm/institutions.csv
 create mode 100644 tools/new-double-high-collector/data/live_pilot_jxgm/professional_groups.csv
 create mode 100644 tools/new-double-high-collector/data/live_pilot_jxgm/seeds.csv
 create mode 100644 tools/new-double-high-collector/data/live_pilot_jxgm/source_notes.md
 create mode 100644 tools/new-double-high-collector/data/live_pilot_jxhj/group_majors.csv
 create mode 100644 tools/new-double-high-collector/data/live_pilot_jxhj/institutions.csv
 create mode 100644 tools/new-double-high-collector/data/live_pilot_jxhj/professional_groups.csv
 create mode 100644 tools/new-double-high-collector/data/live_pilot_jxhj/seeds.csv
 create mode 100644 tools/new-double-high-collector/data/live_pilot_jxhj/source_notes.md
 create mode 100644 tools/new-double-high-collector/data/live_pilot_jxpu/candidate_reviews.csv
 create mode 100644 tools/new-double-high-collector/data/live_pilot_jxpu/group_majors.csv
 create mode 100644 tools/new-double-high-collector/data/live_pilot_jxpu/institutions.csv
 create mode 100644 tools/new-double-high-collector/data/live_pilot_jxpu/professional_groups.csv
 create mode 100644 tools/new-double-high-collector/data/live_pilot_jxpu/seeds.csv
 create mode 100644 tools/new-double-high-collector/data/live_pilot_jxpu/source_notes.md
 create mode 100644 tools/new-double-high-collector/data/live_pilot_jxxd/candidate_reviews.csv
 create mode 100644 tools/new-double-high-collector/data/live_pilot_jxxd/group_majors.csv
 create mode 100644 tools/new-double-high-collector/data/live_pilot_jxxd/institutions.csv
 create mode 100644 tools/new-double-high-collector/data/live_pilot_jxxd/professional_groups.csv
 create mode 100644 tools/new-double-high-collector/data/live_pilot_jxxd/seeds.csv
 create mode 100644 tools/new-double-high-collector/data/live_pilot_jxxd/source_notes.md
 create mode 100644 tools/new-double-high-collector/data/live_pilot_jxyt/candidate_reviews.csv
 create mode 100644 tools/new-double-high-collector/data/live_pilot_jxyt/group_majors.csv
 create mode 100644 tools/new-double-high-collector/data/live_pilot_jxyt/institutions.csv
 create mode 100644 tools/new-double-high-collector/data/live_pilot_jxyt/professional_groups.csv
 create mode 100644 tools/new-double-high-collector/data/live_pilot_jxyt/seeds.csv
 create mode 100644 tools/new-double-high-collector/data/live_pilot_jxyt/source_notes.md
 create mode 100644 tools/new-double-high-collector/data/live_pilot_lmu/candidate_reviews.csv
 create mode 100644 tools/new-double-high-collector/data/live_pilot_lmu/group_majors.csv
 create mode 100644 tools/new-double-high-collector/data/live_pilot_lmu/institutions.csv
 create mode 100644 tools/new-double-high-collector/data/live_pilot_lmu/professional_groups.csv
 create mode 100644 tools/new-double-high-collector/data/live_pilot_lmu/seeds.csv
 create mode 100644 tools/new-double-high-collector/data/live_pilot_lmu/source_notes.md
 create mode 100644 tools/new-double-high-collector/data/live_pilot_lngpi/group_majors.csv
 create mode 100644 tools/new-double-high-collector/data/live_pilot_lngpi/institutions.csv
 create mode 100644 tools/new-double-high-collector/data/live_pilot_lngpi/professional_groups.csv
 create mode 100644 tools/new-double-high-collector/data/live_pilot_lngpi/seeds.csv
 create mode 100644 tools/new-double-high-collector/data/live_pilot_lngpi/source_notes.md
 create mode 100644 tools/new-double-high-collector/data/live_pilot_lnmec/group_majors.csv
 create mode 100644 tools/new-double-high-collector/data/live_pilot_lnmec/institutions.csv
 create mode 100644 tools/new-double-high-collector/data/live_pilot_lnmec/professional_groups.csv
 create mode 100644 tools/new-double-high-collector/data/live_pilot_lnmec/seeds.csv
 create mode 100644 tools/new-double-high-collector/data/live_pilot_lnmec/source_notes.md
 create mode 100644 tools/new-double-high-collector/data/live_pilot_lnnzy/group_majors.csv
 create mode 100644 tools/new-double-high-collector/data/live_pilot_lnnzy/institutions.csv
 create mode 100644 tools/new-double-high-collector/data/live_pilot_lnnzy/professional_groups.csv
 create mode 100644 tools/new-double-high-collector/data/live_pilot_lnnzy/seeds.csv
 create mode 100644 tools/new-double-high-collector/data/live_pilot_lnnzy/source_notes.md
 create mode 100644 tools/new-double-high-collector/data/live_pilot_lnpc/group_majors.csv
 create mode 100644 tools/new-double-high-collector/data/live_pilot_lnpc/institutions.csv
 create mode 100644 tools/new-double-high-collector/data/live_pilot_lnpc/professional_groups.csv
 create mode 100644 tools/new-double-high-collector/data/live_pilot_lnpc/seeds.csv
 create mode 100644 tools/new-double-high-collector/data/live_pilot_lnpc/source_notes.md
 create mode 100644 tools/new-double-high-collector/data/live_pilot_lwvc/group_majors.csv
 create mode 100644 tools/new-double-high-collector/data/live_pilot_lwvc/institutions.csv
 create mode 100644 tools/new-double-high-collector/data/live_pilot_lwvc/professional_groups.csv
 create mode 100644 tools/new-double-high-collector/data/live_pilot_lwvc/seeds.csv
 create mode 100644 tools/new-double-high-collector/data/live_pilot_lwvc/source_notes.md
 create mode 100644 tools/new-double-high-collector/data/live_pilot_qdgw/group_majors.csv
 create mode 100644 tools/new-double-high-collector/data/live_pilot_qdgw/institutions.csv
 create mode 100644 tools/new-double-high-collector/data/live_pilot_qdgw/professional_groups.csv
 create mode 100644 tools/new-double-high-collector/data/live_pilot_qdgw/seeds.csv
 create mode 100644 tools/new-double-high-collector/data/live_pilot_qdgw/source_notes.md
 create mode 100644 tools/new-double-high-collector/data/live_pilot_qvtu/candidate_reviews.csv
 create mode 100644 tools/new-double-high-collector/data/live_pilot_qvtu/group_majors.csv
 create mode 100644 tools/new-double-high-collector/data/live_pilot_qvtu/institutions.csv
 create mode 100644 tools/new-double-high-collector/data/live_pilot_qvtu/professional_groups.csv
 create mode 100644 tools/new-double-high-collector/data/live_pilot_qvtu/seeds.csv
 create mode 100644 tools/new-double-high-collector/data/live_pilot_qvtu/source_notes.md
 create mode 100644 tools/new-double-high-collector/data/live_pilot_rzpt/group_majors.csv
 create mode 100644 tools/new-double-high-collector/data/live_pilot_rzpt/institutions.csv
 create mode 100644 tools/new-double-high-collector/data/live_pilot_rzpt/professional_groups.csv
 create mode 100644 tools/new-double-high-collector/data/live_pilot_rzpt/seeds.csv
 create mode 100644 tools/new-double-high-collector/data/live_pilot_rzpt/source_notes.md
 create mode 100644 tools/new-double-high-collector/data/live_pilot_sada/group_majors.csv
 create mode 100644 tools/new-double-high-collector/data/live_pilot_sada/institutions.csv
 create mode 100644 tools/new-double-high-collector/data/live_pilot_sada/professional_groups.csv
 create mode 100644 tools/new-double-high-collector/data/live_pilot_sada/seeds.csv
 create mode 100644 tools/new-double-high-collector/data/live_pilot_sada/source_notes.md
 create mode 100644 tools/new-double-high-collector/data/live_pilot_sdmy/group_majors.csv
 create mode 100644 tools/new-double-high-collector/data/live_pilot_sdmy/institutions.csv
 create mode 100644 tools/new-double-high-collector/data/live_pilot_sdmy/professional_groups.csv
 create mode 100644 tools/new-double-high-collector/data/live_pilot_sdmy/seeds.csv
 create mode 100644 tools/new-double-high-collector/data/live_pilot_sdmy/source_notes.md
 create mode 100644 tools/new-double-high-collector/data/live_pilot_sdp/group_majors.csv
 create mode 100644 tools/new-double-high-collector/data/live_pilot_sdp/institutions.csv
 create mode 100644 tools/new-double-high-collector/data/live_pilot_sdp/professional_groups.csv
 create mode 100644 tools/new-double-high-collector/data/live_pilot_sdp/seeds.csv
 create mode 100644 tools/new-double-high-collector/data/live_pilot_sdp/source_notes.md
 create mode 100644 tools/new-double-high-collector/data/live_pilot_sdpt/group_majors.csv
 create mode 100644 tools/new-double-high-collector/data/live_pilot_sdpt/institutions.csv
 create mode 100644 tools/new-double-high-collector/data/live_pilot_sdpt/professional_groups.csv
 create mode 100644 tools/new-double-high-collector/data/live_pilot_sdpt/seeds.csv
 create mode 100644 tools/new-double-high-collector/data/live_pilot_sdpt/source_notes.md
 create mode 100644 tools/new-double-high-collector/data/live_pilot_sdvcst/group_majors.csv
 create mode 100644 tools/new-double-high-collector/data/live_pilot_sdvcst/institutions.csv
 create mode 100644 tools/new-double-high-collector/data/live_pilot_sdvcst/professional_groups.csv
 create mode 100644 tools/new-double-high-collector/data/live_pilot_sdvcst/seeds.csv
 create mode 100644 tools/new-double-high-collector/data/live_pilot_sdvcst/source_notes.md
 create mode 100644 tools/new-double-high-collector/data/live_pilot_sict/group_majors.csv
 create mode 100644 tools/new-double-high-collector/data/live_pilot_sict/institutions.csv
 create mode 100644 tools/new-double-high-collector/data/live_pilot_sict/professional_groups.csv
 create mode 100644 tools/new-double-high-collector/data/live_pilot_sict/seeds.csv
 create mode 100644 tools/new-double-high-collector/data/live_pilot_sict/source_notes.md
 create mode 100644 tools/new-double-high-collector/data/live_pilot_sppc/group_majors.csv
 create mode 100644 tools/new-double-high-collector/data/live_pilot_sppc/institutions.csv
 create mode 100644 tools/new-double-high-collector/data/live_pilot_sppc/professional_groups.csv
 create mode 100644 tools/new-double-high-collector/data/live_pilot_sppc/seeds.csv
 create mode 100644 tools/new-double-high-collector/data/live_pilot_sppc/source_notes.md
 create mode 100644 tools/new-double-high-collector/data/live_pilot_stiei/group_majors.csv
 create mode 100644 tools/new-double-high-collector/data/live_pilot_stiei/institutions.csv
 create mode 100644 tools/new-double-high-collector/data/live_pilot_stiei/professional_groups.csv
 create mode 100644 tools/new-double-high-collector/data/live_pilot_stiei/seeds.csv
 create mode 100644 tools/new-double-high-collector/data/live_pilot_stiei/source_notes.md
 create mode 100644 tools/new-double-high-collector/data/live_pilot_sxftc/group_majors.csv
 create mode 100644 tools/new-double-high-collector/data/live_pilot_sxftc/institutions.csv
 create mode 100644 tools/new-double-high-collector/data/live_pilot_sxftc/professional_groups.csv
 create mode 100644 tools/new-double-high-collector/data/live_pilot_sxftc/seeds.csv
 create mode 100644 tools/new-double-high-collector/data/live_pilot_sxftc/source_notes.md
 create mode 100644 tools/new-double-high-collector/data/live_pilot_sxgc/group_majors.csv
 create mode 100644 tools/new-double-high-collector/data/live_pilot_sxgc/institutions.csv
 create mode 100644 tools/new-double-high-collector/data/live_pilot_sxgc/professional_groups.csv
 create mode 100644 tools/new-double-high-collector/data/live_pilot_sxgc/seeds.csv
 create mode 100644 tools/new-double-high-collector/data/live_pilot_sxgc/source_notes.md
 create mode 100644 tools/new-double-high-collector/data/live_pilot_sxjd/group_majors.csv
 create mode 100644 tools/new-double-high-collector/data/live_pilot_sxjd/institutions.csv
 create mode 100644 tools/new-double-high-collector/data/live_pilot_sxjd/professional_groups.csv
 create mode 100644 tools/new-double-high-collector/data/live_pilot_sxjd/seeds.csv
 create mode 100644 tools/new-double-high-collector/data/live_pilot_sxjd/source_notes.md
 create mode 100644 tools/new-double-high-collector/data/live_pilot_sxsy/group_majors.csv
 create mode 100644 tools/new-double-high-collector/data/live_pilot_sxsy/institutions.csv
 create mode 100644 tools/new-double-high-collector/data/live_pilot_sxsy/professional_groups.csv
 create mode 100644 tools/new-double-high-collector/data/live_pilot_sxsy/seeds.csv
 create mode 100644 tools/new-double-high-collector/data/live_pilot_sxsy/source_notes.md
 create mode 100644 tools/new-double-high-collector/data/live_pilot_syvtc/group_majors.csv
 create mode 100644 tools/new-double-high-collector/data/live_pilot_syvtc/institutions.csv
 create mode 100644 tools/new-double-high-collector/data/live_pilot_syvtc/professional_groups.csv
 create mode 100644 tools/new-double-high-collector/data/live_pilot_syvtc/seeds.csv
 create mode 100644 tools/new-double-high-collector/data/live_pilot_syvtc/source_notes.md
 create mode 100644 tools/new-double-high-collector/data/live_pilot_sziit/group_majors.csv
 create mode 100644 tools/new-double-high-collector/data/live_pilot_sziit/institutions.csv
 create mode 100644 tools/new-double-high-collector/data/live_pilot_sziit/professional_groups.csv
 create mode 100644 tools/new-double-high-collector/data/live_pilot_sziit/seeds.csv
 create mode 100644 tools/new-double-high-collector/data/live_pilot_sziit/source_notes.md
 create mode 100644 tools/new-double-high-collector/data/live_pilot_szpu/group_majors.csv
 create mode 100644 tools/new-double-high-collector/data/live_pilot_szpu/institutions.csv
 create mode 100644 tools/new-double-high-collector/data/live_pilot_szpu/professional_groups.csv
 create mode 100644 tools/new-double-high-collector/data/live_pilot_szpu/seeds.csv
 create mode 100644 tools/new-double-high-collector/data/live_pilot_szpu/source_notes.md
 create mode 100644 tools/new-double-high-collector/data/live_pilot_tczj/group_majors.csv
 create mode 100644 tools/new-double-high-collector/data/live_pilot_tczj/institutions.csv
 create mode 100644 tools/new-double-high-collector/data/live_pilot_tczj/professional_groups.csv
 create mode 100644 tools/new-double-high-collector/data/live_pilot_tczj/seeds.csv
 create mode 100644 tools/new-double-high-collector/data/live_pilot_tczj/source_notes.md
 create mode 100644 tools/new-double-high-collector/data/live_pilot_tjeic/group_majors.csv
 create mode 100644 tools/new-double-high-collector/data/live_pilot_tjeic/institutions.csv
 create mode 100644 tools/new-double-high-collector/data/live_pilot_tjeic/professional_groups.csv
 create mode 100644 tools/new-double-high-collector/data/live_pilot_tjeic/seeds.csv
 create mode 100644 tools/new-double-high-collector/data/live_pilot_tjeic/source_notes.md
 create mode 100644 tools/new-double-high-collector/data/live_pilot_tjmc/group_majors.csv
 create mode 100644 tools/new-double-high-collector/data/live_pilot_tjmc/institutions.csv
 create mode 100644 tools/new-double-high-collector/data/live_pilot_tjmc/professional_groups.csv
 create mode 100644 tools/new-double-high-collector/data/live_pilot_tjmc/seeds.csv
 create mode 100644 tools/new-double-high-collector/data/live_pilot_tjmc/source_notes.md
 create mode 100644 tools/new-double-high-collector/data/live_pilot_tjmvtc/group_majors.csv
 create mode 100644 tools/new-double-high-collector/data/live_pilot_tjmvtc/institutions.csv
 create mode 100644 tools/new-double-high-collector/data/live_pilot_tjmvtc/professional_groups.csv
 create mode 100644 tools/new-double-high-collector/data/live_pilot_tjmvtc/seeds.csv
 create mode 100644 tools/new-double-high-collector/data/live_pilot_tjmvtc/source_notes.md
 create mode 100644 tools/new-double-high-collector/data/live_pilot_tjtc/group_majors.csv
 create mode 100644 tools/new-double-high-collector/data/live_pilot_tjtc/institutions.csv
 create mode 100644 tools/new-double-high-collector/data/live_pilot_tjtc/professional_groups.csv
 create mode 100644 tools/new-double-high-collector/data/live_pilot_tjtc/seeds.csv
 create mode 100644 tools/new-double-high-collector/data/live_pilot_tjtc/source_notes.md
 create mode 100644 tools/new-double-high-collector/data/live_pilot_wfec/group_majors.csv
 create mode 100644 tools/new-double-high-collector/data/live_pilot_wfec/institutions.csv
 create mode 100644 tools/new-double-high-collector/data/live_pilot_wfec/professional_groups.csv
 create mode 100644 tools/new-double-high-collector/data/live_pilot_wfec/seeds.csv
 create mode 100644 tools/new-double-high-collector/data/live_pilot_wfec/source_notes.md
 create mode 100644 tools/new-double-high-collector/data/live_pilot_wfvc/group_majors.csv
 create mode 100644 tools/new-double-high-collector/data/live_pilot_wfvc/institutions.csv
 create mode 100644 tools/new-double-high-collector/data/live_pilot_wfvc/professional_groups.csv
 create mode 100644 tools/new-double-high-collector/data/live_pilot_wfvc/seeds.csv
 create mode 100644 tools/new-double-high-collector/data/live_pilot_wfvc/source_notes.md
 create mode 100644 tools/new-double-high-collector/data/live_pilot_whcp/candidate_reviews.csv
 create mode 100644 tools/new-double-high-collector/data/live_pilot_whcp/group_majors.csv
 create mode 100644 tools/new-double-high-collector/data/live_pilot_whcp/institutions.csv
 create mode 100644 tools/new-double-high-collector/data/live_pilot_whcp/professional_groups.csv
 create mode 100644 tools/new-double-high-collector/data/live_pilot_whcp/seeds.csv
 create mode 100644 tools/new-double-high-collector/data/live_pilot_whcp/source_notes.md
 create mode 100644 tools/new-double-high-collector/data/live_pilot_whit/group_majors.csv
 create mode 100644 tools/new-double-high-collector/data/live_pilot_whit/institutions.csv
 create mode 100644 tools/new-double-high-collector/data/live_pilot_whit/professional_groups.csv
 create mode 100644 tools/new-double-high-collector/data/live_pilot_whit/seeds.csv
 create mode 100644 tools/new-double-high-collector/data/live_pilot_whit/source_notes.md
 create mode 100644 tools/new-double-high-collector/data/live_pilot_whtcc/candidate_reviews.csv
 create mode 100644 tools/new-double-high-collector/data/live_pilot_whtcc/group_majors.csv
 create mode 100644 tools/new-double-high-collector/data/live_pilot_whtcc/institutions.csv
 create mode 100644 tools/new-double-high-collector/data/live_pilot_whtcc/professional_groups.csv
 create mode 100644 tools/new-double-high-collector/data/live_pilot_whtcc/seeds.csv
 create mode 100644 tools/new-double-high-collector/data/live_pilot_whtcc/source_notes.md
 create mode 100644 tools/new-double-high-collector/data/live_pilot_whvc/group_majors.csv
 create mode 100644 tools/new-double-high-collector/data/live_pilot_whvc/institutions.csv
 create mode 100644 tools/new-double-high-collector/data/live_pilot_whvc/professional_groups.csv
 create mode 100644 tools/new-double-high-collector/data/live_pilot_whvc/seeds.csv
 create mode 100644 tools/new-double-high-collector/data/live_pilot_whvc/source_notes.md
 create mode 100644 tools/new-double-high-collector/data/live_pilot_whvcse/candidate_reviews.csv
 create mode 100644 tools/new-double-high-collector/data/live_pilot_whvcse/group_majors.csv
 create mode 100644 tools/new-double-high-collector/data/live_pilot_whvcse/institutions.csv
 create mode 100644 tools/new-double-high-collector/data/live_pilot_whvcse/professional_groups.csv
 create mode 100644 tools/new-double-high-collector/data/live_pilot_whvcse/seeds.csv
 create mode 100644 tools/new-double-high-collector/data/live_pilot_whvcse/source_notes.md
 create mode 100644 tools/new-double-high-collector/data/live_pilot_wru/candidate_reviews.csv
 create mode 100644 tools/new-double-high-collector/data/live_pilot_wru/group_majors.csv
 create mode 100644 tools/new-double-high-collector/data/live_pilot_wru/institutions.csv
 create mode 100644 tools/new-double-high-collector/data/live_pilot_wru/professional_groups.csv
 create mode 100644 tools/new-double-high-collector/data/live_pilot_wru/seeds.csv
 create mode 100644 tools/new-double-high-collector/data/live_pilot_wru/source_notes.md
 create mode 100644 tools/new-double-high-collector/data/live_pilot_wspc/candidate_reviews.csv
 create mode 100644 tools/new-double-high-collector/data/live_pilot_wspc/group_majors.csv
 create mode 100644 tools/new-double-high-collector/data/live_pilot_wspc/institutions.csv
 create mode 100644 tools/new-double-high-collector/data/live_pilot_wspc/professional_groups.csv
 create mode 100644 tools/new-double-high-collector/data/live_pilot_wspc/seeds.csv
 create mode 100644 tools/new-double-high-collector/data/live_pilot_wspc/source_notes.md
 create mode 100644 tools/new-double-high-collector/data/live_pilot_wtu/candidate_reviews.csv
 create mode 100644 tools/new-double-high-collector/data/live_pilot_wtu/group_majors.csv
 create mode 100644 tools/new-double-high-collector/data/live_pilot_wtu/institutions.csv
 create mode 100644 tools/new-double-high-collector/data/live_pilot_wtu/professional_groups.csv
 create mode 100644 tools/new-double-high-collector/data/live_pilot_wtu/seeds.csv
 create mode 100644 tools/new-double-high-collector/data/live_pilot_wtu/source_notes.md
 create mode 100644 tools/new-double-high-collector/data/live_pilot_wzvcst/group_majors.csv
 create mode 100644 tools/new-double-high-collector/data/live_pilot_wzvcst/institutions.csv
 create mode 100644 tools/new-double-high-collector/data/live_pilot_wzvcst/professional_groups.csv
 create mode 100644 tools/new-double-high-collector/data/live_pilot_wzvcst/seeds.csv
 create mode 100644 tools/new-double-high-collector/data/live_pilot_wzvcst/source_notes.md
 create mode 100644 tools/new-double-high-collector/data/live_pilot_wzvtc/group_majors.csv
 create mode 100644 tools/new-double-high-collector/data/live_pilot_wzvtc/institutions.csv
 create mode 100644 tools/new-double-high-collector/data/live_pilot_wzvtc/professional_groups.csv
 create mode 100644 tools/new-double-high-collector/data/live_pilot_wzvtc/seeds.csv
 create mode 100644 tools/new-double-high-collector/data/live_pilot_wzvtc/source_notes.md
 create mode 100644 tools/new-double-high-collector/data/live_pilot_xcitc/candidate_reviews.csv
 create mode 100644 tools/new-double-high-collector/data/live_pilot_xcitc/group_majors.csv
 create mode 100644 tools/new-double-high-collector/data/live_pilot_xcitc/institutions.csv
 create mode 100644 tools/new-double-high-collector/data/live_pilot_xcitc/professional_groups.csv
 create mode 100644 tools/new-double-high-collector/data/live_pilot_xcitc/seeds.csv
 create mode 100644 tools/new-double-high-collector/data/live_pilot_xcitc/source_notes.md
 create mode 100644 tools/new-double-high-collector/data/live_pilot_xyvtc/candidate_reviews.csv
 create mode 100644 tools/new-double-high-collector/data/live_pilot_xyvtc/group_majors.csv
 create mode 100644 tools/new-double-high-collector/data/live_pilot_xyvtc/institutions.csv
 create mode 100644 tools/new-double-high-collector/data/live_pilot_xyvtc/professional_groups.csv
 create mode 100644 tools/new-double-high-collector/data/live_pilot_xyvtc/seeds.csv
 create mode 100644 tools/new-double-high-collector/data/live_pilot_xyvtc/source_notes.md
 create mode 100644 tools/new-double-high-collector/data/live_pilot_yrcti/candidate_reviews.csv
 create mode 100644 tools/new-double-high-collector/data/live_pilot_yrcti/group_majors.csv
 create mode 100644 tools/new-double-high-collector/data/live_pilot_yrcti/institutions.csv
 create mode 100644 tools/new-double-high-collector/data/live_pilot_yrcti/professional_groups.csv
 create mode 100644 tools/new-double-high-collector/data/live_pilot_yrcti/seeds.csv
 create mode 100644 tools/new-double-high-collector/data/live_pilot_yrcti/source_notes.md
 create mode 100644 tools/new-double-high-collector/data/live_pilot_ytvc/group_majors.csv
 create mode 100644 tools/new-double-high-collector/data/live_pilot_ytvc/institutions.csv
 create mode 100644 tools/new-double-high-collector/data/live_pilot_ytvc/professional_groups.csv
 create mode 100644 tools/new-double-high-collector/data/live_pilot_ytvc/seeds.csv
 create mode 100644 tools/new-double-high-collector/data/live_pilot_ytvc/source_notes.md
 create mode 100644 tools/new-double-high-collector/data/live_pilot_ywicc/group_majors.csv
 create mode 100644 tools/new-double-high-collector/data/live_pilot_ywicc/institutions.csv
 create mode 100644 tools/new-double-high-collector/data/live_pilot_ywicc/professional_groups.csv
 create mode 100644 tools/new-double-high-collector/data/live_pilot_ywicc/seeds.csv
 create mode 100644 tools/new-double-high-collector/data/live_pilot_ywicc/source_notes.md
 create mode 100644 tools/new-double-high-collector/data/live_pilot_zbpu/group_majors.csv
 create mode 100644 tools/new-double-high-collector/data/live_pilot_zbpu/institutions.csv
 create mode 100644 tools/new-double-high-collector/data/live_pilot_zbpu/professional_groups.csv
 create mode 100644 tools/new-double-high-collector/data/live_pilot_zbpu/seeds.csv
 create mode 100644 tools/new-double-high-collector/data/live_pilot_zbpu/source_notes.md
 create mode 100644 tools/new-double-high-collector/data/live_pilot_zfc/group_majors.csv
 create mode 100644 tools/new-double-high-collector/data/live_pilot_zfc/institutions.csv
 create mode 100644 tools/new-double-high-collector/data/live_pilot_zfc/professional_groups.csv
 create mode 100644 tools/new-double-high-collector/data/live_pilot_zfc/seeds.csv
 create mode 100644 tools/new-double-high-collector/data/live_pilot_zfc/source_notes.md
 create mode 100644 tools/new-double-high-collector/data/live_pilot_zime/group_majors.csv
 create mode 100644 tools/new-double-high-collector/data/live_pilot_zime/institutions.csv
 create mode 100644 tools/new-double-high-collector/data/live_pilot_zime/professional_groups.csv
 create mode 100644 tools/new-double-high-collector/data/live_pilot_zime/seeds.csv
 create mode 100644 tools/new-double-high-collector/data/live_pilot_zime/source_notes.md
 create mode 100644 tools/new-double-high-collector/data/live_pilot_zjbc/group_majors.csv
 create mode 100644 tools/new-double-high-collector/data/live_pilot_zjbc/institutions.csv
 create mode 100644 tools/new-double-high-collector/data/live_pilot_zjbc/professional_groups.csv
 create mode 100644 tools/new-double-high-collector/data/live_pilot_zjbc/seeds.csv
 create mode 100644 tools/new-double-high-collector/data/live_pilot_zjbc/source_notes.md
 create mode 100644 tools/new-double-high-collector/data/live_pilot_zjiet/group_majors.csv
 create mode 100644 tools/new-double-high-collector/data/live_pilot_zjiet/institutions.csv
 create mode 100644 tools/new-double-high-collector/data/live_pilot_zjiet/professional_groups.csv
 create mode 100644 tools/new-double-high-collector/data/live_pilot_zjiet/seeds.csv
 create mode 100644 tools/new-double-high-collector/data/live_pilot_zjiet/source_notes.md
 create mode 100644 tools/new-double-high-collector/data/live_pilot_zjitc/group_majors.csv
 create mode 100644 tools/new-double-high-collector/data/live_pilot_zjitc/institutions.csv
 create mode 100644 tools/new-double-high-collector/data/live_pilot_zjitc/professional_groups.csv
 create mode 100644 tools/new-double-high-collector/data/live_pilot_zjitc/seeds.csv
 create mode 100644 tools/new-double-high-collector/data/live_pilot_zjitc/source_notes.md
 create mode 100644 tools/new-double-high-collector/data/live_pilot_zjjs/group_majors.csv
 create mode 100644 tools/new-double-high-collector/data/live_pilot_zjjs/institutions.csv
 create mode 100644 tools/new-double-high-collector/data/live_pilot_zjjs/professional_groups.csv
 create mode 100644 tools/new-double-high-collector/data/live_pilot_zjjs/seeds.csv
 create mode 100644 tools/new-double-high-collector/data/live_pilot_zjjs/source_notes.md
 create mode 100644 tools/new-double-high-collector/data/live_pilot_zjtie/group_majors.csv
 create mode 100644 tools/new-double-high-collector/data/live_pilot_zjtie/institutions.csv
 create mode 100644 tools/new-double-high-collector/data/live_pilot_zjtie/professional_groups.csv
 create mode 100644 tools/new-double-high-collector/data/live_pilot_zjtie/seeds.csv
 create mode 100644 tools/new-double-high-collector/data/live_pilot_zjtie/source_notes.md
 create mode 100644 tools/new-double-high-collector/data/live_pilot_zjvtit/group_majors.csv
 create mode 100644 tools/new-double-high-collector/data/live_pilot_zjvtit/institutions.csv
 create mode 100644 tools/new-double-high-collector/data/live_pilot_zjvtit/professional_groups.csv
 create mode 100644 tools/new-double-high-collector/data/live_pilot_zjvtit/seeds.csv
 create mode 100644 tools/new-double-high-collector/data/live_pilot_zjvtit/source_notes.md
 create mode 100644 tools/new-double-high-collector/data/live_pilot_zstp/group_majors.csv
 create mode 100644 tools/new-double-high-collector/data/live_pilot_zstp/institutions.csv
 create mode 100644 tools/new-double-high-collector/data/live_pilot_zstp/professional_groups.csv
 create mode 100644 tools/new-double-high-collector/data/live_pilot_zstp/seeds.csv
 create mode 100644 tools/new-double-high-collector/data/live_pilot_zstp/source_notes.md
 create mode 100644 tools/new-double-high-collector/data/live_pilot_zzrvtc/candidate_reviews.csv
 create mode 100644 tools/new-double-high-collector/data/live_pilot_zzrvtc/group_majors.csv
 create mode 100644 tools/new-double-high-collector/data/live_pilot_zzrvtc/institutions.csv
 create mode 100644 tools/new-double-high-collector/data/live_pilot_zzrvtc/professional_groups.csv
 create mode 100644 tools/new-double-high-collector/data/live_pilot_zzrvtc/seeds.csv
 create mode 100644 tools/new-double-high-collector/data/live_pilot_zzrvtc/source_notes.md
 create mode 100644 tools/new-double-high-collector/data/national_queue/schools.csv
 create mode 100644 tools/new-double-high-collector/data/storage_pilot/group_majors.csv
 create mode 100644 tools/new-double-high-collector/data/storage_pilot/institutions.csv
 create mode 100644 tools/new-double-high-collector/data/storage_pilot/professional_groups.csv
 create mode 100644 tools/new-double-high-collector/data/storage_pilot/seeds.csv
 create mode 100644 tools/new-double-high-collector/data/storage_pilot/source_notes.md
 create mode 100644 tools/new-double-high-collector/data/verified_batch_001/group_majors.csv
 create mode 100644 tools/new-double-high-collector/data/verified_batch_001/institutions.csv
 create mode 100644 tools/new-double-high-collector/data/verified_batch_001/professional_groups.csv
 create mode 100644 tools/new-double-high-collector/data/verified_batch_001/seeds.csv
 create mode 100644 tools/new-double-high-collector/data/verified_batch_001/source_notes.md
 create mode 100644 tools/new-double-high-collector/data/verified_batch_002/group_majors.csv
 create mode 100644 tools/new-double-high-collector/data/verified_batch_002/institutions.csv
 create mode 100644 tools/new-double-high-collector/data/verified_batch_002/professional_groups.csv
 create mode 100644 tools/new-double-high-collector/data/verified_batch_002/seeds.csv
 create mode 100644 tools/new-double-high-collector/data/verified_batch_002/source_notes.md
 create mode 100644 tools/new-double-high-collector/data/verified_batch_003/group_majors.csv
 create mode 100644 tools/new-double-high-collector/data/verified_batch_003/institutions.csv
 create mode 100644 tools/new-double-high-collector/data/verified_batch_003/professional_groups.csv
 create mode 100644 tools/new-double-high-collector/data/verified_batch_003/seeds.csv
 create mode 100644 tools/new-double-high-collector/data/verified_batch_003/source_notes.md
 create mode 100644 tools/new-double-high-collector/data/verified_batch_004/group_majors.csv
 create mode 100644 tools/new-double-high-collector/data/verified_batch_004/institutions.csv
 create mode 100644 tools/new-double-high-collector/data/verified_batch_004/professional_groups.csv
 create mode 100644 tools/new-double-high-collector/data/verified_batch_004/seeds.csv
 create mode 100644 tools/new-double-high-collector/data/verified_batch_004/source_notes.md
 create mode 100644 tools/new-double-high-collector/data/verified_batch_005/group_majors.csv
 create mode 100644 tools/new-double-high-collector/data/verified_batch_005/institutions.csv
 create mode 100644 tools/new-double-high-collector/data/verified_batch_005/professional_groups.csv
 create mode 100644 tools/new-double-high-collector/data/verified_batch_005/seeds.csv
 create mode 100644 tools/new-double-high-collector/data/verified_batch_005/source_notes.md
 create mode 100644 tools/new-double-high-collector/data/verified_batch_006/group_majors.csv
 create mode 100644 tools/new-double-high-collector/data/verified_batch_006/institutions.csv
 create mode 100644 tools/new-double-high-collector/data/verified_batch_006/professional_groups.csv
 create mode 100644 tools/new-double-high-collector/data/verified_batch_006/seeds.csv
 create mode 100644 tools/new-double-high-collector/data/verified_batch_006/source_notes.md
 create mode 100644 tools/new-double-high-collector/data/verified_batch_007/group_majors.csv
 create mode 100644 tools/new-double-high-collector/data/verified_batch_007/institutions.csv
 create mode 100644 tools/new-double-high-collector/data/verified_batch_007/professional_groups.csv
 create mode 100644 tools/new-double-high-collector/data/verified_batch_007/seeds.csv
 create mode 100644 tools/new-double-high-collector/data/verified_batch_007/source_notes.md
 create mode 100644 tools/new-double-high-collector/data/verified_batch_008/group_majors.csv
 create mode 100644 tools/new-double-high-collector/data/verified_batch_008/institutions.csv
 create mode 100644 tools/new-double-high-collector/data/verified_batch_008/professional_groups.csv
 create mode 100644 tools/new-double-high-collector/data/verified_batch_008/seeds.csv
 create mode 100644 tools/new-double-high-collector/data/verified_batch_008/source_notes.md
 create mode 100644 tools/new-double-high-collector/data/verified_batch_009/group_majors.csv
 create mode 100644 tools/new-double-high-collector/data/verified_batch_009/institutions.csv
 create mode 100644 tools/new-double-high-collector/data/verified_batch_009/professional_groups.csv
 create mode 100644 tools/new-double-high-collector/data/verified_batch_009/seeds.csv
 create mode 100644 tools/new-double-high-collector/data/verified_batch_009/source_notes.md
 create mode 100644 tools/new-double-high-collector/data/verified_batch_010/group_majors.csv
 create mode 100644 tools/new-double-high-collector/data/verified_batch_010/institutions.csv
 create mode 100644 tools/new-double-high-collector/data/verified_batch_010/professional_groups.csv
 create mode 100644 tools/new-double-high-collector/data/verified_batch_010/seeds.csv
 create mode 100644 tools/new-double-high-collector/data/verified_batch_010/source_notes.md
 create mode 100644 tools/new-double-high-collector/data/verified_batch_011/group_majors.csv
 create mode 100644 tools/new-double-high-collector/data/verified_batch_011/institutions.csv
 create mode 100644 tools/new-double-high-collector/data/verified_batch_011/professional_groups.csv
 create mode 100644 tools/new-double-high-collector/data/verified_batch_011/seeds.csv
 create mode 100644 tools/new-double-high-collector/data/verified_batch_011/source_notes.md
 create mode 100644 tools/new-double-high-collector/data/verified_batch_012/group_majors.csv
 create mode 100644 tools/new-double-high-collector/data/verified_batch_012/institutions.csv
 create mode 100644 tools/new-double-high-collector/data/verified_batch_012/professional_groups.csv
 create mode 100644 tools/new-double-high-collector/data/verified_batch_012/seeds.csv
 create mode 100644 tools/new-double-high-collector/data/verified_batch_012/source_notes.md
 create mode 100644 tools/new-double-high-collector/data/verified_batch_013/group_majors.csv
 create mode 100644 tools/new-double-high-collector/data/verified_batch_013/institutions.csv
 create mode 100644 tools/new-double-high-collector/data/verified_batch_013/professional_groups.csv
 create mode 100644 tools/new-double-high-collector/data/verified_batch_013/seeds.csv
 create mode 100644 tools/new-double-high-collector/data/verified_batch_013/source_notes.md
 create mode 100644 tools/new-double-high-collector/data/verified_batch_014/group_majors.csv
 create mode 100644 tools/new-double-high-collector/data/verified_batch_014/institutions.csv
 create mode 100644 tools/new-double-high-collector/data/verified_batch_014/professional_groups.csv
 create mode 100644 tools/new-double-high-collector/data/verified_batch_014/seeds.csv
 create mode 100644 tools/new-double-high-collector/data/verified_batch_014/source_notes.md
 create mode 100644 tools/new-double-high-collector/data/verified_batch_015/group_majors.csv
 create mode 100644 tools/new-double-high-collector/data/verified_batch_015/institutions.csv
 create mode 100644 tools/new-double-high-collector/data/verified_batch_015/professional_groups.csv
 create mode 100644 tools/new-double-high-collector/data/verified_batch_015/seeds.csv
 create mode 100644 tools/new-double-high-collector/data/verified_batch_015/source_notes.md
 create mode 100644 tools/new-double-high-collector/data/verified_batch_016/group_majors.csv
 create mode 100644 tools/new-double-high-collector/data/verified_batch_016/institutions.csv
 create mode 100644 tools/new-double-high-collector/data/verified_batch_016/professional_groups.csv
 create mode 100644 tools/new-double-high-collector/data/verified_batch_016/seeds.csv
 create mode 100644 tools/new-double-high-collector/data/verified_batch_016/source_notes.md
 create mode 100644 tools/new-double-high-collector/data/verified_batch_017/group_majors.csv
 create mode 100644 tools/new-double-high-collector/data/verified_batch_017/institutions.csv
 create mode 100644 tools/new-double-high-collector/data/verified_batch_017/professional_groups.csv
 create mode 100644 tools/new-double-high-collector/data/verified_batch_017/seeds.csv
 create mode 100644 tools/new-double-high-collector/data/verified_batch_017/source_notes.md
 create mode 100644 tools/new-double-high-collector/data/verified_batch_018/group_majors.csv
 create mode 100644 tools/new-double-high-collector/data/verified_batch_018/institutions.csv
 create mode 100644 tools/new-double-high-collector/data/verified_batch_018/professional_groups.csv
 create mode 100644 tools/new-double-high-collector/data/verified_batch_018/seeds.csv
 create mode 100644 tools/new-double-high-collector/data/verified_batch_018/source_notes.md
 create mode 100644 tools/new-double-high-collector/data/verified_batch_019/group_majors.csv
 create mode 100644 tools/new-double-high-collector/data/verified_batch_019/institutions.csv
 create mode 100644 tools/new-double-high-collector/data/verified_batch_019/professional_groups.csv
 create mode 100644 tools/new-double-high-collector/data/verified_batch_019/seeds.csv
 create mode 100644 tools/new-double-high-collector/data/verified_batch_019/source_notes.md
 create mode 100644 tools/new-double-high-collector/data/verified_batch_020/group_majors.csv
 create mode 100644 tools/new-double-high-collector/data/verified_batch_020/institutions.csv
 create mode 100644 tools/new-double-high-collector/data/verified_batch_020/professional_groups.csv
 create mode 100644 tools/new-double-high-collector/data/verified_batch_020/seeds.csv
 create mode 100644 tools/new-double-high-collector/data/verified_batch_020/source_notes.md
 create mode 100644 tools/new-double-high-collector/data/verified_batch_021/group_majors.csv
 create mode 100644 tools/new-double-high-collector/data/verified_batch_021/institutions.csv
 create mode 100644 tools/new-double-high-collector/data/verified_batch_021/professional_groups.csv
 create mode 100644 tools/new-double-high-collector/data/verified_batch_021/seeds.csv
 create mode 100644 tools/new-double-high-collector/data/verified_batch_021/source_notes.md
 create mode 100644 tools/new-double-high-collector/data/verified_batch_022/group_majors.csv
 create mode 100644 tools/new-double-high-collector/data/verified_batch_022/institutions.csv
 create mode 100644 tools/new-double-high-collector/data/verified_batch_022/professional_groups.csv
 create mode 100644 tools/new-double-high-collector/data/verified_batch_022/seeds.csv
 create mode 100644 tools/new-double-high-collector/data/verified_batch_022/source_notes.md
 create mode 100644 tools/new-double-high-collector/data/verified_batch_023/group_majors.csv
 create mode 100644 tools/new-double-high-collector/data/verified_batch_023/institutions.csv
 create mode 100644 tools/new-double-high-collector/data/verified_batch_023/professional_groups.csv
 create mode 100644 tools/new-double-high-collector/data/verified_batch_023/seeds.csv
 create mode 100644 tools/new-double-high-collector/data/verified_batch_023/source_notes.md
 create mode 100644 tools/new-double-high-collector/data/verified_batch_024/group_majors.csv
 create mode 100644 tools/new-double-high-collector/data/verified_batch_024/institutions.csv
 create mode 100644 tools/new-double-high-collector/data/verified_batch_024/professional_groups.csv
 create mode 100644 tools/new-double-high-collector/data/verified_batch_024/seeds.csv
 create mode 100644 tools/new-double-high-collector/data/verified_batch_024/source_notes.md
 create mode 100644 tools/new-double-high-collector/data/verified_batch_025/group_majors.csv
 create mode 100644 tools/new-double-high-collector/data/verified_batch_025/institutions.csv
 create mode 100644 tools/new-double-high-collector/data/verified_batch_025/professional_groups.csv
 create mode 100644 tools/new-double-high-collector/data/verified_batch_025/seeds.csv
 create mode 100644 tools/new-double-high-collector/data/verified_batch_025/source_notes.md
 create mode 100644 tools/new-double-high-collector/data/verified_batch_026/group_majors.csv
 create mode 100644 tools/new-double-high-collector/data/verified_batch_026/institutions.csv
 create mode 100644 tools/new-double-high-collector/data/verified_batch_026/professional_groups.csv
 create mode 100644 tools/new-double-high-collector/data/verified_batch_026/seeds.csv
 create mode 100644 tools/new-double-high-collector/data/verified_batch_026/source_notes.md
 create mode 100644 tools/new-double-high-collector/data/verified_batch_027/group_majors.csv
 create mode 100644 tools/new-double-high-collector/data/verified_batch_027/institutions.csv
 create mode 100644 tools/new-double-high-collector/data/verified_batch_027/professional_groups.csv
 create mode 100644 tools/new-double-high-collector/data/verified_batch_027/seeds.csv
 create mode 100644 tools/new-double-high-collector/data/verified_batch_027/source_notes.md
 create mode 100644 tools/new-double-high-collector/data/verified_batch_028/group_majors.csv
 create mode 100644 tools/new-double-high-collector/data/verified_batch_028/institutions.csv
 create mode 100644 tools/new-double-high-collector/data/verified_batch_028/professional_groups.csv
 create mode 100644 tools/new-double-high-collector/data/verified_batch_028/seeds.csv
 create mode 100644 tools/new-double-high-collector/data/verified_batch_028/source_notes.md
 create mode 100644 tools/new-double-high-collector/data/verified_batch_029/group_majors.csv
 create mode 100644 tools/new-double-high-collector/data/verified_batch_029/institutions.csv
 create mode 100644 tools/new-double-high-collector/data/verified_batch_029/professional_groups.csv
 create mode 100644 tools/new-double-high-collector/data/verified_batch_029/seeds.csv
 create mode 100644 tools/new-double-high-collector/data/verified_batch_029/source_notes.md
 create mode 100644 tools/new-double-high-collector/data/verified_batch_030/group_majors.csv
 create mode 100644 tools/new-double-high-collector/data/verified_batch_030/institutions.csv
 create mode 100644 tools/new-double-high-collector/data/verified_batch_030/professional_groups.csv
 create mode 100644 tools/new-double-high-collector/data/verified_batch_030/seeds.csv
 create mode 100644 tools/new-double-high-collector/data/verified_batch_030/source_notes.md
 create mode 100644 tools/new-double-high-collector/data/verified_batch_031/group_majors.csv
 create mode 100644 tools/new-double-high-collector/data/verified_batch_031/institutions.csv
 create mode 100644 tools/new-double-high-collector/data/verified_batch_031/professional_groups.csv
 create mode 100644 tools/new-double-high-collector/data/verified_batch_031/seeds.csv
 create mode 100644 tools/new-double-high-collector/data/verified_batch_031/source_notes.md
 create mode 100644 tools/new-double-high-collector/data/verified_batch_032/group_majors.csv
 create mode 100644 tools/new-double-high-collector/data/verified_batch_032/institutions.csv
 create mode 100644 tools/new-double-high-collector/data/verified_batch_032/professional_groups.csv
 create mode 100644 tools/new-double-high-collector/data/verified_batch_032/seeds.csv
 create mode 100644 tools/new-double-high-collector/data/verified_batch_032/source_notes.md
 create mode 100644 tools/new-double-high-collector/data/verified_batch_033/group_majors.csv
 create mode 100644 tools/new-double-high-collector/data/verified_batch_033/institutions.csv
 create mode 100644 tools/new-double-high-collector/data/verified_batch_033/professional_groups.csv
 create mode 100644 tools/new-double-high-collector/data/verified_batch_033/seeds.csv
 create mode 100644 tools/new-double-high-collector/data/verified_batch_033/source_notes.md
 create mode 100644 tools/new-double-high-collector/data/verified_batch_034/group_majors.csv
 create mode 100644 tools/new-double-high-collector/data/verified_batch_034/institutions.csv
 create mode 100644 tools/new-double-high-collector/data/verified_batch_034/professional_groups.csv
 create mode 100644 tools/new-double-high-collector/data/verified_batch_034/seeds.csv
 create mode 100644 tools/new-double-high-collector/data/verified_batch_034/source_notes.md
 create mode 100644 tools/new-double-high-collector/data/verified_batch_035/group_majors.csv
 create mode 100644 tools/new-double-high-collector/data/verified_batch_035/institutions.csv
 create mode 100644 tools/new-double-high-collector/data/verified_batch_035/professional_groups.csv
 create mode 100644 tools/new-double-high-collector/data/verified_batch_035/seeds.csv
 create mode 100644 tools/new-double-high-collector/data/verified_batch_035/source_notes.md
 create mode 100644 tools/new-double-high-collector/data/verified_batch_036/group_majors.csv
 create mode 100644 tools/new-double-high-collector/data/verified_batch_036/institutions.csv
 create mode 100644 tools/new-double-high-collector/data/verified_batch_036/professional_groups.csv
 create mode 100644 tools/new-double-high-collector/data/verified_batch_036/seeds.csv
 create mode 100644 tools/new-double-high-collector/data/verified_batch_036/source_notes.md
 create mode 100644 tools/new-double-high-collector/data/verified_batch_037/group_majors.csv
 create mode 100644 tools/new-double-high-collector/data/verified_batch_037/institutions.csv
 create mode 100644 tools/new-double-high-collector/data/verified_batch_037/professional_groups.csv
 create mode 100644 tools/new-double-high-collector/data/verified_batch_037/seeds.csv
 create mode 100644 tools/new-double-high-collector/data/verified_batch_037/source_notes.md
 create mode 100644 tools/new-double-high-collector/data/verified_batch_038/group_majors.csv
 create mode 100644 tools/new-double-high-collector/data/verified_batch_038/institutions.csv
 create mode 100644 tools/new-double-high-collector/data/verified_batch_038/professional_groups.csv
 create mode 100644 tools/new-double-high-collector/data/verified_batch_038/seeds.csv
 create mode 100644 tools/new-double-high-collector/data/verified_batch_038/source_notes.md
 create mode 100644 tools/new-double-high-collector/data/verified_batch_039/group_majors.csv
 create mode 100644 tools/new-double-high-collector/data/verified_batch_039/institutions.csv
 create mode 100644 tools/new-double-high-collector/data/verified_batch_039/professional_groups.csv
 create mode 100644 tools/new-double-high-collector/data/verified_batch_039/seeds.csv
 create mode 100644 tools/new-double-high-collector/data/verified_batch_039/source_notes.md
 create mode 100644 tools/new-double-high-collector/data/verified_batch_040/group_majors.csv
 create mode 100644 tools/new-double-high-collector/data/verified_batch_040/institutions.csv
 create mode 100644 tools/new-double-high-collector/data/verified_batch_040/professional_groups.csv
 create mode 100644 tools/new-double-high-collector/data/verified_batch_040/seeds.csv
 create mode 100644 tools/new-double-high-collector/data/verified_batch_040/source_notes.md
 create mode 100644 tools/new-double-high-collector/data/verified_batch_041/group_majors.csv
 create mode 100644 tools/new-double-high-collector/data/verified_batch_041/institutions.csv
 create mode 100644 tools/new-double-high-collector/data/verified_batch_041/professional_groups.csv
 create mode 100644 tools/new-double-high-collector/data/verified_batch_041/seeds.csv
 create mode 100644 tools/new-double-high-collector/data/verified_batch_041/source_notes.md
 create mode 100644 tools/new-double-high-collector/data/verified_batch_042/group_majors.csv
 create mode 100644 tools/new-double-high-collector/data/verified_batch_042/institutions.csv
 create mode 100644 tools/new-double-high-collector/data/verified_batch_042/professional_groups.csv
 create mode 100644 tools/new-double-high-collector/data/verified_batch_042/seeds.csv
 create mode 100644 tools/new-double-high-collector/data/verified_batch_042/source_notes.md
 create mode 100644 tools/new-double-high-collector/data/verified_batch_043/group_majors.csv
 create mode 100644 tools/new-double-high-collector/data/verified_batch_043/institutions.csv
 create mode 100644 tools/new-double-high-collector/data/verified_batch_043/professional_groups.csv
 create mode 100644 tools/new-double-high-collector/data/verified_batch_043/seeds.csv
 create mode 100644 tools/new-double-high-collector/data/verified_batch_043/source_notes.md
 create mode 100644 tools/new-double-high-collector/data/verified_batch_044/group_majors.csv
 create mode 100644 tools/new-double-high-collector/data/verified_batch_044/institutions.csv
 create mode 100644 tools/new-double-high-collector/data/verified_batch_044/professional_groups.csv
 create mode 100644 tools/new-double-high-collector/data/verified_batch_044/seeds.csv
 create mode 100644 tools/new-double-high-collector/data/verified_batch_044/source_notes.md
 create mode 100644 tools/new-double-high-collector/data/verified_batch_045/group_majors.csv
 create mode 100644 tools/new-double-high-collector/data/verified_batch_045/institutions.csv
 create mode 100644 tools/new-double-high-collector/data/verified_batch_045/professional_groups.csv
 create mode 100644 tools/new-double-high-collector/data/verified_batch_045/seeds.csv
 create mode 100644 tools/new-double-high-collector/data/verified_batch_045/source_notes.md
 create mode 100644 tools/new-double-high-collector/data/verified_batch_046/group_majors.csv
 create mode 100644 tools/new-double-high-collector/data/verified_batch_046/institutions.csv
 create mode 100644 tools/new-double-high-collector/data/verified_batch_046/professional_groups.csv
 create mode 100644 tools/new-double-high-collector/data/verified_batch_046/seeds.csv
 create mode 100644 tools/new-double-high-collector/data/verified_batch_046/source_notes.md
 create mode 100644 tools/new-double-high-collector/data/verified_batch_047/group_majors.csv
 create mode 100644 tools/new-double-high-collector/data/verified_batch_047/institutions.csv
 create mode 100644 tools/new-double-high-collector/data/verified_batch_047/professional_groups.csv
 create mode 100644 tools/new-double-high-collector/data/verified_batch_047/seeds.csv
 create mode 100644 tools/new-double-high-collector/data/verified_batch_047/source_notes.md
 create mode 100644 tools/new-double-high-collector/data/verified_batch_048/group_majors.csv
 create mode 100644 tools/new-double-high-collector/data/verified_batch_048/institutions.csv
 create mode 100644 tools/new-double-high-collector/data/verified_batch_048/professional_groups.csv
 create mode 100644 tools/new-double-high-collector/data/verified_batch_048/seeds.csv
 create mode 100644 tools/new-double-high-collector/data/verified_batch_048/source_notes.md
 create mode 100644 tools/new-double-high-collector/data/verified_batch_049/group_majors.csv
 create mode 100644 tools/new-double-high-collector/data/verified_batch_049/institutions.csv
 create mode 100644 tools/new-double-high-collector/data/verified_batch_049/professional_groups.csv
 create mode 100644 tools/new-double-high-collector/data/verified_batch_049/seeds.csv
 create mode 100644 tools/new-double-high-collector/data/verified_batch_049/source_notes.md
 create mode 100644 tools/new-double-high-collector/data/verified_batch_050/group_majors.csv
 create mode 100644 tools/new-double-high-collector/data/verified_batch_050/institutions.csv
 create mode 100644 tools/new-double-high-collector/data/verified_batch_050/professional_groups.csv
 create mode 100644 tools/new-double-high-collector/data/verified_batch_050/seeds.csv
 create mode 100644 tools/new-double-high-collector/data/verified_batch_050/source_notes.md
 create mode 100644 tools/new-double-high-collector/data/verified_batch_051/group_majors.csv
 create mode 100644 tools/new-double-high-collector/data/verified_batch_051/institutions.csv
 create mode 100644 tools/new-double-high-collector/data/verified_batch_051/professional_groups.csv
 create mode 100644 tools/new-double-high-collector/data/verified_batch_051/seeds.csv
 create mode 100644 tools/new-double-high-collector/data/verified_batch_051/source_notes.md
 create mode 100644 tools/new-double-high-collector/data/verified_batch_052/group_majors.csv
 create mode 100644 tools/new-double-high-collector/data/verified_batch_052/institutions.csv
 create mode 100644 tools/new-double-high-collector/data/verified_batch_052/professional_groups.csv
 create mode 100644 tools/new-double-high-collector/data/verified_batch_052/seeds.csv
 create mode 100644 tools/new-double-high-collector/data/verified_batch_052/source_notes.md
 create mode 100644 tools/new-double-high-collector/data/verified_batch_053/group_majors.csv
 create mode 100644 tools/new-double-high-collector/data/verified_batch_053/institutions.csv
 create mode 100644 tools/new-double-high-collector/data/verified_batch_053/professional_groups.csv
 create mode 100644 tools/new-double-high-collector/data/verified_batch_053/seeds.csv
 create mode 100644 tools/new-double-high-collector/data/verified_batch_053/source_notes.md
 create mode 100644 tools/new-double-high-collector/data/verified_batch_054/group_majors.csv
 create mode 100644 tools/new-double-high-collector/data/verified_batch_054/institutions.csv
 create mode 100644 tools/new-double-high-collector/data/verified_batch_054/professional_groups.csv
 create mode 100644 tools/new-double-high-collector/data/verified_batch_054/seeds.csv
 create mode 100644 tools/new-double-high-collector/data/verified_batch_054/source_notes.md
 create mode 100644 tools/new-double-high-collector/data/verified_batch_055/group_majors.csv
 create mode 100644 tools/new-double-high-collector/data/verified_batch_055/institutions.csv
 create mode 100644 tools/new-double-high-collector/data/verified_batch_055/professional_groups.csv
 create mode 100644 tools/new-double-high-collector/data/verified_batch_055/seeds.csv
 create mode 100644 tools/new-double-high-collector/data/verified_batch_055/source_notes.md
 create mode 100644 tools/new-double-high-collector/data/verified_batch_056/group_majors.csv
 create mode 100644 tools/new-double-high-collector/data/verified_batch_056/institutions.csv
 create mode 100644 tools/new-double-high-collector/data/verified_batch_056/professional_groups.csv
 create mode 100644 tools/new-double-high-collector/data/verified_batch_056/seeds.csv
 create mode 100644 tools/new-double-high-collector/data/verified_batch_056/source_notes.md
 create mode 100644 tools/new-double-high-collector/data/verified_batch_057/group_majors.csv
 create mode 100644 tools/new-double-high-collector/data/verified_batch_057/institutions.csv
 create mode 100644 tools/new-double-high-collector/data/verified_batch_057/professional_groups.csv
 create mode 100644 tools/new-double-high-collector/data/verified_batch_057/seeds.csv
 create mode 100644 tools/new-double-high-collector/data/verified_batch_057/source_notes.md
 create mode 100644 tools/new-double-high-collector/data/verified_batch_058/group_majors.csv
 create mode 100644 tools/new-double-high-collector/data/verified_batch_058/institutions.csv
 create mode 100644 tools/new-double-high-collector/data/verified_batch_058/professional_groups.csv
 create mode 100644 tools/new-double-high-collector/data/verified_batch_058/seeds.csv
 create mode 100644 tools/new-double-high-collector/data/verified_batch_058/source_notes.md
 create mode 100644 tools/new-double-high-collector/data/verified_batch_059/group_majors.csv
 create mode 100644 tools/new-double-high-collector/data/verified_batch_059/institutions.csv
 create mode 100644 tools/new-double-high-collector/data/verified_batch_059/professional_groups.csv
 create mode 100644 tools/new-double-high-collector/data/verified_batch_059/seeds.csv
 create mode 100644 tools/new-double-high-collector/data/verified_batch_059/source_notes.md
 create mode 100644 tools/new-double-high-collector/data/verified_batch_060/group_majors.csv
 create mode 100644 tools/new-double-high-collector/data/verified_batch_060/institutions.csv
 create mode 100644 tools/new-double-high-collector/data/verified_batch_060/professional_groups.csv
 create mode 100644 tools/new-double-high-collector/data/verified_batch_060/seeds.csv
 create mode 100644 tools/new-double-high-collector/data/verified_batch_060/source_notes.md
 create mode 100644 tools/new-double-high-collector/data/verified_batch_061/group_majors.csv
 create mode 100644 tools/new-double-high-collector/data/verified_batch_061/institutions.csv
 create mode 100644 tools/new-double-high-collector/data/verified_batch_061/professional_groups.csv
 create mode 100644 tools/new-double-high-collector/data/verified_batch_061/seeds.csv
 create mode 100644 tools/new-double-high-collector/data/verified_batch_061/source_notes.md
 create mode 100644 tools/new-double-high-collector/data/verified_batch_062/group_majors.csv
 create mode 100644 tools/new-double-high-collector/data/verified_batch_062/institutions.csv
 create mode 100644 tools/new-double-high-collector/data/verified_batch_062/professional_groups.csv
 create mode 100644 tools/new-double-high-collector/data/verified_batch_062/seeds.csv
 create mode 100644 tools/new-double-high-collector/data/verified_batch_062/source_notes.md
 create mode 100644 tools/new-double-high-collector/data/verified_batch_063/group_majors.csv
 create mode 100644 tools/new-double-high-collector/data/verified_batch_063/institutions.csv
 create mode 100644 tools/new-double-high-collector/data/verified_batch_063/professional_groups.csv
 create mode 100644 tools/new-double-high-collector/data/verified_batch_063/seeds.csv
 create mode 100644 tools/new-double-high-collector/data/verified_batch_063/source_notes.md
 create mode 100644 tools/new-double-high-collector/data/verified_batch_064/group_majors.csv
 create mode 100644 tools/new-double-high-collector/data/verified_batch_064/institutions.csv
 create mode 100644 tools/new-double-high-collector/data/verified_batch_064/professional_groups.csv
 create mode 100644 tools/new-double-high-collector/data/verified_batch_064/seeds.csv
 create mode 100644 tools/new-double-high-collector/data/verified_batch_064/source_notes.md
 create mode 100644 tools/new-double-high-collector/data/verified_batch_065/group_majors.csv
 create mode 100644 tools/new-double-high-collector/data/verified_batch_065/institutions.csv
 create mode 100644 tools/new-double-high-collector/data/verified_batch_065/professional_groups.csv
 create mode 100644 tools/new-double-high-collector/data/verified_batch_065/seeds.csv
 create mode 100644 tools/new-double-high-collector/data/verified_batch_065/source_notes.md
 create mode 100644 tools/new-double-high-collector/data/verified_batch_066/group_majors.csv
 create mode 100644 tools/new-double-high-collector/data/verified_batch_066/institutions.csv
 create mode 100644 tools/new-double-high-collector/data/verified_batch_066/professional_groups.csv
 create mode 100644 tools/new-double-high-collector/data/verified_batch_066/seeds.csv
 create mode 100644 tools/new-double-high-collector/data/verified_batch_066/source_notes.md
 create mode 100644 tools/new-double-high-collector/data/verified_batch_067/group_majors.csv
 create mode 100644 tools/new-double-high-collector/data/verified_batch_067/institutions.csv
 create mode 100644 tools/new-double-high-collector/data/verified_batch_067/professional_groups.csv
 create mode 100644 tools/new-double-high-collector/data/verified_batch_067/seeds.csv
 create mode 100644 tools/new-double-high-collector/data/verified_batch_067/source_notes.md
 create mode 100644 tools/new-double-high-collector/data/verified_batch_068/group_majors.csv
 create mode 100644 tools/new-double-high-collector/data/verified_batch_068/institutions.csv
 create mode 100644 tools/new-double-high-collector/data/verified_batch_068/professional_groups.csv
 create mode 100644 tools/new-double-high-collector/data/verified_batch_068/seeds.csv
 create mode 100644 tools/new-double-high-collector/data/verified_batch_068/source_notes.md
 create mode 100644 tools/new-double-high-collector/data/verified_batch_069/group_majors.csv
 create mode 100644 tools/new-double-high-collector/data/verified_batch_069/institutions.csv
 create mode 100644 tools/new-double-high-collector/data/verified_batch_069/professional_groups.csv
 create mode 100644 tools/new-double-high-collector/data/verified_batch_069/seeds.csv
 create mode 100644 tools/new-double-high-collector/data/verified_batch_069/source_notes.md
 create mode 100644 tools/new-double-high-collector/data/verified_batch_070/group_majors.csv
 create mode 100644 tools/new-double-high-collector/data/verified_batch_070/institutions.csv
 create mode 100644 tools/new-double-high-collector/data/verified_batch_070/professional_groups.csv
 create mode 100644 tools/new-double-high-collector/data/verified_batch_070/seeds.csv
 create mode 100644 tools/new-double-high-collector/data/verified_batch_070/source_notes.md
 create mode 100644 tools/new-double-high-collector/data/verified_batch_071/group_majors.csv
 create mode 100644 tools/new-double-high-collector/data/verified_batch_071/institutions.csv
 create mode 100644 tools/new-double-high-collector/data/verified_batch_071/professional_groups.csv
 create mode 100644 tools/new-double-high-collector/data/verified_batch_071/seeds.csv
 create mode 100644 tools/new-double-high-collector/data/verified_batch_071/source_notes.md
 create mode 100644 tools/new-double-high-collector/data/verified_batch_072/group_majors.csv
 create mode 100644 tools/new-double-high-collector/data/verified_batch_072/institutions.csv
 create mode 100644 tools/new-double-high-collector/data/verified_batch_072/professional_groups.csv
 create mode 100644 tools/new-double-high-collector/data/verified_batch_072/seeds.csv
 create mode 100644 tools/new-double-high-collector/data/verified_batch_072/source_notes.md
 create mode 100644 tools/new-double-high-collector/data/verified_batch_073/group_majors.csv
 create mode 100644 tools/new-double-high-collector/data/verified_batch_073/institutions.csv
 create mode 100644 tools/new-double-high-collector/data/verified_batch_073/professional_groups.csv
 create mode 100644 tools/new-double-high-collector/data/verified_batch_073/seeds.csv
 create mode 100644 tools/new-double-high-collector/data/verified_batch_073/source_notes.md
 create mode 100644 tools/new-double-high-collector/data/verified_batch_074/group_majors.csv
 create mode 100644 tools/new-double-high-collector/data/verified_batch_074/institutions.csv
 create mode 100644 tools/new-double-high-collector/data/verified_batch_074/professional_groups.csv
 create mode 100644 tools/new-double-high-collector/data/verified_batch_074/seeds.csv
 create mode 100644 tools/new-double-high-collector/data/verified_batch_074/source_notes.md
 create mode 100644 tools/new-double-high-collector/data/verified_batch_075/group_majors.csv
 create mode 100644 tools/new-double-high-collector/data/verified_batch_075/institutions.csv
 create mode 100644 tools/new-double-high-collector/data/verified_batch_075/professional_groups.csv
 create mode 100644 tools/new-double-high-collector/data/verified_batch_075/seeds.csv
 create mode 100644 tools/new-double-high-collector/data/verified_batch_075/source_notes.md
 create mode 100644 tools/new-double-high-collector/data/verified_batch_076/group_majors.csv
 create mode 100644 tools/new-double-high-collector/data/verified_batch_076/institutions.csv
 create mode 100644 tools/new-double-high-collector/data/verified_batch_076/professional_groups.csv
 create mode 100644 tools/new-double-high-collector/data/verified_batch_076/seeds.csv
 create mode 100644 tools/new-double-high-collector/data/verified_batch_076/source_notes.md
 create mode 100644 tools/new-double-high-collector/data/verified_batch_077/group_majors.csv
 create mode 100644 tools/new-double-high-collector/data/verified_batch_077/institutions.csv
 create mode 100644 tools/new-double-high-collector/data/verified_batch_077/professional_groups.csv
 create mode 100644 tools/new-double-high-collector/data/verified_batch_077/seeds.csv
 create mode 100644 tools/new-double-high-collector/data/verified_batch_077/source_notes.md
 create mode 100644 tools/new-double-high-collector/data/verified_batch_078/group_majors.csv
 create mode 100644 tools/new-double-high-collector/data/verified_batch_078/institutions.csv
 create mode 100644 tools/new-double-high-collector/data/verified_batch_078/professional_groups.csv
 create mode 100644 tools/new-double-high-collector/data/verified_batch_078/seeds.csv
 create mode 100644 tools/new-double-high-collector/data/verified_batch_078/source_notes.md
 create mode 100644 tools/new-double-high-collector/data/verified_batch_079/group_majors.csv
 create mode 100644 tools/new-double-high-collector/data/verified_batch_079/institutions.csv
 create mode 100644 tools/new-double-high-collector/data/verified_batch_079/professional_groups.csv
 create mode 100644 tools/new-double-high-collector/data/verified_batch_079/seeds.csv
 create mode 100644 tools/new-double-high-collector/data/verified_batch_079/source_notes.md
 create mode 100644 tools/new-double-high-collector/data/verified_batch_080/group_majors.csv
 create mode 100644 tools/new-double-high-collector/data/verified_batch_080/institutions.csv
 create mode 100644 tools/new-double-high-collector/data/verified_batch_080/professional_groups.csv
 create mode 100644 tools/new-double-high-collector/data/verified_batch_080/seeds.csv
 create mode 100644 tools/new-double-high-collector/data/verified_batch_080/source_notes.md
 create mode 100644 tools/new-double-high-collector/data/verified_batch_081/candidate_reviews.csv
 create mode 100644 tools/new-double-high-collector/data/verified_batch_081/group_majors.csv
 create mode 100644 tools/new-double-high-collector/data/verified_batch_081/institutions.csv
 create mode 100644 tools/new-double-high-collector/data/verified_batch_081/professional_groups.csv
 create mode 100644 tools/new-double-high-collector/data/verified_batch_081/seeds.csv
 create mode 100644 tools/new-double-high-collector/data/verified_batch_081/source_notes.md
 create mode 100644 tools/new-double-high-collector/data/verified_batch_082/candidate_reviews.csv
 create mode 100644 tools/new-double-high-collector/data/verified_batch_082/group_majors.csv
 create mode 100644 tools/new-double-high-collector/data/verified_batch_082/institutions.csv
 create mode 100644 tools/new-double-high-collector/data/verified_batch_082/professional_groups.csv
 create mode 100644 tools/new-double-high-collector/data/verified_batch_082/seeds.csv
 create mode 100644 tools/new-double-high-collector/data/verified_batch_082/source_notes.md
 create mode 100644 tools/new-double-high-collector/data/verified_batch_083/candidate_reviews.csv
 create mode 100644 tools/new-double-high-collector/data/verified_batch_083/group_majors.csv
 create mode 100644 tools/new-double-high-collector/data/verified_batch_083/institutions.csv
 create mode 100644 tools/new-double-high-collector/data/verified_batch_083/professional_groups.csv
 create mode 100644 tools/new-double-high-collector/data/verified_batch_083/seeds.csv
 create mode 100644 tools/new-double-high-collector/data/verified_batch_083/source_notes.md
 create mode 100644 tools/new-double-high-collector/data/verified_batch_084/candidate_reviews.csv
 create mode 100644 tools/new-double-high-collector/data/verified_batch_084/group_majors.csv
 create mode 100644 tools/new-double-high-collector/data/verified_batch_084/institutions.csv
 create mode 100644 tools/new-double-high-collector/data/verified_batch_084/professional_groups.csv
 create mode 100644 tools/new-double-high-collector/data/verified_batch_084/seeds.csv
 create mode 100644 tools/new-double-high-collector/data/verified_batch_084/source_notes.md
 create mode 100644 tools/new-double-high-collector/data/verified_batch_085/candidate_reviews.csv
 create mode 100644 tools/new-double-high-collector/data/verified_batch_085/group_majors.csv
 create mode 100644 tools/new-double-high-collector/data/verified_batch_085/institutions.csv
 create mode 100644 tools/new-double-high-collector/data/verified_batch_085/professional_groups.csv
 create mode 100644 tools/new-double-high-collector/data/verified_batch_085/seeds.csv
 create mode 100644 tools/new-double-high-collector/data/verified_batch_085/source_notes.md
 create mode 100644 tools/new-double-high-collector/data/verified_batch_086/candidate_reviews.csv
 create mode 100644 tools/new-double-high-collector/data/verified_batch_086/group_majors.csv
 create mode 100644 tools/new-double-high-collector/data/verified_batch_086/institutions.csv
 create mode 100644 tools/new-double-high-collector/data/verified_batch_086/professional_groups.csv
 create mode 100644 tools/new-double-high-collector/data/verified_batch_086/seeds.csv
 create mode 100644 tools/new-double-high-collector/data/verified_batch_086/source_notes.md
 create mode 100644 tools/new-double-high-collector/data/verified_batch_087/candidate_reviews.csv
 create mode 100644 tools/new-double-high-collector/data/verified_batch_087/group_majors.csv
 create mode 100644 tools/new-double-high-collector/data/verified_batch_087/institutions.csv
 create mode 100644 tools/new-double-high-collector/data/verified_batch_087/professional_groups.csv
 create mode 100644 tools/new-double-high-collector/data/verified_batch_087/seeds.csv
 create mode 100644 tools/new-double-high-collector/data/verified_batch_087/source_notes.md
 create mode 100644 tools/new-double-high-collector/data/verified_batch_088/candidate_reviews.csv
 create mode 100644 tools/new-double-high-collector/data/verified_batch_088/group_majors.csv
 create mode 100644 tools/new-double-high-collector/data/verified_batch_088/institutions.csv
 create mode 100644 tools/new-double-high-collector/data/verified_batch_088/professional_groups.csv
 create mode 100644 tools/new-double-high-collector/data/verified_batch_088/seeds.csv
 create mode 100644 tools/new-double-high-collector/data/verified_batch_088/source_notes.md
 create mode 100644 tools/new-double-high-collector/data/verified_batch_089/candidate_reviews.csv
 create mode 100644 tools/new-double-high-collector/data/verified_batch_089/group_majors.csv
 create mode 100644 tools/new-double-high-collector/data/verified_batch_089/institutions.csv
 create mode 100644 tools/new-double-high-collector/data/verified_batch_089/professional_groups.csv
 create mode 100644 tools/new-double-high-collector/data/verified_batch_089/seeds.csv
 create mode 100644 tools/new-double-high-collector/data/verified_batch_089/source_notes.md
 create mode 100644 tools/new-double-high-collector/data/verified_batch_090/candidate_reviews.csv
 create mode 100644 tools/new-double-high-collector/data/verified_batch_090/group_majors.csv
 create mode 100644 tools/new-double-high-collector/data/verified_batch_090/institutions.csv
 create mode 100644 tools/new-double-high-collector/data/verified_batch_090/professional_groups.csv
 create mode 100644 tools/new-double-high-collector/data/verified_batch_090/seeds.csv
 create mode 100644 tools/new-double-high-collector/data/verified_batch_090/source_notes.md
 create mode 100644 tools/new-double-high-collector/data/verified_batch_091/candidate_reviews.csv
 create mode 100644 tools/new-double-high-collector/data/verified_batch_091/group_majors.csv
 create mode 100644 tools/new-double-high-collector/data/verified_batch_091/institutions.csv
 create mode 100644 tools/new-double-high-collector/data/verified_batch_091/professional_groups.csv
 create mode 100644 tools/new-double-high-collector/data/verified_batch_091/seeds.csv
 create mode 100644 tools/new-double-high-collector/data/verified_batch_091/source_notes.md
 create mode 100644 tools/new-double-high-collector/data/verified_batch_092/candidate_reviews.csv
 create mode 100644 tools/new-double-high-collector/data/verified_batch_092/group_majors.csv
 create mode 100644 tools/new-double-high-collector/data/verified_batch_092/institutions.csv
 create mode 100644 tools/new-double-high-collector/data/verified_batch_092/professional_groups.csv
 create mode 100644 tools/new-double-high-collector/data/verified_batch_092/seeds.csv
 create mode 100644 tools/new-double-high-collector/data/verified_batch_092/source_notes.md
 create mode 100644 tools/new-double-high-collector/data/verified_batch_093/candidate_reviews.csv
 create mode 100644 tools/new-double-high-collector/data/verified_batch_093/group_majors.csv
 create mode 100644 tools/new-double-high-collector/data/verified_batch_093/institutions.csv
 create mode 100644 tools/new-double-high-collector/data/verified_batch_093/professional_groups.csv
 create mode 100644 tools/new-double-high-collector/data/verified_batch_093/seeds.csv
 create mode 100644 tools/new-double-high-collector/data/verified_batch_093/source_notes.md
 create mode 100644 tools/new-double-high-collector/data/verified_batch_094/candidate_reviews.csv
 create mode 100644 tools/new-double-high-collector/data/verified_batch_094/group_majors.csv
 create mode 100644 tools/new-double-high-collector/data/verified_batch_094/institutions.csv
 create mode 100644 tools/new-double-high-collector/data/verified_batch_094/professional_groups.csv
 create mode 100644 tools/new-double-high-collector/data/verified_batch_094/seeds.csv
 create mode 100644 tools/new-double-high-collector/data/verified_batch_094/source_notes.md
 create mode 100644 tools/new-double-high-collector/data/verified_batch_095/candidate_reviews.csv
 create mode 100644 tools/new-double-high-collector/data/verified_batch_095/group_majors.csv
 create mode 100644 tools/new-double-high-collector/data/verified_batch_095/institutions.csv
 create mode 100644 tools/new-double-high-collector/data/verified_batch_095/professional_groups.csv
 create mode 100644 tools/new-double-high-collector/data/verified_batch_095/seeds.csv
 create mode 100644 tools/new-double-high-collector/data/verified_batch_095/source_notes.md
 create mode 100644 tools/new-double-high-collector/data/verified_batch_096/candidate_reviews.csv
 create mode 100644 tools/new-double-high-collector/data/verified_batch_096/group_majors.csv
 create mode 100644 tools/new-double-high-collector/data/verified_batch_096/institutions.csv
 create mode 100644 tools/new-double-high-collector/data/verified_batch_096/professional_groups.csv
 create mode 100644 tools/new-double-high-collector/data/verified_batch_096/seeds.csv
 create mode 100644 tools/new-double-high-collector/data/verified_batch_096/source_notes.md
 create mode 100644 tools/new-double-high-collector/data/verified_batch_097/candidate_reviews.csv
 create mode 100644 tools/new-double-high-collector/data/verified_batch_097/group_majors.csv
 create mode 100644 tools/new-double-high-collector/data/verified_batch_097/institutions.csv
 create mode 100644 tools/new-double-high-collector/data/verified_batch_097/professional_groups.csv
 create mode 100644 tools/new-double-high-collector/data/verified_batch_097/seeds.csv
 create mode 100644 tools/new-double-high-collector/data/verified_batch_097/source_notes.md
 create mode 100644 tools/new-double-high-collector/data/verified_batch_098/candidate_reviews.csv
 create mode 100644 tools/new-double-high-collector/data/verified_batch_098/group_majors.csv
 create mode 100644 tools/new-double-high-collector/data/verified_batch_098/institutions.csv
 create mode 100644 tools/new-double-high-collector/data/verified_batch_098/professional_groups.csv
 create mode 100644 tools/new-double-high-collector/data/verified_batch_098/seeds.csv
 create mode 100644 tools/new-double-high-collector/data/verified_batch_098/source_notes.md
 create mode 100644 tools/new-double-high-collector/data/verified_batch_099/candidate_reviews.csv
 create mode 100644 tools/new-double-high-collector/data/verified_batch_099/group_majors.csv
 create mode 100644 tools/new-double-high-collector/data/verified_batch_099/institutions.csv
 create mode 100644 tools/new-double-high-collector/data/verified_batch_099/professional_groups.csv
 create mode 100644 tools/new-double-high-collector/data/verified_batch_099/seeds.csv
 create mode 100644 tools/new-double-high-collector/data/verified_batch_099/source_notes.md
 create mode 100644 tools/new-double-high-collector/data/verified_batch_100/candidate_reviews.csv
 create mode 100644 tools/new-double-high-collector/data/verified_batch_100/group_majors.csv
 create mode 100644 tools/new-double-high-collector/data/verified_batch_100/institutions.csv
 create mode 100644 tools/new-double-high-collector/data/verified_batch_100/professional_groups.csv
 create mode 100644 tools/new-double-high-collector/data/verified_batch_100/seeds.csv
 create mode 100644 tools/new-double-high-collector/data/verified_batch_100/source_notes.md
 create mode 100644 tools/new-double-high-collector/data/verified_batch_101/candidate_reviews.csv
 create mode 100644 tools/new-double-high-collector/data/verified_batch_101/group_majors.csv
 create mode 100644 tools/new-double-high-collector/data/verified_batch_101/institutions.csv
 create mode 100644 tools/new-double-high-collector/data/verified_batch_101/professional_groups.csv
 create mode 100644 tools/new-double-high-collector/data/verified_batch_101/seeds.csv
 create mode 100644 tools/new-double-high-collector/data/verified_batch_101/source_notes.md
 create mode 100644 tools/new-double-high-collector/data/verified_batch_102/candidate_reviews.csv
 create mode 100644 tools/new-double-high-collector/data/verified_batch_102/group_majors.csv
 create mode 100644 tools/new-double-high-collector/data/verified_batch_102/institutions.csv
 create mode 100644 tools/new-double-high-collector/data/verified_batch_102/professional_groups.csv
 create mode 100644 tools/new-double-high-collector/data/verified_batch_102/seeds.csv
 create mode 100644 tools/new-double-high-collector/data/verified_batch_102/source_notes.md
 create mode 100644 tools/new-double-high-collector/data/verified_batch_103/candidate_reviews.csv
 create mode 100644 tools/new-double-high-collector/data/verified_batch_103/group_majors.csv
 create mode 100644 tools/new-double-high-collector/data/verified_batch_103/institutions.csv
 create mode 100644 tools/new-double-high-collector/data/verified_batch_103/professional_groups.csv
 create mode 100644 tools/new-double-high-collector/data/verified_batch_103/seeds.csv
 create mode 100644 tools/new-double-high-collector/data/verified_batch_103/source_notes.md
 create mode 100644 tools/new-double-high-collector/data/verified_batch_104/candidate_reviews.csv
 create mode 100644 tools/new-double-high-collector/data/verified_batch_104/group_majors.csv
 create mode 100644 tools/new-double-high-collector/data/verified_batch_104/institutions.csv
 create mode 100644 tools/new-double-high-collector/data/verified_batch_104/professional_groups.csv
 create mode 100644 tools/new-double-high-collector/data/verified_batch_104/seeds.csv
 create mode 100644 tools/new-double-high-collector/data/verified_batch_104/source_notes.md
 create mode 100644 tools/new-double-high-collector/data/verified_batch_105/candidate_reviews.csv
 create mode 100644 tools/new-double-high-collector/data/verified_batch_105/group_majors.csv
 create mode 100644 tools/new-double-high-collector/data/verified_batch_105/institutions.csv
 create mode 100644 tools/new-double-high-collector/data/verified_batch_105/professional_groups.csv
 create mode 100644 tools/new-double-high-collector/data/verified_batch_105/seeds.csv
 create mode 100644 tools/new-double-high-collector/data/verified_batch_105/source_notes.md
 create mode 100644 tools/new-double-high-collector/data/verified_batch_106/candidate_reviews.csv
 create mode 100644 tools/new-double-high-collector/data/verified_batch_106/group_majors.csv
 create mode 100644 tools/new-double-high-collector/data/verified_batch_106/institutions.csv
 create mode 100644 tools/new-double-high-collector/data/verified_batch_106/professional_groups.csv
 create mode 100644 tools/new-double-high-collector/data/verified_batch_106/seeds.csv
 create mode 100644 tools/new-double-high-collector/data/verified_batch_106/source_notes.md
 create mode 100644 tools/new-double-high-collector/data/verified_batch_107/candidate_reviews.csv
 create mode 100644 tools/new-double-high-collector/data/verified_batch_107/group_majors.csv
 create mode 100644 tools/new-double-high-collector/data/verified_batch_107/institutions.csv
 create mode 100644 tools/new-double-high-collector/data/verified_batch_107/professional_groups.csv
 create mode 100644 tools/new-double-high-collector/data/verified_batch_107/seeds.csv
 create mode 100644 tools/new-double-high-collector/data/verified_batch_107/source_notes.md
 create mode 100644 tools/new-double-high-collector/data/verified_batch_108/candidate_reviews.csv
 create mode 100644 tools/new-double-high-collector/data/verified_batch_108/group_majors.csv
 create mode 100644 tools/new-double-high-collector/data/verified_batch_108/institutions.csv
 create mode 100644 tools/new-double-high-collector/data/verified_batch_108/professional_groups.csv
 create mode 100644 tools/new-double-high-collector/data/verified_batch_108/seeds.csv
 create mode 100644 tools/new-double-high-collector/data/verified_batch_108/source_notes.md
 create mode 100644 tools/new-double-high-collector/data/verified_batch_109/candidate_reviews.csv
 create mode 100644 tools/new-double-high-collector/data/verified_batch_109/group_majors.csv
 create mode 100644 tools/new-double-high-collector/data/verified_batch_109/institutions.csv
 create mode 100644 tools/new-double-high-collector/data/verified_batch_109/professional_groups.csv
 create mode 100644 tools/new-double-high-collector/data/verified_batch_109/seeds.csv
 create mode 100644 tools/new-double-high-collector/data/verified_batch_109/source_notes.md
 create mode 100644 tools/new-double-high-collector/data/verified_batch_110/candidate_reviews.csv
 create mode 100644 tools/new-double-high-collector/data/verified_batch_110/group_majors.csv
 create mode 100644 tools/new-double-high-collector/data/verified_batch_110/institutions.csv
 create mode 100644 tools/new-double-high-collector/data/verified_batch_110/professional_groups.csv
 create mode 100644 tools/new-double-high-collector/data/verified_batch_110/seeds.csv
 create mode 100644 tools/new-double-high-collector/data/verified_batch_110/source_notes.md
 create mode 100644 tools/new-double-high-collector/data/verified_batch_111/candidate_reviews.csv
 create mode 100644 tools/new-double-high-collector/data/verified_batch_111/group_majors.csv
 create mode 100644 tools/new-double-high-collector/data/verified_batch_111/institutions.csv
 create mode 100644 tools/new-double-high-collector/data/verified_batch_111/professional_groups.csv
 create mode 100644 tools/new-double-high-collector/data/verified_batch_111/seeds.csv
 create mode 100644 tools/new-double-high-collector/data/verified_batch_111/source_notes.md
 create mode 100644 tools/new-double-high-collector/data/verified_batch_112/candidate_reviews.csv
 create mode 100644 tools/new-double-high-collector/data/verified_batch_112/group_majors.csv
 create mode 100644 tools/new-double-high-collector/data/verified_batch_112/institutions.csv
 create mode 100644 tools/new-double-high-collector/data/verified_batch_112/professional_groups.csv
 create mode 100644 tools/new-double-high-collector/data/verified_batch_112/seeds.csv
 create mode 100644 tools/new-double-high-collector/data/verified_batch_112/source_notes.md
 create mode 100644 tools/new-double-high-collector/data/verified_batch_113/candidate_reviews.csv
 create mode 100644 tools/new-double-high-collector/data/verified_batch_113/group_majors.csv
 create mode 100644 tools/new-double-high-collector/data/verified_batch_113/institutions.csv
 create mode 100644 tools/new-double-high-collector/data/verified_batch_113/professional_groups.csv
 create mode 100644 tools/new-double-high-collector/data/verified_batch_113/seeds.csv
 create mode 100644 tools/new-double-high-collector/data/verified_batch_113/source_notes.md
 create mode 100644 tools/new-double-high-collector/data/verified_batch_114/candidate_reviews.csv
 create mode 100644 tools/new-double-high-collector/data/verified_batch_114/group_majors.csv
 create mode 100644 tools/new-double-high-collector/data/verified_batch_114/institutions.csv
 create mode 100644 tools/new-double-high-collector/data/verified_batch_114/professional_groups.csv
 create mode 100644 tools/new-double-high-collector/data/verified_batch_114/seeds.csv
 create mode 100644 tools/new-double-high-collector/data/verified_batch_114/source_notes.md
 create mode 100644 tools/new-double-high-collector/data/verified_batch_115/candidate_reviews.csv
 create mode 100644 tools/new-double-high-collector/data/verified_batch_115/group_majors.csv
 create mode 100644 tools/new-double-high-collector/data/verified_batch_115/institutions.csv
 create mode 100644 tools/new-double-high-collector/data/verified_batch_115/professional_groups.csv
 create mode 100644 tools/new-double-high-collector/data/verified_batch_115/seeds.csv
 create mode 100644 tools/new-double-high-collector/data/verified_batch_115/source_notes.md
 create mode 100644 tools/new-double-high-collector/data/verified_batch_116/candidate_reviews.csv
 create mode 100644 tools/new-double-high-collector/data/verified_batch_116/group_majors.csv
 create mode 100644 tools/new-double-high-collector/data/verified_batch_116/institutions.csv
 create mode 100644 tools/new-double-high-collector/data/verified_batch_116/professional_groups.csv
 create mode 100644 tools/new-double-high-collector/data/verified_batch_116/seeds.csv
 create mode 100644 tools/new-double-high-collector/data/verified_batch_116/source_notes.md
 create mode 100644 tools/new-double-high-collector/data/verified_batch_117/candidate_reviews.csv
 create mode 100644 tools/new-double-high-collector/data/verified_batch_117/group_majors.csv
 create mode 100644 tools/new-double-high-collector/data/verified_batch_117/institutions.csv
 create mode 100644 tools/new-double-high-collector/data/verified_batch_117/professional_groups.csv
 create mode 100644 tools/new-double-high-collector/data/verified_batch_117/seeds.csv
 create mode 100644 tools/new-double-high-collector/data/verified_batch_117/source_notes.md
 create mode 100644 tools/new-double-high-collector/data/verified_batch_118/candidate_reviews.csv
 create mode 100644 tools/new-double-high-collector/data/verified_batch_118/group_majors.csv
 create mode 100644 tools/new-double-high-collector/data/verified_batch_118/institutions.csv
 create mode 100644 tools/new-double-high-collector/data/verified_batch_118/professional_groups.csv
 create mode 100644 tools/new-double-high-collector/data/verified_batch_118/seeds.csv
 create mode 100644 tools/new-double-high-collector/data/verified_batch_118/source_notes.md
 create mode 100644 tools/new-double-high-collector/data/verified_batch_119/candidate_reviews.csv
 create mode 100644 tools/new-double-high-collector/data/verified_batch_119/group_majors.csv
 create mode 100644 tools/new-double-high-collector/data/verified_batch_119/institutions.csv
 create mode 100644 tools/new-double-high-collector/data/verified_batch_119/professional_groups.csv
 create mode 100644 tools/new-double-high-collector/data/verified_batch_119/seeds.csv
 create mode 100644 tools/new-double-high-collector/data/verified_batch_119/source_notes.md
 create mode 100644 tools/new-double-high-collector/data/verified_batch_120/candidate_reviews.csv
 create mode 100644 tools/new-double-high-collector/data/verified_batch_120/group_majors.csv
 create mode 100644 tools/new-double-high-collector/data/verified_batch_120/institutions.csv
 create mode 100644 tools/new-double-high-collector/data/verified_batch_120/professional_groups.csv
 create mode 100644 tools/new-double-high-collector/data/verified_batch_120/seeds.csv
 create mode 100644 tools/new-double-high-collector/data/verified_batch_120/source_notes.md
 create mode 100644 tools/new-double-high-collector/data/verified_batch_121/candidate_reviews.csv
 create mode 100644 tools/new-double-high-collector/data/verified_batch_121/group_majors.csv
 create mode 100644 tools/new-double-high-collector/data/verified_batch_121/institutions.csv
 create mode 100644 tools/new-double-high-collector/data/verified_batch_121/professional_groups.csv
 create mode 100644 tools/new-double-high-collector/data/verified_batch_121/seeds.csv
 create mode 100644 tools/new-double-high-collector/data/verified_batch_121/source_notes.md
 create mode 100644 tools/new-double-high-collector/data/verified_batch_122/candidate_reviews.csv
 create mode 100644 tools/new-double-high-collector/data/verified_batch_122/group_majors.csv
 create mode 100644 tools/new-double-high-collector/data/verified_batch_122/institutions.csv
 create mode 100644 tools/new-double-high-collector/data/verified_batch_122/professional_groups.csv
 create mode 100644 tools/new-double-high-collector/data/verified_batch_122/seeds.csv
 create mode 100644 tools/new-double-high-collector/data/verified_batch_122/source_notes.md
 create mode 100644 tools/new-double-high-collector/data/verified_batch_123/candidate_reviews.csv
 create mode 100644 tools/new-double-high-collector/data/verified_batch_123/group_majors.csv
 create mode 100644 tools/new-double-high-collector/data/verified_batch_123/institutions.csv
 create mode 100644 tools/new-double-high-collector/data/verified_batch_123/professional_groups.csv
 create mode 100644 tools/new-double-high-collector/data/verified_batch_123/seeds.csv
 create mode 100644 tools/new-double-high-collector/data/verified_batch_123/source_notes.md
 create mode 100644 tools/new-double-high-collector/data/verified_batch_124/candidate_reviews.csv
 create mode 100644 tools/new-double-high-collector/data/verified_batch_124/group_majors.csv
 create mode 100644 tools/new-double-high-collector/data/verified_batch_124/institutions.csv
 create mode 100644 tools/new-double-high-collector/data/verified_batch_124/professional_groups.csv
 create mode 100644 tools/new-double-high-collector/data/verified_batch_124/seeds.csv
 create mode 100644 tools/new-double-high-collector/data/verified_batch_124/source_notes.md
 create mode 100644 tools/new-double-high-collector/data/verified_batch_125/candidate_reviews.csv
 create mode 100644 tools/new-double-high-collector/data/verified_batch_125/group_majors.csv
 create mode 100644 tools/new-double-high-collector/data/verified_batch_125/institutions.csv
 create mode 100644 tools/new-double-high-collector/data/verified_batch_125/professional_groups.csv
 create mode 100644 tools/new-double-high-collector/data/verified_batch_125/seeds.csv
 create mode 100644 tools/new-double-high-collector/data/verified_batch_125/source_notes.md
 create mode 100644 tools/new-double-high-collector/data/verified_batch_126/candidate_reviews.csv
 create mode 100644 tools/new-double-high-collector/data/verified_batch_126/group_majors.csv
 create mode 100644 tools/new-double-high-collector/data/verified_batch_126/institutions.csv
 create mode 100644 tools/new-double-high-collector/data/verified_batch_126/professional_groups.csv
 create mode 100644 tools/new-double-high-collector/data/verified_batch_126/seeds.csv
 create mode 100644 tools/new-double-high-collector/data/verified_batch_126/source_notes.md
 create mode 100644 tools/new-double-high-collector/data/verified_batch_127/candidate_reviews.csv
 create mode 100644 tools/new-double-high-collector/data/verified_batch_127/group_majors.csv
 create mode 100644 tools/new-double-high-collector/data/verified_batch_127/institutions.csv
 create mode 100644 tools/new-double-high-collector/data/verified_batch_127/professional_groups.csv
 create mode 100644 tools/new-double-high-collector/data/verified_batch_127/seeds.csv
 create mode 100644 tools/new-double-high-collector/data/verified_batch_127/source_notes.md
 create mode 100644 tools/new-double-high-collector/data/verified_batch_128/candidate_reviews.csv
 create mode 100644 tools/new-double-high-collector/data/verified_batch_128/group_majors.csv
 create mode 100644 tools/new-double-high-collector/data/verified_batch_128/institutions.csv
 create mode 100644 tools/new-double-high-collector/data/verified_batch_128/professional_groups.csv
 create mode 100644 tools/new-double-high-collector/data/verified_batch_128/seeds.csv
 create mode 100644 tools/new-double-high-collector/data/verified_batch_128/source_notes.md
 create mode 100644 tools/new-double-high-collector/data/verified_batch_129/candidate_reviews.csv
 create mode 100644 tools/new-double-high-collector/data/verified_batch_129/group_majors.csv
 create mode 100644 tools/new-double-high-collector/data/verified_batch_129/institutions.csv
 create mode 100644 tools/new-double-high-collector/data/verified_batch_129/professional_groups.csv
 create mode 100644 tools/new-double-high-collector/data/verified_batch_129/seeds.csv
 create mode 100644 tools/new-double-high-collector/data/verified_batch_129/source_notes.md
 create mode 100644 tools/new-double-high-collector/data/verified_batch_130/candidate_reviews.csv
 create mode 100644 tools/new-double-high-collector/data/verified_batch_130/group_majors.csv
 create mode 100644 tools/new-double-high-collector/data/verified_batch_130/institutions.csv
 create mode 100644 tools/new-double-high-collector/data/verified_batch_130/professional_groups.csv
 create mode 100644 tools/new-double-high-collector/data/verified_batch_130/seeds.csv
 create mode 100644 tools/new-double-high-collector/data/verified_batch_130/source_notes.md
 create mode 100644 tools/new-double-high-collector/data/verified_batch_131/candidate_reviews.csv
 create mode 100644 tools/new-double-high-collector/data/verified_batch_131/group_majors.csv
 create mode 100644 tools/new-double-high-collector/data/verified_batch_131/institutions.csv
 create mode 100644 tools/new-double-high-collector/data/verified_batch_131/professional_groups.csv
 create mode 100644 tools/new-double-high-collector/data/verified_batch_131/seeds.csv
 create mode 100644 tools/new-double-high-collector/data/verified_batch_131/source_notes.md
 create mode 100644 tools/new-double-high-collector/data/verified_batch_132/candidate_reviews.csv
 create mode 100644 tools/new-double-high-collector/data/verified_batch_132/group_majors.csv
 create mode 100644 tools/new-double-high-collector/data/verified_batch_132/institutions.csv
 create mode 100644 tools/new-double-high-collector/data/verified_batch_132/professional_groups.csv
 create mode 100644 tools/new-double-high-collector/data/verified_batch_132/seeds.csv
 create mode 100644 tools/new-double-high-collector/data/verified_batch_132/source_notes.md
 create mode 100644 tools/new-double-high-collector/data/verified_batch_133/candidate_reviews.csv
 create mode 100644 tools/new-double-high-collector/data/verified_batch_133/group_majors.csv
 create mode 100644 tools/new-double-high-collector/data/verified_batch_133/institutions.csv
 create mode 100644 tools/new-double-high-collector/data/verified_batch_133/professional_groups.csv
 create mode 100644 tools/new-double-high-collector/data/verified_batch_133/seeds.csv
 create mode 100644 tools/new-double-high-collector/data/verified_batch_133/source_notes.md
 create mode 100644 tools/new-double-high-collector/data/verified_batch_134/candidate_reviews.csv
 create mode 100644 tools/new-double-high-collector/data/verified_batch_134/group_majors.csv
 create mode 100644 tools/new-double-high-collector/data/verified_batch_134/institutions.csv
 create mode 100644 tools/new-double-high-collector/data/verified_batch_134/professional_groups.csv
 create mode 100644 tools/new-double-high-collector/data/verified_batch_134/seeds.csv
 create mode 100644 tools/new-double-high-collector/data/verified_batch_134/source_notes.md
 create mode 100644 tools/new-double-high-collector/data/verified_batch_135/candidate_reviews.csv
 create mode 100644 tools/new-double-high-collector/data/verified_batch_135/group_majors.csv
 create mode 100644 tools/new-double-high-collector/data/verified_batch_135/institutions.csv
 create mode 100644 tools/new-double-high-collector/data/verified_batch_135/professional_groups.csv
 create mode 100644 tools/new-double-high-collector/data/verified_batch_135/seeds.csv
 create mode 100644 tools/new-double-high-collector/data/verified_batch_135/source_notes.md
 create mode 100644 tools/new-double-high-collector/data/verified_batch_136/candidate_reviews.csv
 create mode 100644 tools/new-double-high-collector/data/verified_batch_136/group_majors.csv
 create mode 100644 tools/new-double-high-collector/data/verified_batch_136/institutions.csv
 create mode 100644 tools/new-double-high-collector/data/verified_batch_136/professional_groups.csv
 create mode 100644 tools/new-double-high-collector/data/verified_batch_136/seeds.csv
 create mode 100644 tools/new-double-high-collector/data/verified_batch_136/source_notes.md
 create mode 100644 tools/new-double-high-collector/data/verified_batch_137/candidate_reviews.csv
 create mode 100644 tools/new-double-high-collector/data/verified_batch_137/group_majors.csv
 create mode 100644 tools/new-double-high-collector/data/verified_batch_137/institutions.csv
 create mode 100644 tools/new-double-high-collector/data/verified_batch_137/professional_groups.csv
 create mode 100644 tools/new-double-high-collector/data/verified_batch_137/seeds.csv
 create mode 100644 tools/new-double-high-collector/data/verified_batch_137/source_notes.md
 create mode 100644 tools/new-double-high-collector/data/verified_batch_138/candidate_reviews.csv
 create mode 100644 tools/new-double-high-collector/data/verified_batch_138/group_majors.csv
 create mode 100644 tools/new-double-high-collector/data/verified_batch_138/institutions.csv
 create mode 100644 tools/new-double-high-collector/data/verified_batch_138/professional_groups.csv
 create mode 100644 tools/new-double-high-collector/data/verified_batch_138/seeds.csv
 create mode 100644 tools/new-double-high-collector/data/verified_batch_138/source_notes.md
 create mode 100644 tools/new-double-high-collector/data/verified_batch_139/candidate_reviews.csv
 create mode 100644 tools/new-double-high-collector/data/verified_batch_139/group_majors.csv
 create mode 100644 tools/new-double-high-collector/data/verified_batch_139/institutions.csv
 create mode 100644 tools/new-double-high-collector/data/verified_batch_139/professional_groups.csv
 create mode 100644 tools/new-double-high-collector/data/verified_batch_139/seeds.csv
 create mode 100644 tools/new-double-high-collector/data/verified_batch_139/source_notes.md
 create mode 100644 tools/new-double-high-collector/data/verified_batch_140/candidate_reviews.csv
 create mode 100644 tools/new-double-high-collector/data/verified_batch_140/group_majors.csv
 create mode 100644 tools/new-double-high-collector/data/verified_batch_140/institutions.csv
 create mode 100644 tools/new-double-high-collector/data/verified_batch_140/professional_groups.csv
 create mode 100644 tools/new-double-high-collector/data/verified_batch_140/seeds.csv
 create mode 100644 tools/new-double-high-collector/data/verified_batch_140/source_notes.md
 create mode 100644 tools/new-double-high-collector/data/verified_batch_141/candidate_reviews.csv
 create mode 100644 tools/new-double-high-collector/data/verified_batch_141/group_majors.csv
 create mode 100644 tools/new-double-high-collector/data/verified_batch_141/institutions.csv
 create mode 100644 tools/new-double-high-collector/data/verified_batch_141/professional_groups.csv
 create mode 100644 tools/new-double-high-collector/data/verified_batch_141/seeds.csv
 create mode 100644 tools/new-double-high-collector/data/verified_batch_141/source_notes.md
 create mode 100644 tools/new-double-high-collector/data/verified_batch_142/candidate_reviews.csv
 create mode 100644 tools/new-double-high-collector/data/verified_batch_142/group_majors.csv
 create mode 100644 tools/new-double-high-collector/data/verified_batch_142/institutions.csv
 create mode 100644 tools/new-double-high-collector/data/verified_batch_142/professional_groups.csv
 create mode 100644 tools/new-double-high-collector/data/verified_batch_142/seeds.csv
 create mode 100644 tools/new-double-high-collector/data/verified_batch_142/source_notes.md
 create mode 100644 tools/new-double-high-collector/data/verified_batch_143/candidate_reviews.csv
 create mode 100644 tools/new-double-high-collector/data/verified_batch_143/group_majors.csv
 create mode 100644 tools/new-double-high-collector/data/verified_batch_143/institutions.csv
 create mode 100644 tools/new-double-high-collector/data/verified_batch_143/professional_groups.csv
 create mode 100644 tools/new-double-high-collector/data/verified_batch_143/seeds.csv
 create mode 100644 tools/new-double-high-collector/data/verified_batch_143/source_notes.md
 create mode 100644 tools/new-double-high-collector/data/verified_batch_144/candidate_reviews.csv
 create mode 100644 tools/new-double-high-collector/data/verified_batch_144/group_majors.csv
 create mode 100644 tools/new-double-high-collector/data/verified_batch_144/institutions.csv
 create mode 100644 tools/new-double-high-collector/data/verified_batch_144/professional_groups.csv
 create mode 100644 tools/new-double-high-collector/data/verified_batch_144/seeds.csv
 create mode 100644 tools/new-double-high-collector/data/verified_batch_144/source_notes.md
 create mode 100644 tools/new-double-high-collector/data/verified_batch_145/candidate_reviews.csv
 create mode 100644 tools/new-double-high-collector/data/verified_batch_145/group_majors.csv
 create mode 100644 tools/new-double-high-collector/data/verified_batch_145/institutions.csv
 create mode 100644 tools/new-double-high-collector/data/verified_batch_145/professional_groups.csv
 create mode 100644 tools/new-double-high-collector/data/verified_batch_145/seeds.csv
 create mode 100644 tools/new-double-high-collector/data/verified_batch_145/source_notes.md
 create mode 100644 tools/new-double-high-collector/data/verified_batch_146/candidate_reviews.csv
 create mode 100644 tools/new-double-high-collector/data/verified_batch_146/group_majors.csv
 create mode 100644 tools/new-double-high-collector/data/verified_batch_146/institutions.csv
 create mode 100644 tools/new-double-high-collector/data/verified_batch_146/professional_groups.csv
 create mode 100644 tools/new-double-high-collector/data/verified_batch_146/seeds.csv
 create mode 100644 tools/new-double-high-collector/data/verified_batch_146/source_notes.md
 create mode 100644 tools/new-double-high-collector/data/verified_batch_147/candidate_reviews.csv
 create mode 100644 tools/new-double-high-collector/data/verified_batch_147/group_majors.csv
 create mode 100644 tools/new-double-high-collector/data/verified_batch_147/institutions.csv
 create mode 100644 tools/new-double-high-collector/data/verified_batch_147/professional_groups.csv
 create mode 100644 tools/new-double-high-collector/data/verified_batch_147/seeds.csv
 create mode 100644 tools/new-double-high-collector/data/verified_batch_147/source_notes.md
 create mode 100644 tools/new-double-high-collector/data/verified_batch_148/candidate_reviews.csv
 create mode 100644 tools/new-double-high-collector/data/verified_batch_148/group_majors.csv
 create mode 100644 tools/new-double-high-collector/data/verified_batch_148/institutions.csv
 create mode 100644 tools/new-double-high-collector/data/verified_batch_148/professional_groups.csv
 create mode 100644 tools/new-double-high-collector/data/verified_batch_148/seeds.csv
 create mode 100644 tools/new-double-high-collector/data/verified_batch_148/source_notes.md
 create mode 100644 tools/new-double-high-collector/data/verified_batch_149/candidate_reviews.csv
 create mode 100644 tools/new-double-high-collector/data/verified_batch_149/group_majors.csv
 create mode 100644 tools/new-double-high-collector/data/verified_batch_149/institutions.csv
 create mode 100644 tools/new-double-high-collector/data/verified_batch_149/professional_groups.csv
 create mode 100644 tools/new-double-high-collector/data/verified_batch_149/seeds.csv
 create mode 100644 tools/new-double-high-collector/data/verified_batch_149/source_notes.md
 create mode 100644 tools/new-double-high-collector/data/verified_batch_150/candidate_reviews.csv
 create mode 100644 tools/new-double-high-collector/data/verified_batch_150/group_majors.csv
 create mode 100644 tools/new-double-high-collector/data/verified_batch_150/institutions.csv
 create mode 100644 tools/new-double-high-collector/data/verified_batch_150/professional_groups.csv
 create mode 100644 tools/new-double-high-collector/data/verified_batch_150/seeds.csv
 create mode 100644 tools/new-double-high-collector/data/verified_batch_150/source_notes.md
 create mode 100644 tools/new-double-high-collector/data/verified_batch_151/candidate_reviews.csv
 create mode 100644 tools/new-double-high-collector/data/verified_batch_151/group_majors.csv
 create mode 100644 tools/new-double-high-collector/data/verified_batch_151/institutions.csv
 create mode 100644 tools/new-double-high-collector/data/verified_batch_151/professional_groups.csv
 create mode 100644 tools/new-double-high-collector/data/verified_batch_151/seeds.csv
 create mode 100644 tools/new-double-high-collector/data/verified_batch_151/source_notes.md
 create mode 100644 tools/new-double-high-collector/data/verified_batch_152/candidate_reviews.csv
 create mode 100644 tools/new-double-high-collector/data/verified_batch_152/group_majors.csv
 create mode 100644 tools/new-double-high-collector/data/verified_batch_152/institutions.csv
 create mode 100644 tools/new-double-high-collector/data/verified_batch_152/professional_groups.csv
 create mode 100644 tools/new-double-high-collector/data/verified_batch_152/seeds.csv
 create mode 100644 tools/new-double-high-collector/data/verified_batch_152/source_notes.md
 create mode 100644 tools/new-double-high-collector/data/verified_batch_153/candidate_reviews.csv
 create mode 100644 tools/new-double-high-collector/data/verified_batch_153/group_majors.csv
 create mode 100644 tools/new-double-high-collector/data/verified_batch_153/institutions.csv
 create mode 100644 tools/new-double-high-collector/data/verified_batch_153/professional_groups.csv
 create mode 100644 tools/new-double-high-collector/data/verified_batch_153/seeds.csv
 create mode 100644 tools/new-double-high-collector/data/verified_batch_153/source_notes.md
 create mode 100644 tools/new-double-high-collector/data/verified_batch_154/candidate_reviews.csv
 create mode 100644 tools/new-double-high-collector/data/verified_batch_154/group_majors.csv
 create mode 100644 tools/new-double-high-collector/data/verified_batch_154/institutions.csv
 create mode 100644 tools/new-double-high-collector/data/verified_batch_154/professional_groups.csv
 create mode 100644 tools/new-double-high-collector/data/verified_batch_154/seeds.csv
 create mode 100644 tools/new-double-high-collector/data/verified_batch_154/source_notes.md
 create mode 100644 tools/new-double-high-collector/data/verified_batch_155/candidate_reviews.csv
 create mode 100644 tools/new-double-high-collector/data/verified_batch_155/group_majors.csv
 create mode 100644 tools/new-double-high-collector/data/verified_batch_155/institutions.csv
 create mode 100644 tools/new-double-high-collector/data/verified_batch_155/professional_groups.csv
 create mode 100644 tools/new-double-high-collector/data/verified_batch_155/seeds.csv
 create mode 100644 tools/new-double-high-collector/data/verified_batch_155/source_notes.md
 create mode 100644 tools/new-double-high-collector/data/verified_batch_156/candidate_reviews.csv
 create mode 100644 tools/new-double-high-collector/data/verified_batch_156/group_majors.csv
 create mode 100644 tools/new-double-high-collector/data/verified_batch_156/institutions.csv
 create mode 100644 tools/new-double-high-collector/data/verified_batch_156/professional_groups.csv
 create mode 100644 tools/new-double-high-collector/data/verified_batch_156/seeds.csv
 create mode 100644 tools/new-double-high-collector/data/verified_batch_156/source_notes.md
 create mode 100644 tools/new-double-high-collector/data/verified_batch_157/candidate_reviews.csv
 create mode 100644 tools/new-double-high-collector/data/verified_batch_157/group_majors.csv
 create mode 100644 tools/new-double-high-collector/data/verified_batch_157/institutions.csv
 create mode 100644 tools/new-double-high-collector/data/verified_batch_157/professional_groups.csv
 create mode 100644 tools/new-double-high-collector/data/verified_batch_157/seeds.csv
 create mode 100644 tools/new-double-high-collector/data/verified_batch_157/source_notes.md
 create mode 100644 tools/new-double-high-collector/data/verified_batch_158/candidate_reviews.csv
 create mode 100644 tools/new-double-high-collector/data/verified_batch_158/group_majors.csv
 create mode 100644 tools/new-double-high-collector/data/verified_batch_158/institutions.csv
 create mode 100644 tools/new-double-high-collector/data/verified_batch_158/professional_groups.csv
 create mode 100644 tools/new-double-high-collector/data/verified_batch_158/seeds.csv
 create mode 100644 tools/new-double-high-collector/data/verified_batch_158/source_notes.md
 create mode 100644 tools/new-double-high-collector/data/verified_batch_159/candidate_reviews.csv
 create mode 100644 tools/new-double-high-collector/data/verified_batch_159/group_majors.csv
 create mode 100644 tools/new-double-high-collector/data/verified_batch_159/institutions.csv
 create mode 100644 tools/new-double-high-collector/data/verified_batch_159/professional_groups.csv
 create mode 100644 tools/new-double-high-collector/data/verified_batch_159/seeds.csv
 create mode 100644 tools/new-double-high-collector/data/verified_batch_159/source_notes.md
 create mode 100644 tools/new-double-high-collector/data/verified_batch_160/candidate_reviews.csv
 create mode 100644 tools/new-double-high-collector/data/verified_batch_160/group_majors.csv
 create mode 100644 tools/new-double-high-collector/data/verified_batch_160/institutions.csv
 create mode 100644 tools/new-double-high-collector/data/verified_batch_160/professional_groups.csv
 create mode 100644 tools/new-double-high-collector/data/verified_batch_160/seeds.csv
 create mode 100644 tools/new-double-high-collector/data/verified_batch_160/source_notes.md
 create mode 100644 tools/new-double-high-collector/data/verified_batch_161/candidate_reviews.csv
 create mode 100644 tools/new-double-high-collector/data/verified_batch_161/group_majors.csv
 create mode 100644 tools/new-double-high-collector/data/verified_batch_161/institutions.csv
 create mode 100644 tools/new-double-high-collector/data/verified_batch_161/professional_groups.csv
 create mode 100644 tools/new-double-high-collector/data/verified_batch_161/seeds.csv
 create mode 100644 tools/new-double-high-collector/data/verified_batch_161/source_notes.md
 create mode 100644 tools/new-double-high-collector/data/verified_batch_162/candidate_reviews.csv
 create mode 100644 tools/new-double-high-collector/data/verified_batch_162/group_majors.csv
 create mode 100644 tools/new-double-high-collector/data/verified_batch_162/institutions.csv
 create mode 100644 tools/new-double-high-collector/data/verified_batch_162/professional_groups.csv
 create mode 100644 tools/new-double-high-collector/data/verified_batch_162/seeds.csv
 create mode 100644 tools/new-double-high-collector/data/verified_batch_162/source_notes.md
 create mode 100644 tools/new-double-high-collector/data/verified_batch_163/candidate_reviews.csv
 create mode 100644 tools/new-double-high-collector/data/verified_batch_163/group_majors.csv
 create mode 100644 tools/new-double-high-collector/data/verified_batch_163/institutions.csv
 create mode 100644 tools/new-double-high-collector/data/verified_batch_163/professional_groups.csv
 create mode 100644 tools/new-double-high-collector/data/verified_batch_163/seeds.csv
 create mode 100644 tools/new-double-high-collector/data/verified_batch_163/source_notes.md
 create mode 100644 tools/new-double-high-collector/data/verified_batch_164/candidate_reviews.csv
 create mode 100644 tools/new-double-high-collector/data/verified_batch_164/group_majors.csv
 create mode 100644 tools/new-double-high-collector/data/verified_batch_164/institutions.csv
 create mode 100644 tools/new-double-high-collector/data/verified_batch_164/professional_groups.csv
 create mode 100644 tools/new-double-high-collector/data/verified_batch_164/seeds.csv
 create mode 100644 tools/new-double-high-collector/data/verified_batch_164/source_notes.md
 create mode 100644 tools/new-double-high-collector/data/verified_batch_165/candidate_reviews.csv
 create mode 100644 tools/new-double-high-collector/data/verified_batch_165/group_majors.csv
 create mode 100644 tools/new-double-high-collector/data/verified_batch_165/institutions.csv
 create mode 100644 tools/new-double-high-collector/data/verified_batch_165/professional_groups.csv
 create mode 100644 tools/new-double-high-collector/data/verified_batch_165/seeds.csv
 create mode 100644 tools/new-double-high-collector/data/verified_batch_165/source_notes.md
 create mode 100644 tools/new-double-high-collector/data/verified_batch_166/candidate_reviews.csv
 create mode 100644 tools/new-double-high-collector/data/verified_batch_166/group_majors.csv
 create mode 100644 tools/new-double-high-collector/data/verified_batch_166/institutions.csv
 create mode 100644 tools/new-double-high-collector/data/verified_batch_166/professional_groups.csv
 create mode 100644 tools/new-double-high-collector/data/verified_batch_166/seeds.csv
 create mode 100644 tools/new-double-high-collector/data/verified_batch_166/source_notes.md
 create mode 100644 tools/new-double-high-collector/data/verified_batch_167/candidate_reviews.csv
 create mode 100644 tools/new-double-high-collector/data/verified_batch_167/group_majors.csv
 create mode 100644 tools/new-double-high-collector/data/verified_batch_167/institutions.csv
 create mode 100644 tools/new-double-high-collector/data/verified_batch_167/professional_groups.csv
 create mode 100644 tools/new-double-high-collector/data/verified_batch_167/seeds.csv
 create mode 100644 tools/new-double-high-collector/data/verified_batch_167/source_notes.md
 create mode 100644 tools/new-double-high-collector/data/verified_batch_168/candidate_reviews.csv
 create mode 100644 tools/new-double-high-collector/data/verified_batch_168/group_majors.csv
 create mode 100644 tools/new-double-high-collector/data/verified_batch_168/institutions.csv
 create mode 100644 tools/new-double-high-collector/data/verified_batch_168/professional_groups.csv
 create mode 100644 tools/new-double-high-collector/data/verified_batch_168/seeds.csv
 create mode 100644 tools/new-double-high-collector/data/verified_batch_168/source_notes.md
 create mode 100644 tools/new-double-high-collector/data/verified_batch_169/candidate_reviews.csv
 create mode 100644 tools/new-double-high-collector/data/verified_batch_169/group_majors.csv
 create mode 100644 tools/new-double-high-collector/data/verified_batch_169/institutions.csv
 create mode 100644 tools/new-double-high-collector/data/verified_batch_169/professional_groups.csv
 create mode 100644 tools/new-double-high-collector/data/verified_batch_169/seeds.csv
 create mode 100644 tools/new-double-high-collector/data/verified_batch_169/source_notes.md
 create mode 100644 tools/new-double-high-collector/data/verified_batch_170/candidate_reviews.csv
 create mode 100644 tools/new-double-high-collector/data/verified_batch_170/group_majors.csv
 create mode 100644 tools/new-double-high-collector/data/verified_batch_170/institutions.csv
 create mode 100644 tools/new-double-high-collector/data/verified_batch_170/professional_groups.csv
 create mode 100644 tools/new-double-high-collector/data/verified_batch_170/seeds.csv
 create mode 100644 tools/new-double-high-collector/data/verified_batch_170/source_notes.md
 create mode 100644 tools/new-double-high-collector/data/verified_batch_171/candidate_reviews.csv
 create mode 100644 tools/new-double-high-collector/data/verified_batch_171/group_majors.csv
 create mode 100644 tools/new-double-high-collector/data/verified_batch_171/institutions.csv
 create mode 100644 tools/new-double-high-collector/data/verified_batch_171/professional_groups.csv
 create mode 100644 tools/new-double-high-collector/data/verified_batch_171/seeds.csv
 create mode 100644 tools/new-double-high-collector/data/verified_batch_171/source_notes.md
 create mode 100644 tools/new-double-high-collector/data/verified_batch_172/candidate_reviews.csv
 create mode 100644 tools/new-double-high-collector/data/verified_batch_172/group_majors.csv
 create mode 100644 tools/new-double-high-collector/data/verified_batch_172/institutions.csv
 create mode 100644 tools/new-double-high-collector/data/verified_batch_172/professional_groups.csv
 create mode 100644 tools/new-double-high-collector/data/verified_batch_172/seeds.csv
 create mode 100644 tools/new-double-high-collector/data/verified_batch_172/source_notes.md
 create mode 100644 tools/new-double-high-collector/data/verified_batch_173/candidate_reviews.csv
 create mode 100644 tools/new-double-high-collector/data/verified_batch_173/group_majors.csv
 create mode 100644 tools/new-double-high-collector/data/verified_batch_173/institutions.csv
 create mode 100644 tools/new-double-high-collector/data/verified_batch_173/professional_groups.csv
 create mode 100644 tools/new-double-high-collector/data/verified_batch_173/seeds.csv
 create mode 100644 tools/new-double-high-collector/data/verified_batch_173/source_notes.md
 create mode 100644 tools/new-double-high-collector/data/verified_batch_174/candidate_reviews.csv
 create mode 100644 tools/new-double-high-collector/data/verified_batch_174/group_majors.csv
 create mode 100644 tools/new-double-high-collector/data/verified_batch_174/institutions.csv
 create mode 100644 tools/new-double-high-collector/data/verified_batch_174/professional_groups.csv
 create mode 100644 tools/new-double-high-collector/data/verified_batch_174/seeds.csv
 create mode 100644 tools/new-double-high-collector/data/verified_batch_174/source_notes.md
 create mode 100644 tools/new-double-high-collector/data/verified_batch_175/candidate_reviews.csv
 create mode 100644 tools/new-double-high-collector/data/verified_batch_175/group_majors.csv
 create mode 100644 tools/new-double-high-collector/data/verified_batch_175/institutions.csv
 create mode 100644 tools/new-double-high-collector/data/verified_batch_175/professional_groups.csv
 create mode 100644 tools/new-double-high-collector/data/verified_batch_175/seeds.csv
 create mode 100644 tools/new-double-high-collector/data/verified_batch_175/source_notes.md
 create mode 100644 tools/new-double-high-collector/data/verified_batch_176/candidate_reviews.csv
 create mode 100644 tools/new-double-high-collector/data/verified_batch_176/group_majors.csv
 create mode 100644 tools/new-double-high-collector/data/verified_batch_176/institutions.csv
 create mode 100644 tools/new-double-high-collector/data/verified_batch_176/professional_groups.csv
 create mode 100644 tools/new-double-high-collector/data/verified_batch_176/seeds.csv
 create mode 100644 tools/new-double-high-collector/data/verified_batch_176/source_notes.md
 create mode 100644 tools/new-double-high-collector/data/verified_batch_177/candidate_reviews.csv
 create mode 100644 tools/new-double-high-collector/data/verified_batch_177/group_majors.csv
 create mode 100644 tools/new-double-high-collector/data/verified_batch_177/institutions.csv
 create mode 100644 tools/new-double-high-collector/data/verified_batch_177/professional_groups.csv
 create mode 100644 tools/new-double-high-collector/data/verified_batch_177/seeds.csv
 create mode 100644 tools/new-double-high-collector/data/verified_batch_177/source_notes.md
 create mode 100644 tools/new-double-high-collector/data/verified_batch_178/candidate_reviews.csv
 create mode 100644 tools/new-double-high-collector/data/verified_batch_178/group_majors.csv
 create mode 100644 tools/new-double-high-collector/data/verified_batch_178/institutions.csv
 create mode 100644 tools/new-double-high-collector/data/verified_batch_178/professional_groups.csv
 create mode 100644 tools/new-double-high-collector/data/verified_batch_178/seeds.csv
 create mode 100644 tools/new-double-high-collector/data/verified_batch_178/source_notes.md
 create mode 100644 tools/new-double-high-collector/data/verified_batch_179/candidate_reviews.csv
 create mode 100644 tools/new-double-high-collector/data/verified_batch_179/group_majors.csv
 create mode 100644 tools/new-double-high-collector/data/verified_batch_179/institutions.csv
 create mode 100644 tools/new-double-high-collector/data/verified_batch_179/professional_groups.csv
 create mode 100644 tools/new-double-high-collector/data/verified_batch_179/seeds.csv
 create mode 100644 tools/new-double-high-collector/data/verified_batch_179/source_notes.md
 create mode 100644 tools/new-double-high-collector/data/verified_batch_180/candidate_reviews.csv
 create mode 100644 tools/new-double-high-collector/data/verified_batch_180/group_majors.csv
 create mode 100644 tools/new-double-high-collector/data/verified_batch_180/institutions.csv
 create mode 100644 tools/new-double-high-collector/data/verified_batch_180/professional_groups.csv
 create mode 100644 tools/new-double-high-collector/data/verified_batch_180/seeds.csv
 create mode 100644 tools/new-double-high-collector/data/verified_batch_180/source_notes.md
 create mode 100644 tools/new-double-high-collector/data/verified_batch_181/candidate_reviews.csv
 create mode 100644 tools/new-double-high-collector/data/verified_batch_181/group_majors.csv
 create mode 100644 tools/new-double-high-collector/data/verified_batch_181/institutions.csv
 create mode 100644 tools/new-double-high-collector/data/verified_batch_181/professional_groups.csv
 create mode 100644 tools/new-double-high-collector/data/verified_batch_181/seeds.csv
 create mode 100644 tools/new-double-high-collector/data/verified_batch_181/source_notes.md
 create mode 100644 tools/new-double-high-collector/data/verified_batch_182/candidate_reviews.csv
 create mode 100644 tools/new-double-high-collector/data/verified_batch_182/group_majors.csv
 create mode 100644 tools/new-double-high-collector/data/verified_batch_182/institutions.csv
 create mode 100644 tools/new-double-high-collector/data/verified_batch_182/professional_groups.csv
 create mode 100644 tools/new-double-high-collector/data/verified_batch_182/seeds.csv
 create mode 100644 tools/new-double-high-collector/data/verified_batch_182/source_notes.md
 create mode 100644 tools/new-double-high-collector/data/verified_batch_183/candidate_reviews.csv
 create mode 100644 tools/new-double-high-collector/data/verified_batch_183/group_majors.csv
 create mode 100644 tools/new-double-high-collector/data/verified_batch_183/institutions.csv
 create mode 100644 tools/new-double-high-collector/data/verified_batch_183/professional_groups.csv
 create mode 100644 tools/new-double-high-collector/data/verified_batch_183/seeds.csv
 create mode 100644 tools/new-double-high-collector/data/verified_batch_183/source_notes.md
 create mode 100644 tools/new-double-high-collector/data/verified_batch_184/candidate_reviews.csv
 create mode 100644 tools/new-double-high-collector/data/verified_batch_184/group_majors.csv
 create mode 100644 tools/new-double-high-collector/data/verified_batch_184/institutions.csv
 create mode 100644 tools/new-double-high-collector/data/verified_batch_184/professional_groups.csv
 create mode 100644 tools/new-double-high-collector/data/verified_batch_184/seeds.csv
 create mode 100644 tools/new-double-high-collector/data/verified_batch_184/source_notes.md
 create mode 100644 tools/new-double-high-collector/data/verified_batch_185/candidate_reviews.csv
 create mode 100644 tools/new-double-high-collector/data/verified_batch_185/group_majors.csv
 create mode 100644 tools/new-double-high-collector/data/verified_batch_185/institutions.csv
 create mode 100644 tools/new-double-high-collector/data/verified_batch_185/professional_groups.csv
 create mode 100644 tools/new-double-high-collector/data/verified_batch_185/seeds.csv
 create mode 100644 tools/new-double-high-collector/data/verified_batch_185/source_notes.md
 create mode 100644 tools/new-double-high-collector/data/verified_batch_186/candidate_reviews.csv
 create mode 100644 tools/new-double-high-collector/data/verified_batch_186/group_majors.csv
 create mode 100644 tools/new-double-high-collector/data/verified_batch_186/institutions.csv
 create mode 100644 tools/new-double-high-collector/data/verified_batch_186/professional_groups.csv
 create mode 100644 tools/new-double-high-collector/data/verified_batch_186/seeds.csv
 create mode 100644 tools/new-double-high-collector/data/verified_batch_186/source_notes.md
 create mode 100644 tools/new-double-high-collector/data/verified_batch_187/candidate_reviews.csv
 create mode 100644 tools/new-double-high-collector/data/verified_batch_187/group_majors.csv
 create mode 100644 tools/new-double-high-collector/data/verified_batch_187/institutions.csv
 create mode 100644 tools/new-double-high-collector/data/verified_batch_187/professional_groups.csv
 create mode 100644 tools/new-double-high-collector/data/verified_batch_187/seeds.csv
 create mode 100644 tools/new-double-high-collector/data/verified_batch_187/source_notes.md
 create mode 100644 tools/new-double-high-collector/data/verified_batch_188/candidate_reviews.csv
 create mode 100644 tools/new-double-high-collector/data/verified_batch_188/group_majors.csv
 create mode 100644 tools/new-double-high-collector/data/verified_batch_188/institutions.csv
 create mode 100644 tools/new-double-high-collector/data/verified_batch_188/professional_groups.csv
 create mode 100644 tools/new-double-high-collector/data/verified_batch_188/seeds.csv
 create mode 100644 tools/new-double-high-collector/data/verified_batch_188/source_notes.md
 create mode 100644 tools/new-double-high-collector/data/verified_batch_189/candidate_reviews.csv
 create mode 100644 tools/new-double-high-collector/data/verified_batch_189/group_majors.csv
 create mode 100644 tools/new-double-high-collector/data/verified_batch_189/institutions.csv
 create mode 100644 tools/new-double-high-collector/data/verified_batch_189/professional_groups.csv
 create mode 100644 tools/new-double-high-collector/data/verified_batch_189/seeds.csv
 create mode 100644 tools/new-double-high-collector/data/verified_batch_189/source_notes.md
 create mode 100644 tools/new-double-high-collector/data/verified_batch_190/candidate_reviews.csv
 create mode 100644 tools/new-double-high-collector/data/verified_batch_190/group_majors.csv
 create mode 100644 tools/new-double-high-collector/data/verified_batch_190/institutions.csv
 create mode 100644 tools/new-double-high-collector/data/verified_batch_190/professional_groups.csv
 create mode 100644 tools/new-double-high-collector/data/verified_batch_190/seeds.csv
 create mode 100644 tools/new-double-high-collector/data/verified_batch_190/source_notes.md
 create mode 100644 tools/new-double-high-collector/data/verified_batch_191/candidate_reviews.csv
 create mode 100644 tools/new-double-high-collector/data/verified_batch_191/group_majors.csv
 create mode 100644 tools/new-double-high-collector/data/verified_batch_191/institutions.csv
 create mode 100644 tools/new-double-high-collector/data/verified_batch_191/professional_groups.csv
 create mode 100644 tools/new-double-high-collector/data/verified_batch_191/seeds.csv
 create mode 100644 tools/new-double-high-collector/data/verified_batch_191/source_notes.md
 create mode 100644 tools/new-double-high-collector/data/verified_batch_192/candidate_reviews.csv
 create mode 100644 tools/new-double-high-collector/data/verified_batch_192/group_majors.csv
 create mode 100644 tools/new-double-high-collector/data/verified_batch_192/institutions.csv
 create mode 100644 tools/new-double-high-collector/data/verified_batch_192/professional_groups.csv
 create mode 100644 tools/new-double-high-collector/data/verified_batch_192/seeds.csv
 create mode 100644 tools/new-double-high-collector/data/verified_batch_192/source_notes.md
 create mode 100644 tools/new-double-high-collector/data/verified_batch_193/candidate_reviews.csv
 create mode 100644 tools/new-double-high-collector/data/verified_batch_193/group_majors.csv
 create mode 100644 tools/new-double-high-collector/data/verified_batch_193/institutions.csv
 create mode 100644 tools/new-double-high-collector/data/verified_batch_193/professional_groups.csv
 create mode 100644 tools/new-double-high-collector/data/verified_batch_193/seeds.csv
 create mode 100644 tools/new-double-high-collector/data/verified_batch_193/source_notes.md
 create mode 100644 tools/new-double-high-collector/data/verified_batch_194/candidate_reviews.csv
 create mode 100644 tools/new-double-high-collector/data/verified_batch_194/group_majors.csv
 create mode 100644 tools/new-double-high-collector/data/verified_batch_194/institutions.csv
 create mode 100644 tools/new-double-high-collector/data/verified_batch_194/professional_groups.csv
 create mode 100644 tools/new-double-high-collector/data/verified_batch_194/seeds.csv
 create mode 100644 tools/new-double-high-collector/data/verified_batch_194/source_notes.md
 create mode 100644 tools/new-double-high-collector/data/verified_batch_195/candidate_reviews.csv
 create mode 100644 tools/new-double-high-collector/data/verified_batch_195/group_majors.csv
 create mode 100644 tools/new-double-high-collector/data/verified_batch_195/institutions.csv
 create mode 100644 tools/new-double-high-collector/data/verified_batch_195/professional_groups.csv
 create mode 100644 tools/new-double-high-collector/data/verified_batch_195/seeds.csv
 create mode 100644 tools/new-double-high-collector/data/verified_batch_195/source_notes.md
 create mode 100644 tools/new-double-high-collector/data/verified_batch_196/candidate_reviews.csv
 create mode 100644 tools/new-double-high-collector/data/verified_batch_196/group_majors.csv
 create mode 100644 tools/new-double-high-collector/data/verified_batch_196/institutions.csv
 create mode 100644 tools/new-double-high-collector/data/verified_batch_196/professional_groups.csv
 create mode 100644 tools/new-double-high-collector/data/verified_batch_196/seeds.csv
 create mode 100644 tools/new-double-high-collector/data/verified_batch_196/source_notes.md
 create mode 100644 tools/new-double-high-collector/data/verified_batch_197/candidate_reviews.csv
 create mode 100644 tools/new-double-high-collector/data/verified_batch_197/group_majors.csv
 create mode 100644 tools/new-double-high-collector/data/verified_batch_197/institutions.csv
 create mode 100644 tools/new-double-high-collector/data/verified_batch_197/professional_groups.csv
 create mode 100644 tools/new-double-high-collector/data/verified_batch_197/seeds.csv
 create mode 100644 tools/new-double-high-collector/data/verified_batch_197/source_notes.md
 create mode 100644 tools/new-double-high-collector/data/verified_batch_198/candidate_reviews.csv
 create mode 100644 tools/new-double-high-collector/data/verified_batch_198/group_majors.csv
 create mode 100644 tools/new-double-high-collector/data/verified_batch_198/institutions.csv
 create mode 100644 tools/new-double-high-collector/data/verified_batch_198/professional_groups.csv
 create mode 100644 tools/new-double-high-collector/data/verified_batch_198/seeds.csv
 create mode 100644 tools/new-double-high-collector/data/verified_batch_198/source_notes.md
 create mode 100644 tools/new-double-high-collector/data/verified_batch_199/candidate_reviews.csv
 create mode 100644 tools/new-double-high-collector/data/verified_batch_199/group_majors.csv
 create mode 100644 tools/new-double-high-collector/data/verified_batch_199/institutions.csv
 create mode 100644 tools/new-double-high-collector/data/verified_batch_199/professional_groups.csv
 create mode 100644 tools/new-double-high-collector/data/verified_batch_199/seeds.csv
 create mode 100644 tools/new-double-high-collector/data/verified_batch_199/source_notes.md
 create mode 100644 tools/new-double-high-collector/data/verified_batch_200/candidate_reviews.csv
 create mode 100644 tools/new-double-high-collector/data/verified_batch_200/group_majors.csv
 create mode 100644 tools/new-double-high-collector/data/verified_batch_200/institutions.csv
 create mode 100644 tools/new-double-high-collector/data/verified_batch_200/professional_groups.csv
 create mode 100644 tools/new-double-high-collector/data/verified_batch_200/seeds.csv
 create mode 100644 tools/new-double-high-collector/data/verified_batch_200/source_notes.md
 create mode 100644 tools/new-double-high-collector/data/verified_batch_201/candidate_reviews.csv
 create mode 100644 tools/new-double-high-collector/data/verified_batch_201/group_majors.csv
 create mode 100644 tools/new-double-high-collector/data/verified_batch_201/institutions.csv
 create mode 100644 tools/new-double-high-collector/data/verified_batch_201/professional_groups.csv
 create mode 100644 tools/new-double-high-collector/data/verified_batch_201/seeds.csv
 create mode 100644 tools/new-double-high-collector/data/verified_batch_201/source_notes.md
 create mode 100644 tools/new-double-high-collector/data/verified_batch_202/candidate_reviews.csv
 create mode 100644 tools/new-double-high-collector/data/verified_batch_202/group_majors.csv
 create mode 100644 tools/new-double-high-collector/data/verified_batch_202/institutions.csv
 create mode 100644 tools/new-double-high-collector/data/verified_batch_202/professional_groups.csv
 create mode 100644 tools/new-double-high-collector/data/verified_batch_202/seeds.csv
 create mode 100644 tools/new-double-high-collector/data/verified_batch_202/source_notes.md
 create mode 100644 tools/new-double-high-collector/data/verified_batch_203/candidate_reviews.csv
 create mode 100644 tools/new-double-high-collector/data/verified_batch_203/group_majors.csv
 create mode 100644 tools/new-double-high-collector/data/verified_batch_203/institutions.csv
 create mode 100644 tools/new-double-high-collector/data/verified_batch_203/professional_groups.csv
 create mode 100644 tools/new-double-high-collector/data/verified_batch_203/seeds.csv
 create mode 100644 tools/new-double-high-collector/data/verified_batch_203/source_notes.md
 create mode 100644 tools/new-double-high-collector/data/verified_batch_204/candidate_reviews.csv
 create mode 100644 tools/new-double-high-collector/data/verified_batch_204/group_majors.csv
 create mode 100644 tools/new-double-high-collector/data/verified_batch_204/institutions.csv
 create mode 100644 tools/new-double-high-collector/data/verified_batch_204/professional_groups.csv
 create mode 100644 tools/new-double-high-collector/data/verified_batch_204/seeds.csv
 create mode 100644 tools/new-double-high-collector/data/verified_batch_204/source_notes.md
 create mode 100644 tools/new-double-high-collector/data/verified_batch_205/candidate_reviews.csv
 create mode 100644 tools/new-double-high-collector/data/verified_batch_205/group_majors.csv
 create mode 100644 tools/new-double-high-collector/data/verified_batch_205/institutions.csv
 create mode 100644 tools/new-double-high-collector/data/verified_batch_205/professional_groups.csv
 create mode 100644 tools/new-double-high-collector/data/verified_batch_205/seeds.csv
 create mode 100644 tools/new-double-high-collector/data/verified_batch_205/source_notes.md
 create mode 100644 tools/new-double-high-collector/data/verified_batch_206/candidate_reviews.csv
 create mode 100644 tools/new-double-high-collector/data/verified_batch_206/group_majors.csv
 create mode 100644 tools/new-double-high-collector/data/verified_batch_206/institutions.csv
 create mode 100644 tools/new-double-high-collector/data/verified_batch_206/professional_groups.csv
 create mode 100644 tools/new-double-high-collector/data/verified_batch_206/seeds.csv
 create mode 100644 tools/new-double-high-collector/data/verified_batch_206/source_notes.md
 create mode 100644 tools/new-double-high-collector/data/verified_batch_207/candidate_reviews.csv
 create mode 100644 tools/new-double-high-collector/data/verified_batch_207/group_majors.csv
 create mode 100644 tools/new-double-high-collector/data/verified_batch_207/institutions.csv
 create mode 100644 tools/new-double-high-collector/data/verified_batch_207/professional_groups.csv
 create mode 100644 tools/new-double-high-collector/data/verified_batch_207/seeds.csv
 create mode 100644 tools/new-double-high-collector/data/verified_batch_207/source_notes.md
 create mode 100644 tools/new-double-high-collector/data/verified_batch_208/candidate_reviews.csv
 create mode 100644 tools/new-double-high-collector/data/verified_batch_208/group_majors.csv
 create mode 100644 tools/new-double-high-collector/data/verified_batch_208/institutions.csv
 create mode 100644 tools/new-double-high-collector/data/verified_batch_208/professional_groups.csv
 create mode 100644 tools/new-double-high-collector/data/verified_batch_208/seeds.csv
 create mode 100644 tools/new-double-high-collector/data/verified_batch_208/source_notes.md
 create mode 100644 tools/new-double-high-collector/data/verified_batch_209/candidate_reviews.csv
 create mode 100644 tools/new-double-high-collector/data/verified_batch_209/group_majors.csv
 create mode 100644 tools/new-double-high-collector/data/verified_batch_209/institutions.csv
 create mode 100644 tools/new-double-high-collector/data/verified_batch_209/professional_groups.csv
 create mode 100644 tools/new-double-high-collector/data/verified_batch_209/seeds.csv
 create mode 100644 tools/new-double-high-collector/data/verified_batch_209/source_notes.md
 create mode 100644 tools/new-double-high-collector/data/verified_batch_210/candidate_reviews.csv
 create mode 100644 tools/new-double-high-collector/data/verified_batch_210/group_majors.csv
 create mode 100644 tools/new-double-high-collector/data/verified_batch_210/institutions.csv
 create mode 100644 tools/new-double-high-collector/data/verified_batch_210/professional_groups.csv
 create mode 100644 tools/new-double-high-collector/data/verified_batch_210/seeds.csv
 create mode 100644 tools/new-double-high-collector/data/verified_batch_210/source_notes.md
 create mode 100644 tools/new-double-high-collector/data/verified_batch_211/candidate_reviews.csv
 create mode 100644 tools/new-double-high-collector/data/verified_batch_211/group_majors.csv
 create mode 100644 tools/new-double-high-collector/data/verified_batch_211/institutions.csv
 create mode 100644 tools/new-double-high-collector/data/verified_batch_211/professional_groups.csv
 create mode 100644 tools/new-double-high-collector/data/verified_batch_211/seeds.csv
 create mode 100644 tools/new-double-high-collector/data/verified_batch_211/source_notes.md
 create mode 100644 tools/new-double-high-collector/data/verified_batch_212/candidate_reviews.csv
 create mode 100644 tools/new-double-high-collector/data/verified_batch_212/group_majors.csv
 create mode 100644 tools/new-double-high-collector/data/verified_batch_212/institutions.csv
 create mode 100644 tools/new-double-high-collector/data/verified_batch_212/professional_groups.csv
 create mode 100644 tools/new-double-high-collector/data/verified_batch_212/seeds.csv
 create mode 100644 tools/new-double-high-collector/data/verified_batch_212/source_notes.md
 create mode 100644 tools/new-double-high-collector/data/verified_batch_213/candidate_reviews.csv
 create mode 100644 tools/new-double-high-collector/data/verified_batch_213/group_majors.csv
 create mode 100644 tools/new-double-high-collector/data/verified_batch_213/institutions.csv
 create mode 100644 tools/new-double-high-collector/data/verified_batch_213/professional_groups.csv
 create mode 100644 tools/new-double-high-collector/data/verified_batch_213/seeds.csv
 create mode 100644 tools/new-double-high-collector/data/verified_batch_213/source_notes.md
 create mode 100644 tools/new-double-high-collector/data/verified_batch_214/candidate_reviews.csv
 create mode 100644 tools/new-double-high-collector/data/verified_batch_214/group_majors.csv
 create mode 100644 tools/new-double-high-collector/data/verified_batch_214/institutions.csv
 create mode 100644 tools/new-double-high-collector/data/verified_batch_214/professional_groups.csv
 create mode 100644 tools/new-double-high-collector/data/verified_batch_214/seeds.csv
 create mode 100644 tools/new-double-high-collector/data/verified_batch_214/source_notes.md
 create mode 100644 tools/new-double-high-collector/data/verified_batch_215/candidate_reviews.csv
 create mode 100644 tools/new-double-high-collector/data/verified_batch_215/group_majors.csv
 create mode 100644 tools/new-double-high-collector/data/verified_batch_215/institutions.csv
 create mode 100644 tools/new-double-high-collector/data/verified_batch_215/professional_groups.csv
 create mode 100644 tools/new-double-high-collector/data/verified_batch_215/seeds.csv
 create mode 100644 tools/new-double-high-collector/data/verified_batch_215/source_notes.md
 create mode 100644 tools/new-double-high-collector/data/verified_batch_216/candidate_reviews.csv
 create mode 100644 tools/new-double-high-collector/data/verified_batch_216/group_majors.csv
 create mode 100644 tools/new-double-high-collector/data/verified_batch_216/institutions.csv
 create mode 100644 tools/new-double-high-collector/data/verified_batch_216/professional_groups.csv
 create mode 100644 tools/new-double-high-collector/data/verified_batch_216/seeds.csv
 create mode 100644 tools/new-double-high-collector/data/verified_batch_216/source_notes.md
 create mode 100644 tools/new-double-high-collector/data/verified_batch_217/candidate_reviews.csv
 create mode 100644 tools/new-double-high-collector/data/verified_batch_217/group_majors.csv
 create mode 100644 tools/new-double-high-collector/data/verified_batch_217/institutions.csv
 create mode 100644 tools/new-double-high-collector/data/verified_batch_217/professional_groups.csv
 create mode 100644 tools/new-double-high-collector/data/verified_batch_217/seeds.csv
 create mode 100644 tools/new-double-high-collector/data/verified_batch_217/source_notes.md
 create mode 100644 tools/new-double-high-collector/data/verified_batch_218/candidate_reviews.csv
 create mode 100644 tools/new-double-high-collector/data/verified_batch_218/group_majors.csv
 create mode 100644 tools/new-double-high-collector/data/verified_batch_218/institutions.csv
 create mode 100644 tools/new-double-high-collector/data/verified_batch_218/professional_groups.csv
 create mode 100644 tools/new-double-high-collector/data/verified_batch_218/seeds.csv
 create mode 100644 tools/new-double-high-collector/data/verified_batch_218/source_notes.md
 create mode 100644 tools/new-double-high-collector/data/verified_batch_219/candidate_reviews.csv
 create mode 100644 tools/new-double-high-collector/data/verified_batch_219/group_majors.csv
 create mode 100644 tools/new-double-high-collector/data/verified_batch_219/institutions.csv
 create mode 100644 tools/new-double-high-collector/data/verified_batch_219/professional_groups.csv
 create mode 100644 tools/new-double-high-collector/data/verified_batch_219/seeds.csv
 create mode 100644 tools/new-double-high-collector/data/verified_batch_219/source_notes.md
 create mode 100644 tools/new-double-high-collector/data/verified_batch_220/candidate_reviews.csv
 create mode 100644 tools/new-double-high-collector/data/verified_batch_220/group_majors.csv
 create mode 100644 tools/new-double-high-collector/data/verified_batch_220/institutions.csv
 create mode 100644 tools/new-double-high-collector/data/verified_batch_220/professional_groups.csv
 create mode 100644 tools/new-double-high-collector/data/verified_batch_220/seeds.csv
 create mode 100644 tools/new-double-high-collector/data/verified_batch_220/source_notes.md
 create mode 100644 tools/new-double-high-collector/data/verified_batch_221/candidate_reviews.csv
 create mode 100644 tools/new-double-high-collector/data/verified_batch_221/group_majors.csv
 create mode 100644 tools/new-double-high-collector/data/verified_batch_221/institutions.csv
 create mode 100644 tools/new-double-high-collector/data/verified_batch_221/professional_groups.csv
 create mode 100644 tools/new-double-high-collector/data/verified_batch_221/seeds.csv
 create mode 100644 tools/new-double-high-collector/data/verified_batch_221/source_notes.md
 create mode 100644 tools/new-double-high-collector/new_double_high_collector/__init__.py
 create mode 100644 tools/new-double-high-collector/new_double_high_collector/baseline.py
 create mode 100644 tools/new-double-high-collector/new_double_high_collector/catalog.py
 create mode 100644 tools/new-double-high-collector/new_double_high_collector/classifier.py
 create mode 100644 tools/new-double-high-collector/new_double_high_collector/cli.py
 create mode 100644 tools/new-double-high-collector/new_double_high_collector/discovery.py
 create mode 100644 tools/new-double-high-collector/new_double_high_collector/downloader.py
 create mode 100644 tools/new-double-high-collector/new_double_high_collector/http_client.py
 create mode 100644 tools/new-double-high-collector/new_double_high_collector/models.py
 create mode 100644 tools/new-double-high-collector/new_double_high_collector/qa.py
 create mode 100644 tools/new-double-high-collector/new_double_high_collector/volume_guard.py
 create mode 100644 tools/new-double-high-collector/scripts/build_school_queue.py
 create mode 100644 tools/new-double-high-collector/tests/test_baseline.py
 create mode 100644 tools/new-double-high-collector/tests/test_catalog.py
 create mode 100644 tools/new-double-high-collector/tests/test_classifier.py
 create mode 100644 tools/new-double-high-collector/tests/test_cli.py
 create mode 100644 tools/new-double-high-collector/tests/test_discovery.py
 create mode 100644 tools/new-double-high-collector/tests/test_downloader.py
 create mode 100644 tools/new-double-high-collector/tests/test_http_client.py
 create mode 100644 tools/new-double-high-collector/tests/test_qa.py
 create mode 100644 tools/new-double-high-collector/tests/test_storage_pilot_data.py
 create mode 100644 tools/new-double-high-collector/tests/test_sxjd_pilot_data.py
 create mode 100644 tools/new-double-high-collector/tests/test_volume_guard.py
