group_id,major_code,download_url,status,year_evidence,major_evidence,document_evidence,notes,verification_status
HFVT-590302,520601,https://hzyxy.htc.edu.cn/__local/2/30/25/348EDAE2202184546212879587A_08A437F1_BD996.pdf,wrong_year,PDF首页明确为2024级,康复治疗技术,人才培养方案,官网页面标题写2025级但嵌入PDF首页为2024级，下载后内容抽检拒收,verified
XYVTC-460702,460701,https://www.hbxytc.cn/__local/C/A8/ED/F11C6FD762BD977B1DB2F40A004_7854E471_1EF66F.pdf,wrong_year,PDF封面标注制定日期2021年8月且修订日期2022年6月,汽车制造与试验技术,人才培养方案,官网公开的旧版方案不符合2025级口径,verified
XYVTC-460702,500211,https://www.hbxytc.cn/__local/8/E9/5E/2356C0EA7DED3FEC0668CDF7C08_A5F97441_1A941E.pdf,wrong_year,PDF封面标注制定日期2022年8月,汽车检测与维修技术,人才培养方案,官网公开的旧版方案不符合2025级口径,verified
FJCPC-500301,460501,https://www.fjcpc.edu.cn/_upload/article/files/a5/fc/dcbc4a7a466e9818c6e73a62da91/28d09b61-b715-4628-8d38-266a5130a029.pdf,eligible_official_2025,PDF首页明确为2025级,船舶工程技术及专业代码460501,人才培养方案,官网文章标题为2025船舶工程技术人才培养方案；PDF首页核验通过,verified
FJCPC-500201,500201,https://www.fjcpc.edu.cn/_upload/article/files/4c/9d/e9efe51341bc85480a4b91105646/17b1a03e-f6aa-4255-9f6d-d6c3946bda69.pdf,eligible_official_2025,PDF首页明确为2025级,道路与桥梁工程技术及专业代码500201,人才培养方案,官网文章标题使用道路桥梁工程简称；PDF首页核验通过,verified
JXGM-460305,460301,https://jwc.jxgmxy.com/uploadfile/6/Attachment/681fe066a9.pdf,wrong_year,PDF封面明确为2024级,机电一体化技术；封面专业群名称为工业机器人技术,人才培养方案,官网公开页与PDF封面均明确为2024级，不作为2025级成果入库,verified
JXGM-460305,510102,https://jwc.jxgmxy.com/uploadfile/6/Attachment/d410ed055a.pdf,wrong_year,PDF封面明确为2024级,物联网应用技术；封面专业群名称为工业机器人技术,人才培养方案,官网公开页与PDF封面均明确为2024级，不作为2025级成果入库,verified
JXXD-510101,510109,https://jiaowc.jxxdxy.edu.cn/uploadfile/71/Attachment/41be309704.pdf,eligible_official_2025,官网公示标题和PDF封面均明确为2025级,智能光电技术应用；PDF正文专业代码510109,人才培养方案,71页正式PDF；首页与末页审批材料核验通过,verified
JXXD-510101,510101,https://jiaowc.jxxdxy.edu.cn/uploadfile/71/Attachment/1f0d6cc524.docx,wrong_year,官网附件名及正文均明确为2024级,电子信息工程技术（光电方向）；专业代码510101；所属电子信息工程技术专业群,人才培养方案,仅作为旧版与群归属证据，不写入2025级成果目录,verified
YRCTI-450205,450201,https://www.yrcti.edu.cn/system/_content/download.jsp?urltype=news.DownloadAttachUrl&owner=1573771431&wbfileid=15442182,access_blocked,详情页发布于2025-09-30；PDF正文因验证码未核验,附件名明确为450201-水利工程专业人才培养方案,人才培养方案PDF,官方附件入口要求图形验证码；未绕过验证码且未将HTML验证码页冒充PDF,verified
YRCTI-450205,420901,https://www.yrcti.edu.cn/system/_content/download.jsp?urltype=news.DownloadAttachUrl&owner=1573771431&wbfileid=15442180,access_blocked,详情页发布于2025-09-30；PDF正文因验证码未核验,附件名明确为420901-安全技术与管理专业人才培养方案,人才培养方案PDF,官方附件入口要求图形验证码；未绕过验证码且未将HTML验证码页冒充PDF,verified
YRCTI-450205,450203,https://www.yrcti.edu.cn/system/_content/download.jsp?urltype=news.DownloadAttachUrl&owner=1573771431&wbfileid=15442259,access_blocked,详情页发布于2025-09-30；PDF正文因验证码未核验,附件名明确为450203-水利水电工程技术专业人才培养方案,人才培养方案PDF,官方附件入口要求图形验证码；未绕过验证码且未将HTML验证码页冒充PDF,verified
YRCTI-450205,450205,https://www.yrcti.edu.cn/system/_content/download.jsp?urltype=news.DownloadAttachUrl&owner=1573771431&wbfileid=15442188,access_blocked,详情页发布于2025-09-30；PDF正文因验证码未核验,附件名明确为450205-水利水电建筑工程人才培养方案,人才培养方案PDF,官方附件入口要求图形验证码；未绕过验证码且未将HTML验证码页冒充PDF,verified
YRCTI-450205,450207,https://www.yrcti.edu.cn/system/_content/download.jsp?urltype=news.DownloadAttachUrl&owner=1573771431&wbfileid=15442189,access_blocked,详情页发布于2025-09-30；PDF正文因验证码未核验,附件名明确为450207-治河与航道工程技术专业人才培养方案,人才培养方案PDF,官方附件入口要求图形验证码；未绕过验证码且未将HTML验证码页冒充PDF,verified
ZZRVTC-500105,500105,https://www.zzrvtc.edu.cn/_upload/article/files/72/0d/1b87f2574bbb9fbec39ac622f633/6a3d4b17-fefe-41e9-8ce4-df0a34ba3831.pdf,eligible_official_2025,PDF封面明确2025版且编制时间为2025年8月,铁道机车运用与维护；正文专业代码500105,人才培养方案,60页正式PDF；首页与末页核验通过,verified
ZZRVTC-500105,500106,https://www.zzrvtc.edu.cn/_upload/article/files/91/ef/83cfb64e4fceae7f7dd7f380d585/ce6a7786-dee7-4298-8cef-7d5f30fa1dc8.pdf,eligible_official_2025,PDF封面明确2025版且编制时间为2025年8月,铁道车辆技术；正文专业代码500106,人才培养方案,67页正式PDF；页面虽于2026年补发但PDF封面年份明确；首页与末页核验通过,verified
ZZRVTC-500105,500108,https://www.zzrvtc.edu.cn/_upload/article/files/b5/cc/ef3f29ee4ea7ab2d17aaa0ddf54e/733c055f-ad01-4573-9bab-488d7d285ffc.pdf,eligible_official_2025,PDF封面明确2025版且编制时间为2025年8月,动车组检修技术；正文专业代码500108,人才培养方案,60页正式PDF；首页与末页核验通过,verified
ZZRVTC-500105,500104,https://www.zzrvtc.edu.cn/_upload/article/files/a0/53/4ab03c2c4f61a3350c8a498f5764/e0598103-c467-4b8b-87ac-e69dd58986df.pdf,eligible_official_2025,PDF封面明确2025版且编制时间为2025年8月,铁道养路机械应用技术；正文专业代码500104,人才培养方案,54页正式PDF；首页与末页核验通过,verified
ZZRVTC-500105,500112,https://www.zzrvtc.edu.cn/_upload/article/files/b3/70/13bda3bb4d028b0a21a92ae02836/beb0acdd-0a37-4177-97af-c146b712a4ac.pdf,eligible_official_2025,PDF封面明确2025版且编制时间为2025年8月,铁道交通运营管理；正文专业代码500112,人才培养方案,31页正式PDF；首页与末页核验通过,verified
ZZRVTC-500109,500109,https://www.zzrvtc.edu.cn/_upload/article/files/41/a9/d6312634484294ebb7bcc87258e8/9702d179-4a7c-4923-a1be-b89df51ba211.pdf,eligible_official_2025,PDF封面明确2025版且编制时间为2025年8月,高速铁路综合维修技术；正文专业代码500109,人才培养方案,53页正式PDF；首页与末页核验通过,verified
ZZRVTC-500109,500107,https://www.zzrvtc.edu.cn/_upload/article/files/23/ca/cf8a9a0c43fca4491f6a42e391a7/3bb66b13-eeb6-47e1-8b1b-7f8b1edf3c9e.pdf,eligible_official_2025,PDF封面明确2025版且编制时间为2025年8月,铁道供电技术；正文专业代码500107,人才培养方案,50页正式PDF；首页与末页核验通过,verified
ZZRVTC-500109,500111,https://www.zzrvtc.edu.cn/_upload/article/files/fc/32/35794d5c4eb480f22747d12ff768/a0e910bd-68d0-4ff9-befd-1ebd4d660d93.pdf,eligible_official_2025,PDF封面明确2025版且编制时间为2025年8月,铁道通信与信息化技术；正文专业代码500111,人才培养方案,55页正式PDF；首页与末页核验通过,verified
ZZRVTC-500109,500110,https://www.zzrvtc.edu.cn/_upload/article/files/ba/2d/8b2cd8d1438e92a30a020f8084d5/53842298-f809-4653-be19-2a3b12334b5d.pdf,eligible_official_2025,PDF封面明确2025版且编制时间为2025年8月,铁道信号自动控制；正文专业代码500110,人才培养方案,47页正式PDF；首页与末页核验通过,verified
ZZRVTC-500109,500102,https://www.zzrvtc.edu.cn/_upload/article/files/4a/12/967082ae4911955d58772d95f0e9/0ff32a0e-6f75-4036-a43a-550d97684626.pdf,eligible_official_2025,PDF封面明确2025版且编制时间为2025年8月,高速铁路施工与维护；正文专业代码500102,人才培养方案,71页正式PDF；首页与末页核验通过,verified
XCITC-460301,460301,https://jwc.xcitc.edu.cn/system/_content/download.jsp?urltype=news.DownloadAttachUrl&owner=1882018581&wbfileid=6608007,eligible_official_2025,官网公示页标题及PDF封面均明确2025级,机电一体化技术；PDF封面专业代码460301,人才培养方案,40页正式PDF；首页与末页视觉核验通过；SHA-256为898a9f885f85f8be7bebb2178e1cd834ab5897d5b9c60ee7a0d141f1a03802f2,verified
XCITC-460301,460104,https://jwc.xcitc.edu.cn/system/_content/download.jsp?urltype=news.DownloadAttachUrl&owner=1882018581&wbfileid=6608017,eligible_official_2025,官网公示页标题及PDF封面均明确2025级,机械制造及自动化；PDF封面专业代码460104,人才培养方案,37页中国特色学徒制三年制正式PDF；同页另有中德方向版；主记录采用非中德方向文件；首页与末页视觉核验通过；SHA-256为0823e68c5a3222dd439a4bcb3efc3eaf3122bfb46c859e70be0e821e37b01cdd,verified
XCITC-460301,460306,https://jwc.xcitc.edu.cn/system/_content/download.jsp?urltype=news.DownloadAttachUrl&owner=1882018581&wbfileid=6608012,eligible_official_2025,官网公示页标题及PDF封面均明确2025级,电气自动化技术；PDF封面专业代码460306,人才培养方案,45页正式PDF；首页与末页视觉核验通过；SHA-256为a3c83365ff78e6ab305d84c2103f25a4fcf38750457dbd383faf292aa283d092,verified
XCITC-460301,460305,https://jwc.xcitc.edu.cn/system/_content/download.jsp?urltype=news.DownloadAttachUrl&owner=1882018581&wbfileid=6608018,eligible_official_2025,官网公示页标题及PDF封面均明确2025级,工业机器人技术；PDF封面专业代码460305,人才培养方案,47页正式PDF；首页与末页视觉核验通过；SHA-256为d3cb2e2fcd863e9f577083d398d2835d11aafabada0bc5944dc1357484fcb312,verified
XCITC-460301,460310,https://jwc.xcitc.edu.cn/system/_content/download.jsp?urltype=news.DownloadAttachUrl&owner=1882018581&wbfileid=6608016,eligible_official_2025,官网公示页标题及PDF封面均明确2025级,工业互联网应用；PDF封面专业代码460310,人才培养方案,50页正式PDF；首页与末页视觉核验通过；SHA-256为f954edf9568a1fcb532fc03f3bfb441fdee500c07d433f7b8cb5a8b2d53ba77e,verified
HNETC-510209,510209,https://www.henetc.edu.cn/__local/E/DC/B3/06E9FCEC043D4BABB5D4C6F4DE9_E0DA12AA_98AAFA.pdf,wrong_document_type,官网页面题名明确为2025年度质量报告,人工智能技术应用专业群仅作为质量报告案例出现,155页学校质量年度报告而非专业人才培养方案,不作为人工智能技术应用专业2025级方案,verified
HNETC-510209,510205,https://www.henetc.edu.cn/__local/E/DC/B3/06E9FCEC043D4BABB5D4C6F4DE9_E0DA12AA_98AAFA.pdf,wrong_document_type,官网页面题名明确为2025年度质量报告,大数据技术仅作为学校专业或项目名称出现,155页学校质量年度报告而非专业人才培养方案,不作为大数据技术专业2025级方案,verified
HNETC-510209,510201,https://www.henetc.edu.cn/__local/E/DC/B3/06E9FCEC043D4BABB5D4C6F4DE9_E0DA12AA_98AAFA.pdf,wrong_document_type,官网页面题名明确为2025年度质量报告,未形成计算机应用技术专业方案证据,155页学校质量年度报告而非专业人才培养方案,不作为计算机应用技术专业2025级方案,verified
HNETC-510209,510207,https://www.henetc.edu.cn/__local/E/DC/B3/06E9FCEC043D4BABB5D4C6F4DE9_E0DA12AA_98AAFA.pdf,wrong_document_type,官网页面题名明确为2025年度质量报告,信息安全技术应用仅作为学校专业或项目名称出现,155页学校质量年度报告而非专业人才培养方案,不作为信息安全技术应用专业2025级方案,verified
HNETC-510209,510206,https://www.henetc.edu.cn/__local/E/DC/B3/06E9FCEC043D4BABB5D4C6F4DE9_E0DA12AA_98AAFA.pdf,wrong_document_type,官网页面题名明确为2025年度质量报告,云计算技术应用仅作为学校专业或项目名称出现,155页学校质量年度报告而非专业人才培养方案,不作为云计算技术应用专业2025级方案,verified
HNETC-510209,510212,https://www.henetc.edu.cn/__local/E/DC/B3/06E9FCEC043D4BABB5D4C6F4DE9_E0DA12AA_98AAFA.pdf,wrong_document_type,官网页面题名明确为2025年度质量报告,未形成区块链技术应用专业方案证据,155页学校质量年度报告而非专业人才培养方案,不作为区块链技术应用专业2025级方案,verified
HNETC-510209,510204,https://www.henetc.edu.cn/__local/E/DC/B3/06E9FCEC043D4BABB5D4C6F4DE9_E0DA12AA_98AAFA.pdf,wrong_document_type,官网页面题名明确为2025年度质量报告,未形成数字媒体技术专业方案证据,155页学校质量年度报告而非专业人才培养方案,不作为数字媒体技术专业2025级方案,verified
HBTGPT-470201,470201,https://www.tgc.edu.cn/upload/2023/1008/20231008010035542.pdf,wrong_year,官网页面标题明确为2021级且附件发布于2023年,应用化工技术,人才培养方案,官方旧版方案不符合2025级口径,verified
HBTGPT-470201,470209,https://www.tgc.edu.cn/upload/2023/1008/20231008010035542.pdf,major_mismatch,官网页面标题明确为2021级且附件发布于2023年,附件对应应用化工技术而非化工自动化技术,人才培养方案,同时为旧年度且专业不匹配，不作为2025级成果入库,verified
HBTGPT-470201,460301,https://www.tgc.edu.cn/upload/2023/1008/20231008010035542.pdf,major_mismatch,官网页面标题明确为2021级且附件发布于2023年,附件对应应用化工技术而非机电一体化技术,人才培养方案,同时为旧年度且专业不匹配，不作为2025级成果入库,verified
HBTGPT-470201,460306,https://www.tgc.edu.cn/upload/2023/1008/20231008010035542.pdf,major_mismatch,官网页面标题明确为2021级且附件发布于2023年,附件对应应用化工技术而非电气自动化技术,人才培养方案,同时为旧年度且专业不匹配，不作为2025级成果入库,verified
WHCP-460704,460704,https://jwzy.whcp.edu.cn/_upload/article/files/c9/25/ec59706e4ce7ad9bfbc50eb46128/7e3f53bc-4a52-4db4-80c1-ff5d8e637717.docx,wrong_document_type,官网页面发布于2026年且附件未标2025级,未形成智能网联汽车技术专业内容证据,人才培养方案研制与管理平台操作手册,仅为平台使用说明，不是专业人才培养方案,verified
WHCP-460704,460702,https://jwzy.whcp.edu.cn/_upload/article/files/c9/25/ec59706e4ce7ad9bfbc50eb46128/7e3f53bc-4a52-4db4-80c1-ff5d8e637717.docx,wrong_document_type,官网页面发布于2026年且附件未标2025级,未形成新能源汽车技术专业内容证据,人才培养方案研制与管理平台操作手册,仅为平台使用说明，不是专业人才培养方案,verified
WHCP-460704,510107,https://jwzy.whcp.edu.cn/_upload/article/files/c9/25/ec59706e4ce7ad9bfbc50eb46128/7e3f53bc-4a52-4db4-80c1-ff5d8e637717.docx,wrong_document_type,官网页面发布于2026年且附件未标2025级,未形成汽车智能技术专业内容证据,人才培养方案研制与管理平台操作手册,仅为平台使用说明，不是专业人才培养方案,verified
WHCP-460704,460701,https://jwzy.whcp.edu.cn/_upload/article/files/c9/25/ec59706e4ce7ad9bfbc50eb46128/7e3f53bc-4a52-4db4-80c1-ff5d8e637717.docx,wrong_document_type,官网页面发布于2026年且附件未标2025级,未形成汽车制造与试验技术专业内容证据,人才培养方案研制与管理平台操作手册,仅为平台使用说明，不是专业人才培养方案,verified
WHCP-460704,500211,https://jwzy.whcp.edu.cn/_upload/article/files/c9/25/ec59706e4ce7ad9bfbc50eb46128/7e3f53bc-4a52-4db4-80c1-ff5d8e637717.docx,wrong_document_type,官网页面发布于2026年且附件未标2025级,未形成汽车检测与维修技术专业内容证据,人才培养方案研制与管理平台操作手册,仅为平台使用说明，不是专业人才培养方案,verified
WHCP-460704,500210,https://jwzy.whcp.edu.cn/_upload/article/files/c9/25/ec59706e4ce7ad9bfbc50eb46128/7e3f53bc-4a52-4db4-80c1-ff5d8e637717.docx,wrong_document_type,官网页面发布于2026年且附件未标2025级,未形成汽车技术服务与营销专业内容证据,人才培养方案研制与管理平台操作手册,仅为平台使用说明，不是专业人才培养方案,verified
WRU-500108,500108,https://jwc.wru.edu.cn/__local/F/B6/8D/4A317067CE9300416D548203E0B_E7953462_CAE56.pdf?e=.pdf,wrong_year,官网页面及方案正文明确为2021级,动车组检修技术；专业代码500108,人才培养方案,官方旧版方案不符合2025级口径,verified
WRU-500108,500105,https://jwc.wru.edu.cn/__local/8/7F/C2/7102B38A7FACBCAC6C7EF7EAF3C_48241242_95450.pdf,wrong_year,官网页面及方案正文明确为2023级,铁道机车运用与维护,人才培养方案,官方公开目录最新仍为2023级，不作为2025级成果,verified
WRU-500108,500106,https://jwc.wru.edu.cn/__local/0/CC/E1/D098EFB086EB0225E4F6FF49E45_46CA43E4_C6EC8.pdf?e=.pdf,wrong_year,官网页面及方案正文明确为2021级,铁道车辆技术,人才培养方案,官方旧版方案不符合2025级口径,verified
WRU-500108,500602,https://jwc.wru.edu.cn/__local/C/35/FD/B0C54BB08DD6442653A659C87F5_C55F0DF0_DB23D.pdf?e=.pdf,wrong_year,官网页面及方案正文明确为2021级,城市轨道车辆应用技术,人才培养方案,官方旧版方案不符合2025级口径,verified
WRU-500111,500110,https://jwc.wru.edu.cn/__local/D/2B/20/55774077EC51F14E927DA6D9542_7B0C1438_104797.pdf?e=.pdf,wrong_year,官网页面及方案正文明确为2021级,铁道信号自动控制,人才培养方案,官方旧版方案不符合2025级口径,verified
WRU-500111,510301,https://jwc.wru.edu.cn/__local/0/BE/27/09F642A06BBCAAA99E31125AC5D_14379BCE_BD20C.pdf,wrong_year,官网页面及方案正文明确为2022级,现代通信技术,人才培养方案,官方旧版方案不符合2025级口径,verified
WRU-500111,460404,https://jwc.wru.edu.cn/__local/0/A9/9E/3821CA38A94C481E7E4895DCA3E_D8605927_BA0D5.pdf,wrong_year,官网页面及方案正文明确为2022级,轨道交通通信信号设备制造与维护,人才培养方案,官方旧版方案不符合2025级口径,verified
HNIVC-460103,460103,https://www.hunangy.com/__local/7/21/D4/B0A724568D88A1A89A7C521EAA1_F114B0DB_4CF705.pdf,eligible_official_2025,官网页面标题及PDF第42页专业方案封面均明确为2025级,数控技术（460103）,学校机械工程学院2025级人才培养方案汇编,手工核验PDF目录及第42页专业名称、代码和适用年级,verified
HNIVC-460103,460104,https://www.hunangy.com/__local/7/21/D4/B0A724568D88A1A89A7C521EAA1_F114B0DB_4CF705.pdf,eligible_official_2025,官网页面标题及PDF第2页专业方案封面均明确为2025级,机械制造及自动化（460104）,学校机械工程学院2025级人才培养方案汇编,手工核验PDF目录及第2页专业名称、代码和适用年级,verified
HNIVC-460103,460201,https://www.hunangy.com/__local/7/21/D4/B0A724568D88A1A89A7C521EAA1_F114B0DB_4CF705.pdf,eligible_official_2025,官网页面标题及PDF第209页专业方案封面均明确为2025级,智能制造装备技术（460201）,学校机械工程学院2025级人才培养方案汇编,手工核验PDF目录及第209页专业名称、代码和适用年级,verified
HNIVC-460103,460119,https://www.hunangy.com/__local/7/21/D4/B0A724568D88A1A89A7C521EAA1_F114B0DB_4CF705.pdf,eligible_official_2025,官网页面标题及PDF第86页专业方案封面均明确为2025级,工业产品质量检测技术（460119）,学校机械工程学院2025级人才培养方案汇编,手工核验PDF目录及第86页专业名称、代码和适用年级,verified
HNIVC-460103,460106,https://www.hunangy.com/__local/7/21/D4/B0A724568D88A1A89A7C521EAA1_F114B0DB_4CF705.pdf,eligible_official_2025,官网页面标题及PDF第128页专业方案封面均明确为2025级,工业工程技术（460106）,学校机械工程学院2025级人才培养方案汇编,手工核验PDF目录及第128页专业名称、代码和适用年级,verified
HNIVC-460103,460118,https://www.hunangy.com/__local/7/21/D4/B0A724568D88A1A89A7C521EAA1_F114B0DB_4CF705.pdf,eligible_official_2025,官网页面标题及PDF第167页专业方案封面均明确为2025级,机械装备制造技术（460118）,学校机械工程学院2025级人才培养方案汇编,手工核验PDF目录及第167页专业名称、代码和适用年级,verified
CAVTC-460601,460601,https://jww.cavtc.cn/__local/F/33/36/8410564026BCC4C0FDC8EEB1D79_76A8F475_1BB53A.pdf,eligible_official_2025,PDF封面明确适用2025级,飞行器数字化制造技术（460601）,专业人才培养方案,55页官方PDF；首页名称、代码、年级和学院核验通过；SHA-256为315ce030295b1c28acf9b0c117973556d478c219239bf8c5f7e2902a19428a04,verified
CAVTC-460601,460603,https://jww.cavtc.cn/__local/8/BA/2A/FA9972C73E3FD27FDF1CCEB9675_5F35D8F4_219B4D.pdf,eligible_official_2025,PDF封面明确适用2025级,航空发动机制造技术（460603）,专业人才培养方案,53页官方PDF；首页名称、代码、年级和学院核验通过；SHA-256为dd9c443f3b3151e7eb8a4ca815bc1e564a73b00a5c87d5ae4049447a17e8fc00,verified
CAVTC-460601,430603,https://jww.cavtc.cn/__local/6/C2/CC/52D02506CD84A6421E8720960E9_DE92BB41_1EC790.pdf,eligible_official_2025,PDF封面明确适用2025级,复合材料智能制造技术（430603）,专业人才培养方案,48页官方PDF；首页名称、代码、年级和学院核验通过；SHA-256为e3a43a5732bd77f3bf78311608d857b4d26ba027c5015e9f0688743ca30d5b34,verified
CAVTC-460601,460110,https://jww.cavtc.cn/__local/3/21/92/DB3EC709C6F41719D0E0F45AEB3_DAAE12BD_1BE28E.pdf,eligible_official_2025,PDF封面明确适用2025级,智能焊接技术（460110）,专业人才培养方案,55页官方PDF；首页名称、代码、年级和学院核验通过；SHA-256为61ec3a13807b741ca78b74f5217a22e6788bc5168f6680e605670a0f84888cc2,verified
CAVTC-460601,460103,https://jww.cavtc.cn/__local/8/C4/2C/C4590139AADF2E9F668EFA042F0_B6816876_1C4EB2.pdf,eligible_official_2025,PDF封面明确适用2025级,数控技术（460103）,专业人才培养方案,54页官方PDF；首页名称、代码、年级和学院核验通过；SHA-256为9112d4cc0b2694c789e35bfab39cc539f8ab7f2b3186d1c60bada0976062731e,verified
HNBEMC-410101,410101,https://dfs.hnbemc.edu.cn//2025/10/16/2025101621295016941nm7c.pdf,eligible_official_2025,PDF首页明确适用2025级,种子生产与经营（410101）且标注种子生产与经营专业群,三年制高职专业人才培养方案,87页官方PDF；SHA-256为a92db1ffe35830a428ad0e6a86a6d1f81db99537501ef4b7c328bc655a13c6ae,verified
HNBEMC-410101,410118,https://dfs.hnbemc.edu.cn//2025/10/16/20251016212950723m4eykl.pdf,eligible_official_2025,PDF首页明确适用2025级,休闲农业经营与管理（410118）且标注种子专业群,三年制高职专业人才培养方案,66页官方PDF；SHA-256为0383d0a6116fee76004aa32c303ce68b26e465dc642bff3a572744aacbe9749b,verified
HNBEMC-410101,410105,https://dfs.hnbemc.edu.cn//2025/10/16/20251016212951040ckm7ab.pdf,eligible_official_2025,PDF首页明确适用2025级,园艺技术（410105）且标注种子生产与经营专业群,三年制高职专业人才培养方案,84页官方PDF；SHA-256为66c7f00d026c5906a8fb4d2f73003a1f6ab9e5c2857d3f91dec11b3c17c09edd,verified
HNBEMC-410101,410115,https://dfs.hnbemc.edu.cn//2025/10/20/2025102021534320576iwf2.pdf,eligible_official_2025,PDF首页明确适用2025级,绿色食品生产技术（410115）且标注种子生产与经营专业群,三年制高职专业人才培养方案,72页官方PDF；SHA-256为bfc68da38d96339ca3410e07d4ce522c2839a398f65c4a8ae359fe4ef7bd4630,verified
HNBEMC-410101,410202,https://dfs.hnbemc.edu.cn//2025/10/16/20251016212951536mph1gk.pdf,eligible_official_2025,PDF首页明确适用2025级,园林技术（410202）且标注种子生产与经营专业群,三年制高职专业人才培养方案,61页官方PDF；SHA-256为7ac47657160abcb3f6c2b8c72dacc57c204f9bae8b88502400554f3763b2ae3f,verified
HNBEMC-410101,410106,https://dfs.hnbemc.edu.cn//2025/10/16/202510162129522833g7tqu.pdf,eligible_official_2025,PDF首页明确适用2025级,植物保护与检疫技术（410106）且标注种子生产与经营专业群,三年制高职专业人才培养方案,85页官方PDF；SHA-256为37f0efbab02a8432c9b32021a695abbabd1f702c524dd7a4043302c519eb5258,verified
HNBEMC-410101,540109,https://dfs.hnbemc.edu.cn//2025/10/16/20251016212952280lwrvda.pdf,eligible_official_2025,PDF首页明确适用2025级,茶艺与茶文化（540109）且标注种子生产与经营专业群,三年制高职专业人才培养方案,88页官方PDF；SHA-256为d3fa9f5dc5838c9f2702974e01572a813196998b68a1a9c3cf346268fab9adc9,verified
HNBEMC-410101,440106,https://dfs.hnbemc.edu.cn//2025/10/16/20251016212951768za5qeg.pdf,eligible_official_2025,PDF首页明确适用2025级,建筑室内设计（440106）且标注种子生产与经营专业群,三年制高职专业人才培养方案,75页官方PDF；SHA-256为3f0250a93be35d8b15dd605dcd8ec2b820bdeb31689bdba4201bd23dc04e54b0,verified
HNACVC-550125,550125,https://www.hnmeida.com.cn/__local/C/7C/3A/54B6471B0B073550F4F08BB4C81_09ED4E4C_141B33.pdf,eligible_official_2025,PDF封面明确适用2025级,刺绣设计与工艺（550125）,普通三年制专业人才培养方案,59页官方PDF；排除同专业中高职衔接方案；SHA-256为88a82a26fd04a6fbb2e421d27590006e8d78cc3801409906e913a3d25d35a393,verified
HNACVC-550125,550112,https://www.hnmeida.com.cn/__local/4/47/83/362416E128317E38CBC34C3833E_9BEB1E8C_DFB98.pdf,eligible_official_2025,PDF封面明确适用2025级,工艺美术品设计（550112）,普通三年制专业人才培养方案,54页官方PDF；SHA-256为03163047cd4771127544c6515453dba57cf48f553d03b7e8d4153bb05f585e65,verified
HNACVC-550125,550119,https://www.hnmeida.com.cn/__local/B/58/FE/18BF2FEDE4B513C3CBC64D5D4DE_EEBF3D3F_10BBC4.pdf,eligible_official_2025,PDF封面明确适用2025级,雕刻艺术设计（550119）,普通三年制专业人才培养方案,65页官方PDF；排除同专业中高职衔接方案；SHA-256为a922af0841217ce6dc5995a1f9e24cb1360c5f12b236683fa65796eb0156f88f,verified
HNACVC-550125,550123,https://www.hnmeida.com.cn/__local/A/DF/AD/412B94D4CDDE282ACB4D8019984_93DEF0D7_FF14E.pdf,eligible_official_2025,PDF封面明确适用2025级,首饰设计与工艺（550123）,普通三年制专业人才培养方案,64页官方PDF；SHA-256为168856cf2e80b0137799d96f894c3930528ce511dc83a8458d51d3e2efb0ccfe,verified
HNACVC-550125,550122,https://www.hnmeida.com.cn/__local/1/42/82/593F3D20364191ADDB2DCD0A15A_896DDB85_1133B4.pdf,eligible_official_2025,PDF封面明确适用2025级,陶瓷设计与工艺（550122）,普通三年制专业人才培养方案,65页官方PDF；SHA-256为0ff2eabbaeeba664a161935915b85dab83809affaa81bc6d0725498eeba43c01,verified
CSCTC-540202,540202,https://jwc.hncpu.com/fj/2025/xc/xc002.pdf,access_blocked,教务处2025级方案总页列明2025级,烹饪工艺与营养（540202）,普通三年制专业人才培养方案,HTTPS入口返回学校WAF黑名单页；未绕过WAF且未使用HTTP入口替代,verified
CSCTC-540202,540204,https://jwc.hncpu.com/fj/2025/xc/xc003.pdf,access_blocked,教务处2025级方案总页列明2025级,西式烹饪工艺（540204）,普通三年制专业人才培养方案,HTTPS入口返回学校WAF黑名单页；未绕过WAF且未使用HTTP入口替代,verified
CSCTC-540202,540205,https://jwc.hncpu.com/fj/2025/xc/xc004.pdf,access_blocked,教务处2025级方案总页列明2025级,营养配餐（540205）,普通三年制专业人才培养方案,HTTPS入口返回学校WAF黑名单页；未绕过WAF且未使用HTTP入口替代,verified
CSCTC-540202,540201,https://jwc.hncpu.com/fj/2025/xc/xc001.pdf,access_blocked,教务处2025级方案总页列明2025级,餐饮智能管理（540201）,普通三年制专业人才培养方案,HTTPS入口返回学校WAF黑名单页；未绕过WAF且未使用HTTP入口替代,verified
CSCTC-540202,530701,https://jwc.hncpu.com/fj/2025/xc/xc007.pdf,access_blocked,教务处2025级方案总页列明2025级,电子商务（530701）,普通三年制专业人才培养方案,HTTPS入口返回学校WAF黑名单页；未绕过WAF且未使用HTTP入口替代,verified
HNMMC-550103,550103,https://jwc.hnmmc.cn/_upload/article/files/ce/1e/1906ae624fedb99f9e60aa81dd01/1e668326-679f-4696-9c5f-a30b681d62f0.pdf,eligible_official_2025,PDF封面明确适用2025级,数字媒体艺术设计（550103）,普通三年制专业人才培养方案,58页官方PDF；SHA-256为1ac50650dc7c00423228a61075fedc412ca17939744ae134a82b290aba1084e2,verified
HNMMC-550103,550101,https://jwc.hnmmc.cn/_upload/article/files/f3/87/8982b9f34f5bac53b45dd8699f1c/1041a0d0-0f4c-4401-9c03-073c81cd0303.pdf,eligible_official_2025,PDF封面明确适用2025级,艺术设计（550101）,普通三年制专业人才培养方案,64页官方PDF；官方文章标题注明品牌形象设计方向；SHA-256为b692372d39ffbbf1df7c408ec448b3af462ee519484f7baaefb60d3d41e7cfe5,verified
HNMMC-550103,550113,https://jwc.hnmmc.cn/_upload/article/files/98/72/4dd5ceca45618b99f3a04bfb94b4/85611557-7cc9-4ddf-b575-4eecf3f2faa4.pdf,eligible_official_2025,PDF封面明确适用2025级,广告艺术设计（550113）,普通三年制专业人才培养方案,62页官方PDF；官方文章标题注明影视广告方向；SHA-256为4824a2d9803c49a1e1329934d086aa8f522b02886d28d9224dc9235617c447fc,verified
HNMMC-550103,550114,https://jwc.hnmmc.cn/_upload/article/files/22/86/44b351e142d6b0d334ecaf41aaa9/3fd04763-1338-494d-bd80-93344fb87d38.pdf,eligible_official_2025,PDF封面明确适用2025级,室内艺术设计（550114）,普通三年制专业人才培养方案,62页官方PDF；SHA-256为63dbeb9287ea91e441f4b398b41616dc527cd34d32626eb0ded33c4187e50b5f,verified
HNMMC-550103,550117,https://jwc.hnmmc.cn/_upload/article/files/b5/03/0d49e55d4a9cbf318b2c6d09a20e/4fa26f05-124a-4aa8-9f54-d68ff22dd55d.pdf,eligible_official_2025,PDF封面明确适用2025级,人物形象设计（550117）,普通三年制专业人才培养方案,60页官方PDF；SHA-256为fa35f6a7e1d5fd0dbeeb97389011d7961ea77beee84a4dc0d0357ab5769f9441,verified
HNJTVC-500201,500201,https://lq.hnjtzy.com.cn/info/1077/1489.htm,eligible_official_image_sequence_2025,封面明确为2025级且落款2025年7月,道路与桥梁工程技术（500201）,普通三年制专业人才培养方案,官网以61张逐页PNG完整发布；合成PDF必须标注非官网原始PDF,verified
HNJTVC-500201,500206,https://lq.hnjtzy.com.cn/info/1077/1488.htm,eligible_official_image_sequence_2025,封面明确为2025级且落款2025年7月,道路养护与管理（500206）,普通三年制专业人才培养方案,官网以60张逐页PNG完整发布；合成PDF必须标注非官网原始PDF,verified
HNJTVC-500201,500601,https://lq.hnjtzy.com.cn/info/1077/1486.htm,eligible_official_image_sequence_2025,封面明确为2025级且落款2025年8月,城市轨道交通工程技术（500601）,普通三年制专业人才培养方案,官网以72张逐页PNG完整发布；合成PDF必须标注非官网原始PDF,verified
HNJTVC-500201,500102,https://lq.hnjtzy.com.cn/info/1077/1491.htm,eligible_official_image_sequence_2025,封面明确为2025级且落款2025年7月,高速铁路施工与维护（500102）,普通三年制专业人才培养方案,官网以48张逐页PNG完整发布；合成PDF必须标注非官网原始PDF,verified
HNJTVC-500201,500302,https://lq.hnjtzy.com.cn/info/1077/1490.htm,eligible_official_image_sequence_2025,封面明确为2025级且落款2025年7月,港口与航道工程技术（500302）,普通三年制专业人才培养方案,官网以49张逐页PNG完整发布；合成PDF必须标注非官网原始PDF,verified
HNJTVC-500201,500205,https://lq.hnjtzy.com.cn/info/1077/1487.htm,eligible_official_image_sequence_2025,封面明确为2025级且落款2025年7月,道路工程造价（500205）,普通三年制专业人才培养方案,官网以52张逐页PNG完整发布；合成PDF必须标注非官网原始PDF,verified
HNCVTC-490201,480101,https://www.hnhgzy.com/jwc/docs/2025-08/5b5b96ad386b4aada6dc58b95346bd5e.pdf,eligible_official_2025,PDF封面明确适用2025级,化妆品技术（480101）,普通三年制专业人才培养方案,75页官方PDF；SHA-256为b6c249ef2ea322c4d88dfdf7fc8383245b0cd3feab3f8d2a0590369eee7e6cc5,verified
HNCVTC-490201,470208,https://www.hnhgzy.com/jwc/docs/2025-08/e0e5c90f447c4b30a371081a0aca3625.pdf,eligible_official_2025,PDF封面明确适用2025级,分析检验技术（470208）,普通三年制专业人才培养方案,60页官方PDF；SHA-256为6d22ff62bdbfa61724d7ffd1b55576a4065468db62918294b1a1b38a774f2392,verified
HNCVTC-490201,490202,https://www.hnhgzy.com/jwc/docs/2025-08/e2b6d186811d4080b63feb114f03b8ad.pdf,eligible_official_2025,PDF封面明确适用2025级,生物制药技术（490202）,普通三年制专业人才培养方案,79页官方PDF；SHA-256为cdee18c923e9a1a75820619c4da149690bf4fa0a07d227ae1276028bf8635117,verified
HNCVTC-490201,490201,https://www.hnhgzy.com/jwc/docs/2025-08/fcd65772f8b94f108aaf724df2518973.pdf,eligible_official_2025,PDF封面明确适用2025级,药品生产技术（490201）,普通三年制专业人才培养方案,74页官方PDF；SHA-256为6d2b1426ef954a60a297398d670f1acb0014728291a5de6c4217e128b604511d,verified
HNCVTC-490201,520301,https://www.hnhgzy.com/jwc/docs/2025-08/89da5e03b1eb4794955871ebef5ad2bd.pdf,eligible_official_2025,PDF封面明确适用2025级,药学（520301）,普通三年制专业人才培养方案,86页官方PDF；SHA-256为844ba609c04f05ae6e7ad79df6e51f449733820b16ade2a65833295b7adf3356,verified
HCEB-540101,540101,https://jwc.hceb.edu.cn/system/_content/download.jsp?urltype=news.DownloadAttachUrl&owner=1975939548&wbfileid=F75EC7B033C8A71B18495B9398F045F4,eligible_official_2025,PDF首页明确为2025级,旅游管理（540101）,旅游管理专业群人才培养方案,118页盖章合订本；SHA-256为1cd2d8e460c5e206c00d0feb6015bbd86a2b979293596d49895f301985f8a196,verified
HCEB-540101,540106,https://jwc.hceb.edu.cn/system/_content/download.jsp?urltype=news.DownloadAttachUrl&owner=1975939548&wbfileid=F75EC7B033C8A71B18495B9398F045F4,eligible_official_2025,PDF首页明确为2025级,酒店管理与数字化运营（540106）,旅游管理专业群人才培养方案,118页盖章合订本；SHA-256为1cd2d8e460c5e206c00d0feb6015bbd86a2b979293596d49895f301985f8a196,verified
HCEB-540101,540202,https://jwc.hceb.edu.cn/system/_content/download.jsp?urltype=news.DownloadAttachUrl&owner=1975939548&wbfileid=F75EC7B033C8A71B18495B9398F045F4,eligible_official_2025,PDF首页明确为2025级,烹饪工艺与营养（540202）,旅游管理专业群人才培养方案,118页盖章合订本；SHA-256为1cd2d8e460c5e206c00d0feb6015bbd86a2b979293596d49895f301985f8a196,verified
HCEB-540101,530605,https://jwc.hceb.edu.cn/system/_content/download.jsp?urltype=news.DownloadAttachUrl&owner=1975939548&wbfileid=F75EC7B033C8A71B18495B9398F045F4,eligible_official_2025,PDF首页明确为2025级,市场营销（530605）,旅游管理专业群人才培养方案,118页盖章合订本；SHA-256为1cd2d8e460c5e206c00d0feb6015bbd86a2b979293596d49895f301985f8a196,verified
HCEB-530503,530503,https://jwc.hceb.edu.cn/system/_content/download.jsp?urltype=news.DownloadAttachUrl&owner=1975939548&wbfileid=D252DE4B4130321824DFD8DB5D93C398,eligible_official_2025,PDF首页明确为2025级,关务与外贸服务（530503）,关务与外贸服务专业群人才培养方案,152页盖章合订本；SHA-256为e135a2ba9e484ffebfaa641b2d0528e320000b54b4cc446f6883fdeae763bf8e,verified
HCEB-530503,530501,https://jwc.hceb.edu.cn/system/_content/download.jsp?urltype=news.DownloadAttachUrl&owner=1975939548&wbfileid=D252DE4B4130321824DFD8DB5D93C398,eligible_official_2025,PDF首页明确为2025级,国际经济与贸易（530501）,关务与外贸服务专业群人才培养方案,152页盖章合订本；SHA-256为e135a2ba9e484ffebfaa641b2d0528e320000b54b4cc446f6883fdeae763bf8e,verified
HCEB-530503,530802,https://jwc.hceb.edu.cn/system/_content/download.jsp?urltype=news.DownloadAttachUrl&owner=1975939548&wbfileid=D252DE4B4130321824DFD8DB5D93C398,eligible_official_2025,PDF首页明确为2025级,现代物流管理（530802）,关务与外贸服务专业群人才培养方案,152页盖章合订本；SHA-256为e135a2ba9e484ffebfaa641b2d0528e320000b54b4cc446f6883fdeae763bf8e,verified
HCEB-530503,530702,https://jwc.hceb.edu.cn/system/_content/download.jsp?urltype=news.DownloadAttachUrl&owner=1975939548&wbfileid=D252DE4B4130321824DFD8DB5D93C398,eligible_official_2025,PDF首页明确为2025级,跨境电子商务（530702）,关务与外贸服务专业群人才培养方案,152页盖章合订本；SHA-256为e135a2ba9e484ffebfaa641b2d0528e320000b54b4cc446f6883fdeae763bf8e,verified
HCEB-530503,530701,https://jwc.hceb.edu.cn/system/_content/download.jsp?urltype=news.DownloadAttachUrl&owner=1975939548&wbfileid=D252DE4B4130321824DFD8DB5D93C398,eligible_official_2025,PDF首页明确为2025级,电子商务（530701）,关务与外贸服务专业群人才培养方案,152页盖章合订本；SHA-256为e135a2ba9e484ffebfaa641b2d0528e320000b54b4cc446f6883fdeae763bf8e,verified
HCEB-530503,530603,https://jwc.hceb.edu.cn/system/_content/download.jsp?urltype=news.DownloadAttachUrl&owner=1975939548&wbfileid=D252DE4B4130321824DFD8DB5D93C398,eligible_official_2025,PDF首页明确为2025级,商务管理（530603）,关务与外贸服务专业群人才培养方案,152页盖章合订本；SHA-256为e135a2ba9e484ffebfaa641b2d0528e320000b54b4cc446f6883fdeae763bf8e,verified
HCEB-530503,530602,https://jwc.hceb.edu.cn/system/_content/download.jsp?urltype=news.DownloadAttachUrl&owner=1975939548&wbfileid=D252DE4B4130321824DFD8DB5D93C398,eligible_official_2025,PDF首页明确为2025级,连锁经营与管理（530602）,关务与外贸服务专业群人才培养方案,152页盖章合订本；SHA-256为e135a2ba9e484ffebfaa641b2d0528e320000b54b4cc446f6883fdeae763bf8e,verified
SVTCC-500602,500602,https://jwc.svtcc.edu.cn/2025banchengshiguidaocheliangyingyongjishuzhuanyerencaipeiyangfangan.pdf,eligible_official_2025,PDF首页明确为2025版且创建时间为2025-08-11,城市轨道车辆应用技术（500602）,人才培养方案,15页官方PDF；SHA-256为bd5fc08fff51f302219f3b71a86d3fc46fe44cee1a7b7a19afdc5f3a45973a2f,verified
SVTCC-500602,500603,https://jwc.svtcc.edu.cn/2025banchengshiguidaojiaotongjidianjishuzhuanyerencaipeiyangfangan.pdf,eligible_official_2025,PDF首页明确为2025版且创建时间为2025-08-11,城市轨道交通机电技术（500603）,人才培养方案,11页官方PDF；SHA-256为adf4666b7cb93a0707b4d75d0dcb275a83c61f3d592aa7fcaa1d81db2d7ece86,verified
SVTCC-500602,500606,https://jwc.svtcc.edu.cn/2025banchengshiguidaojiaotongyunyingguanlizhuanyerencaipeiyangfangan.pdf,eligible_official_2025,PDF首页明确为2025版且创建时间为2025-08-11,城市轨道交通运营管理（500606）,人才培养方案,11页官方PDF；SHA-256为d528376575dcb842144871ed64c61c1cd413c94db2452b71ffe7d92f46336fa1,verified
CQEPC-430101,430101,https://www.cqepc.com.cn/system/_content/download.jsp?urltype=news.DownloadAttachUrl&owner=2053760319&wbfileid=12109234,access_blocked,官网2025版人才培养方案页发布于2025-11-05,发电厂及电力系统（430101）,学校2025版人才培养方案ZIP合集,附件入口要求图形验证码；未绕过验证码且未将HTML验证页冒充压缩包或PDF,verified
CQEPC-430101,430106,https://www.cqepc.com.cn/system/_content/download.jsp?urltype=news.DownloadAttachUrl&owner=2053760319&wbfileid=12109234,access_blocked,官网2025版人才培养方案页发布于2025-11-05,电力系统继电保护技术（430106）,学校2025版人才培养方案ZIP合集,附件入口要求图形验证码；未绕过验证码且未将HTML验证页冒充压缩包或PDF,verified
CQEPC-430101,430107,https://www.cqepc.com.cn/system/_content/download.jsp?urltype=news.DownloadAttachUrl&owner=2053760319&wbfileid=12109234,access_blocked,官网2025版人才培养方案页发布于2025-11-05,输配电工程技术（430107）,学校2025版人才培养方案ZIP合集,附件入口要求图形验证码；未绕过验证码且未将HTML验证页冒充压缩包或PDF,verified
CQEPC-430101,430108,https://www.cqepc.com.cn/system/_content/download.jsp?urltype=news.DownloadAttachUrl&owner=2053760319&wbfileid=12109234,access_blocked,官网2025版人才培养方案页发布于2025-11-05,供用电技术（430108）,学校2025版人才培养方案ZIP合集,附件入口要求图形验证码；未绕过验证码且未将HTML验证页冒充压缩包或PDF,verified
CQEPC-430101,430201,https://www.cqepc.com.cn/system/_content/download.jsp?urltype=news.DownloadAttachUrl&owner=2053760319&wbfileid=12109234,access_blocked,官网2025版人才培养方案页发布于2025-11-05,热能动力工程技术（430201）,学校2025版人才培养方案ZIP合集,附件入口要求图形验证码；未绕过验证码且未将HTML验证页冒充压缩包或PDF,verified
CQHT-510304,510304,https://jiaowu.cqepc.cn/SITE_ATTACHE/jiaowu_cqepc_cn/2025-02-07/upload/file/20250207/FbiH_1738931365933045802.pdf,wrong_year,教务处链接标题和文件名均明确为2024级,卫星通信与导航技术（510304）,人才培养方案,教务处最新公开栏目只到2024级；该文件不能替代2025级方案,verified
CQHT-510304,510202,https://jiaowu.cqepc.cn/SITE_ATTACHE/jiaowu_cqepc_cn/2025-02-07/upload/file/20250207/uzfU_1738931329533023542.pdf,wrong_year,教务处链接标题和文件名均明确为2024级,计算机网络技术（510202）,人才培养方案,教务处最新公开栏目只到2024级；该文件不能替代2025级方案,verified
CQHT-510304,510301,https://jiaowu.cqepc.cn/SITE_ATTACHE/jiaowu_cqepc_cn/2025-02-07/upload/file/20250207/pAVQ_1738931373154085544.pdf,wrong_year,教务处链接标题和文件名均明确为2024级,现代通信技术（510301）,人才培养方案,教务处最新公开栏目只到2024级；该文件不能替代2025级方案,verified
CQHT-510304,510101,https://jiaowu.cqepc.cn/SITE_ATTACHE/jiaowu_cqepc_cn/2025-02-07/upload/file/20250207/nzZQ_1738931308847085823.pdf,wrong_year,教务处链接标题和文件名均明确为2024级,电子信息工程技术（510101）,人才培养方案,教务处最新公开栏目只到2024级；该文件不能替代2025级方案,verified
CQHT-510304,510102,https://jiaowu.cqepc.cn/SITE_ATTACHE/jiaowu_cqepc_cn/2025-02-07/upload/file/20250207/OhuF_1738931371376055807.pdf,wrong_year,教务处链接标题和文件名均明确为2024级,物联网应用技术（510102）,人才培养方案,教务处最新公开栏目只到2024级；该文件不能替代2025级方案,verified
CQHT-510304,510103,https://jiaowu.cqepc.cn/SITE_ATTACHE/jiaowu_cqepc_cn/2025-02-07/upload/file/20250207/dcnN_1738931379427005892.pdf,wrong_year,教务处链接标题和文件名均明确为2024级,应用电子技术（510103）,人才培养方案,教务处最新公开栏目只到2024级；该文件不能替代2025级方案,verified
CQJZC-500601,500601,https://www.cqjzc.edu.cn/system/_content/download.jsp?urltype=news.DownloadAttachUrl&owner=1794797898&wbfileid=2200568,access_blocked,教务处页面位于2025版人才培养方案专题且发布于2026-01-20,城市轨道交通工程技术（500601）,官方PDF人才培养方案附件,附件端点要求图形验证码；未绕过验证码且未将HTML验证页冒充PDF,verified
CQJZC-500601,500603,https://www.cqjzc.edu.cn/system/_content/download.jsp?urltype=news.DownloadAttachUrl&owner=1794797898&wbfileid=2200564,access_blocked,教务处页面位于2025版人才培养方案专题且发布于2026-01-20,城市轨道交通机电技术（500603）,官方PDF人才培养方案附件,附件端点要求图形验证码；未绕过验证码且未将HTML验证页冒充PDF,verified
CQJZC-500601,500606,https://www.cqjzc.edu.cn/system/_content/download.jsp?urltype=news.DownloadAttachUrl&owner=1794797898&wbfileid=2200565,access_blocked,教务处页面位于2025版人才培养方案专题且发布于2026-01-20,城市轨道交通运营管理（500606）,官方PDF人才培养方案附件,附件端点要求图形验证码；未绕过验证码且未将HTML验证页冒充PDF,verified
CQJZC-500601,500602,https://www.cqjzc.edu.cn/system/_content/download.jsp?urltype=news.DownloadAttachUrl&owner=1794797898&wbfileid=2200563,access_blocked,教务处页面位于2025版人才培养方案专题且发布于2026-01-20,城市轨道车辆应用技术（500602）,官方PDF人才培养方案附件,附件端点要求图形验证码；未绕过验证码且未将HTML验证页冒充PDF,verified
GZCPU-500201,500201,https://jwc.gzcpu.edu.cn/rcpyfa/lq25ql.swf,wrong_document_type,教务处页面标题明确为2025级,道路与桥梁工程技术（500201）,官方人才培养方案原件为Print2Flash SWF,官网仅嵌入SWF且未提供PDF或办公文档原件；保留官方页面与原件地址但不将SWF伪装成PDF,verified
GZCPU-500201,440305,https://jwc.gzcpu.edu.cn/rcpyfa/lq25ds.swf,wrong_document_type,教务处页面标题明确为2025级,地下与隧道工程技术（440305）,官方人才培养方案原件为Print2Flash SWF,官网页面标题误写“地下于隧道”；原件为SWF且未提供PDF或办公文档；不伪装成PDF,verified
GZCPU-500201,440306,https://jwc.gzcpu.edu.cn/rcpyfa/jg25tm.swf,wrong_document_type,教务处页面标题明确为2025级,土木工程检测技术（440306）,官方人才培养方案原件为Print2Flash SWF,官网仅嵌入SWF且未提供PDF或办公文档原件；保留官方页面与原件地址但不将SWF伪装成PDF,verified
GZCPU-500201,500206,https://jwc.gzcpu.edu.cn/rcpyfa/lq25yh.swf,wrong_document_type,教务处页面标题明确为2025级,道路养护与管理（500206）,官方人才培养方案原件为Print2Flash SWF,官网仅嵌入SWF且未提供PDF或办公文档原件；保留官方页面与原件地址但不将SWF伪装成PDF,verified
GZCPU-500201,510202,https://jwc.gzcpu.edu.cn/rcpyfa/zh25wl.swf,wrong_document_type,教务处页面标题明确为2025级,计算机网络技术（510202）,官方人才培养方案原件为Print2Flash SWF,官网仅嵌入SWF且未提供PDF或办公文档原件；保留官方页面与原件地址但不将SWF伪装成PDF,verified
GZCPU-500211,500211,https://jwc.gzcpu.edu.cn/rcpyfa/qc25jx.swf,wrong_document_type,教务处页面标题明确为2025级,汽车检测与维修技术（500211）,官方人才培养方案原件为Print2Flash SWF,官网仅嵌入SWF且未提供PDF或办公文档原件；保留官方页面与原件地址但不将SWF伪装成PDF,verified
GZCPU-500211,460702,https://jwc.gzcpu.edu.cn/rcpyfa/qc25xny.swf,wrong_document_type,教务处页面标题明确为2025级,新能源汽车技术（460702）,官方人才培养方案原件为Print2Flash SWF,官网仅嵌入SWF且未提供PDF或办公文档原件；保留官方页面与原件地址但不将SWF伪装成PDF,verified
GZCPU-500211,460301,https://jwc.gzcpu.edu.cn/rcpyfa/zz25jd.swf,wrong_document_type,教务处页面标题明确为2025级,机电一体化技术（460301）,官方人才培养方案原件为Print2Flash SWF,官网仅嵌入SWF且未提供PDF或办公文档原件；保留官方页面与原件地址但不将SWF伪装成PDF,verified
GZCPU-500211,510102,https://jwc.gzcpu.edu.cn/rcpyfa/zh25wlw.swf,wrong_document_type,教务处页面标题明确为2025级,物联网应用技术（510102）,官方人才培养方案原件为Print2Flash SWF,官网仅嵌入SWF且未提供PDF或办公文档原件；保留官方页面与原件地址但不将SWF伪装成PDF,verified
GZCPU-500211,530802,https://jwc.gzcpu.edu.cn/rcpyfa/wl5wl.swf,wrong_document_type,教务处页面标题明确为2025级专科,现代物流管理（530802）,官方人才培养方案原件为Print2Flash SWF,官网另有同名职业本科方案；本批使用专科页面但原件仍为SWF且未提供PDF或办公文档；不伪装成PDF,verified
GZQY-510205,510205,https://www.gzqy.cn/system/_content/download.jsp?urltype=news.DownloadAttachUrl&owner=2081296743&wbfileid=15502723,access_blocked,教务处页面标题及专业群表明确为2025级,大数据技术（510205）,官方2025级专业人才培养方案ZIP合集,附件端点要求图形验证码；直接请求返回3805字节HTML而非ZIP；未绕过验证码且未将验证页冒充附件,verified
GZQY-510205,510206,https://www.gzqy.cn/system/_content/download.jsp?urltype=news.DownloadAttachUrl&owner=2081296743&wbfileid=15502723,access_blocked,教务处页面标题及专业群表明确为2025级,云计算技术应用（510206）,官方2025级专业人才培养方案ZIP合集,附件端点要求图形验证码；直接请求返回3805字节HTML而非ZIP；未绕过验证码且未将验证页冒充附件,verified
GZQY-510205,510102,https://www.gzqy.cn/system/_content/download.jsp?urltype=news.DownloadAttachUrl&owner=2081296743&wbfileid=15502723,access_blocked,教务处页面标题及专业群表明确为2025级,物联网应用技术（510102）,官方2025级专业人才培养方案ZIP合集,附件端点要求图形验证码；直接请求返回3805字节HTML而非ZIP；未绕过验证码且未将验证页冒充附件,verified
GZQY-510205,510207,https://www.gzqy.cn/system/_content/download.jsp?urltype=news.DownloadAttachUrl&owner=2081296743&wbfileid=15502723,access_blocked,教务处页面标题及专业群表明确为2025级,信息安全技术应用（510207）,官方2025级专业人才培养方案ZIP合集,附件端点要求图形验证码；直接请求返回3805字节HTML而非ZIP；未绕过验证码且未将验证页冒充附件,verified
GZKY-460301,460301,https://www.gzky.edu.cn/jwc/info/1022/2897.htm,wrong_document_type,教务处页面标题明确为2025级,机电一体化技术（460301）,官方人才培养方案以两张超长JPEG图片嵌入,官网未提供PDF或办公文档原件；保留页面和原始JPEG地址证据，不将图片改后缀冒充PDF,verified
GZKY-460301,460306,https://www.gzky.edu.cn/jwc/info/1022/2899.htm,wrong_document_type,教务处页面标题明确为2025级,电气自动化技术（460306）,官方人才培养方案以两张超长JPEG图片嵌入,官网未提供PDF或办公文档原件；保留页面和原始JPEG地址证据，不将图片改后缀冒充PDF,verified
GZKY-460301,460104,https://www.gzky.edu.cn/jwc/info/1022/2898.htm,wrong_document_type,教务处页面标题明确为2025级,机械制造及自动化（460104）,官方人才培养方案以两张超长JPEG图片嵌入,官网页面标题简写为“机械制造与自动化”；未提供PDF或办公文档原件，不将图片改后缀冒充PDF,verified
GZKY-460301,460103,https://www.gzky.edu.cn/jwc/info/1022/2900.htm,wrong_document_type,教务处页面标题明确为2025级,数控技术（460103）,官方人才培养方案以两张超长JPEG图片嵌入,官网未提供PDF或办公文档原件；保留页面和原始JPEG地址证据，不将图片改后缀冒充PDF,verified
GZKY-460301,460201,https://www.gzky.edu.cn/jwc/info/1022/2901.htm,wrong_document_type,教务处页面标题明确为2025级,智能制造装备技术（460201）,官方人才培养方案以两张超长JPEG图片嵌入,官网未提供PDF或办公文档原件；保留页面和原始JPEG地址证据，不将图片改后缀冒充PDF,verified
YNJTC-500201,500201,https://jwc.ynjtc.com/system/_content/download.jsp?urltype=news.DownloadAttachUrl&owner=1341909560&wbfileid=B377F9D8C97D78C2453DFC5F71CADA5F,eligible_official_2025,官网页面标题及PDF封面均明确为2025级,道路与桥梁工程技术；正文专业代码500201,人才培养方案,37页三年制正式PDF；正文核验通过；SHA-256为ab1dc01256044402d148c16b866219e57abd7a76585f238760e871e9a509ad9a,verified
YNJTC-500201,500206,https://jwc.ynjtc.com/system/_content/download.jsp?urltype=news.DownloadAttachUrl&owner=1341909560&wbfileid=FA10CFD342E3765927740C4EFEAD8EA5,eligible_official_2025,官网页面标题及PDF封面均明确为2025级,道路养护与管理；正文专业代码500206,人才培养方案,44页三年制正式PDF；正文核验通过；SHA-256为f9eb64905a13068eacaeeb1509260545f54da1e0dd88e63eba268bff6ad930c2,verified
YNJTC-500201,500207,https://jwc.ynjtc.com/system/_content/download.jsp?urltype=news.DownloadAttachUrl&owner=1341909560&wbfileid=15558874E48AF7BECCF9B7E88AF64C64,eligible_official_2025,官网页面标题及PDF封面均明确为2025级,智能交通技术；正文专业代码500207,人才培养方案,44页三年制正式PDF；同页另有中俄方向，本批采用普通三年制方案；正文核验通过；SHA-256为4e7873d1d112788e863c84e989a7ec3614e4536cfb16088342147dcb0dc1768b,verified
YNJTC-500201,440305,https://jwc.ynjtc.com/system/_content/download.jsp?urltype=news.DownloadAttachUrl&owner=1341909560&wbfileid=421A9834C606C1EF2CA0F3938A526046,wrong_year,官网页面发布于2023-06-19且附件未标2025级,地下与隧道工程技术；正文专业代码440305,人才培养方案,官网公开目录未发现该专业2025级页面；旧方案仅作存在证据，不写入2025级成果目录,verified
YNJTC-500201,440601,https://jwc.ynjtc.com/system/_content/download.jsp?urltype=news.DownloadAttachUrl&owner=1341909560&wbfileid=9710B1453E4829335FB86DB89D461E2F,wrong_year,官网页面发布于2023-11-07且附件未标2025级,市政工程技术；正文仍使用旧专业代码540601,人才培养方案,官网公开目录未发现该专业2025级页面；旧方案仅作存在证据，不写入2025级成果目录,verified
YNMEC-460306,460306,https://www.ynmec.edu.cn/Upload/main/ContentManage/Article/File/2026/05/28/202605281619445104.pdf,eligible_official_2025,官网页面标题及PDF专业封面均明确为2025版,电气自动化技术；正文专业代码460306,电气工程学院人才培养方案汇编中的正式专业人才培养方案,329页学院合订PDF；第35页专业封面标注2025版和2025年6月；第36页核验专业名称及代码；SHA-256为43540530511590dec2ffa4982aeb81ea6b296189d9d7e52956d7cd1432079aa5,verified
NNVTU-510203,510102,https://jwc.nnvtu.edu.cn/info/1215/5178.htm,eligible_official_image_sequence_2025,官网页面标题与方案封面均明确为2025级,物联网应用技术（510102）,专科专业人才培养方案,官网以逐页JPEG完整发布；合成PDF必须标注为由官网原始图片生成的派生文件,verified
NNVTU-510203,510207,https://jwc.nnvtu.edu.cn/info/1215/4860.htm,wrong_year,官网页面标题与方案封面均明确为2024版,信息安全技术应用（510207）,专科专业人才培养方案,官网以31张逐页JPEG发布；仅作旧年度证据，不写入2025级成果目录,verified
GXJZY-460702,460701,https://www.gxjzy.com/system/_content/download.jsp?urltype=news.DownloadAttachUrl&owner=1865687789&wbfileid=15666871,eligible_official_2025,PDF封面明确为2025级且落款2025年8月,汽车制造与试验技术（460701）,汽车制造与试验技术专业群人才培养方案合订PDF,439页正式PDF；专业群组成及分专业方案正文均已核验,verified
GXJZY-460702,460702,https://www.gxjzy.com/system/_content/download.jsp?urltype=news.DownloadAttachUrl&owner=1865687789&wbfileid=15666871,eligible_official_2025,PDF封面明确为2025级且落款2025年8月,新能源汽车技术（460702）,汽车制造与试验技术专业群人才培养方案合订PDF,439页正式PDF；专业群组成及分专业方案正文均已核验,verified
GXJZY-460702,460704,https://www.gxjzy.com/system/_content/download.jsp?urltype=news.DownloadAttachUrl&owner=1865687789&wbfileid=15666871,eligible_official_2025,PDF封面明确为2025级且落款2025年8月,智能网联汽车技术（460704）,汽车制造与试验技术专业群人才培养方案合订PDF,439页正式PDF；专业群组成及分专业方案正文均已核验,verified
GXJZY-460702,500211,https://www.gxjzy.com/system/_content/download.jsp?urltype=news.DownloadAttachUrl&owner=1865687789&wbfileid=15666871,eligible_official_2025,PDF封面明确为2025级且落款2025年8月,汽车检测与维修技术（500211）,汽车制造与试验技术专业群人才培养方案合订PDF,439页正式PDF；专业群组成及分专业方案正文均已核验,verified
GXJZY-460702,460301,https://www.gxjzy.com/system/_content/download.jsp?urltype=news.DownloadAttachUrl&owner=1865687789&wbfileid=15666871,eligible_official_2025,PDF封面明确为2025级且落款2025年8月,机电一体化技术（460301）,汽车制造与试验技术专业群人才培养方案合订PDF,439页正式PDF；专业群组成及分专业方案正文均已核验,verified
LZPU-260201,260301,https://www.lzpu.edu.cn/upload/jwysxglc/contentmanage/article/file/2025/09/11/%E9%99%84%E4%BB%B61%EF%BC%9A2025%E7%BA%A7%E8%81%8C%E4%B8%9A%E6%9C%AC%E7%A7%91%E4%B8%93%E4%B8%9A%E4%BA%BA%E6%89%8D%E5%9F%B9%E5%85%BB%E6%96%B9%E6%A1%88.rar,eligible_official_2025,官网页面及DOCX封面明确为2025级,机械电子工程技术（260301）,官方RAR附件内的本科层次职业教育专业人才培养方案DOCX,归档成员1号DOCX；解包后保持官方原件字节与文件名；SHA-256为d219e9885530ebce43efcc5700846f4549fe3c30d78fb995bbe07a16b913fa11,verified
LZPU-260201,260201,https://www.lzpu.edu.cn/upload/jwysxglc/contentmanage/article/file/2025/09/11/%E9%99%84%E4%BB%B61%EF%BC%9A2025%E7%BA%A7%E8%81%8C%E4%B8%9A%E6%9C%AC%E7%A7%91%E4%B8%93%E4%B8%9A%E4%BA%BA%E6%89%8D%E5%9F%B9%E5%85%BB%E6%96%B9%E6%A1%88.rar,eligible_official_2025,官网页面及DOCX封面明确为2025级,装备智能化技术（260201）,官方RAR附件内的本科层次职业教育专业人才培养方案DOCX,归档成员2号DOCX；解包后保持官方原件字节与文件名；SHA-256为72ea5eda7c1b19a062d8a382f0fb244fe9a2069b170fc08c234125c421cdc3f4,verified
LZPU-260201,260305,https://www.lzpu.edu.cn/upload/jwysxglc/contentmanage/article/file/2025/09/11/%E9%99%84%E4%BB%B61%EF%BC%9A2025%E7%BA%A7%E8%81%8C%E4%B8%9A%E6%9C%AC%E7%A7%91%E4%B8%93%E4%B8%9A%E4%BA%BA%E6%89%8D%E5%9F%B9%E5%85%BB%E6%96%B9%E6%A1%88.rar,eligible_official_2025,官网页面及DOCX封面明确为2025级,自动化技术与应用（260305）,官方RAR附件内的本科层次职业教育专业人才培养方案DOCX,归档成员3号DOCX；解包后保持官方原件字节与文件名；SHA-256为28965f4fd2d312573b719dbab4322449f43313babb2d6b809c4681fffd48c411,verified
LZPU-260201,310209,https://www.lzpu.edu.cn/upload/jwysxglc/contentmanage/article/file/2025/09/11/%E9%99%84%E4%BB%B61%EF%BC%9A2025%E7%BA%A7%E8%81%8C%E4%B8%9A%E6%9C%AC%E7%A7%91%E4%B8%93%E4%B8%9A%E4%BA%BA%E6%89%8D%E5%9F%B9%E5%85%BB%E6%96%B9%E6%A1%88.rar,eligible_official_2025,官网页面及DOCX封面明确为2025级,人工智能工程技术（310209）,官方RAR附件内的本科层次职业教育专业人才培养方案DOCX,归档成员7号DOCX；解包后保持官方原件字节与文件名；SHA-256为d55c7862bff5b59ef1b647fa0ed5449f2edbf97add2750eada3d8886621133d4,verified
LZPU-260201,310211,https://www.lzpu.edu.cn/upload/jwysxglc/contentmanage/article/file/2025/09/11/%E9%99%84%E4%BB%B61%EF%BC%9A2025%E7%BA%A7%E8%81%8C%E4%B8%9A%E6%9C%AC%E7%A7%91%E4%B8%93%E4%B8%9A%E4%BA%BA%E6%89%8D%E5%9F%B9%E5%85%BB%E6%96%B9%E6%A1%88.rar,eligible_official_2025,官网页面及DOCX封面明确为2025级,工业互联网技术（310211）,官方RAR附件内的本科层次职业教育专业人才培养方案DOCX,归档成员6号DOCX；解包后保持官方原件字节与文件名；SHA-256为d179321e5c3237b56d14915a05fa8745f0fab413b42257e58e75787a14df45a4,verified
GXSDXY-430105,430105,https://www.gxsdxy.cn/__local/0/C7/DF/496B1228BCE5EED175A8FD16267_6B28D73E_30FF03.pdf,eligible_official_2025,页面标题与PDF封面均明确为2025级,电力系统自动化技术（430105）,电力系统自动化技术专业群人才培养方案合订PDF,236页官方完整PDF；群成员表及分专业方案正文均已核验；SHA-256为36f0254d5cf395da84a889cb4b12b49fdb05a3c4feac3ac0f49424bf45b317a7,verified
GXSDXY-430105,430101,https://www.gxsdxy.cn/__local/0/C7/DF/496B1228BCE5EED175A8FD16267_6B28D73E_30FF03.pdf,eligible_official_2025,页面标题与PDF封面均明确为2025级,发电厂及电力系统（430101）,电力系统自动化技术专业群人才培养方案合订PDF,236页官方完整PDF；群成员表及分专业方案正文均已核验；SHA-256为36f0254d5cf395da84a889cb4b12b49fdb05a3c4feac3ac0f49424bf45b317a7,verified
GXSDXY-430105,430106,https://www.gxsdxy.cn/__local/0/C7/DF/496B1228BCE5EED175A8FD16267_6B28D73E_30FF03.pdf,eligible_official_2025,页面标题与PDF封面均明确为2025级,电力系统继电保护技术（430106）,电力系统自动化技术专业群人才培养方案合订PDF,236页官方完整PDF；群成员表及分专业方案正文均已核验；SHA-256为36f0254d5cf395da84a889cb4b12b49fdb05a3c4feac3ac0f49424bf45b317a7,verified
GXSDXY-430105,430108,https://www.gxsdxy.cn/__local/0/C7/DF/496B1228BCE5EED175A8FD16267_6B28D73E_30FF03.pdf,eligible_official_2025,页面标题与PDF封面均明确为2025级,供用电技术（430108）,电力系统自动化技术专业群人才培养方案合订PDF,236页官方完整PDF；群成员表及分专业方案正文均已核验；SHA-256为36f0254d5cf395da84a889cb4b12b49fdb05a3c4feac3ac0f49424bf45b317a7,verified
GXSDXY-430105,430107,https://www.gxsdxy.cn/__local/0/C7/DF/496B1228BCE5EED175A8FD16267_6B28D73E_30FF03.pdf,eligible_official_2025,页面标题与PDF封面均明确为2025级,输配电工程技术（430107）,电力系统自动化技术专业群人才培养方案合订PDF,236页官方完整PDF；群成员表及分专业方案正文均已核验；SHA-256为36f0254d5cf395da84a889cb4b12b49fdb05a3c4feac3ac0f49424bf45b317a7,verified
SNPU-460104,460104,https://jwc.snpu.edu.cn/system/_content/download.jsp?urltype=news.DownloadAttachUrl&owner=1463516368&wbfileid=950AAB1392D913CA9305132D3A126BCE,wrong_document_type,PDF标题明确为2025级方案制订原则意见,未包含机械制造及自动化专业方案正文,全校人才培养方案制订原则意见,属于编制规范而非专业人才培养方案正文，不写入成果目录,verified
SNPU-460104,460104,https://jwc.snpu.edu.cn/system/_content/download.jsp?urltype=news.DownloadAttachUrl&owner=1463516368&wbfileid=D9CB1E08E6F52DC512C7F91D5194029B,wrong_document_type,PDF标题明确为2025级方案制订原则意见,未包含机械制造及自动化专业方案正文,全校人才培养方案制订原则意见,属于编制规范而非专业人才培养方案正文，不写入成果目录,verified
SNPU-460306,460306,https://jwc.snpu.edu.cn/system/_content/download.jsp?urltype=news.DownloadAttachUrl&owner=1463516368&wbfileid=950AAB1392D913CA9305132D3A126BCE,wrong_document_type,PDF标题明确为2025级方案制订原则意见,未包含电气自动化技术专业方案正文,全校人才培养方案制订原则意见,属于编制规范而非专业人才培养方案正文，不写入成果目录,verified
SNPU-460306,460306,https://jwc.snpu.edu.cn/system/_content/download.jsp?urltype=news.DownloadAttachUrl&owner=1463516368&wbfileid=D9CB1E08E6F52DC512C7F91D5194029B,wrong_document_type,PDF标题明确为2025级方案制订原则意见,未包含电气自动化技术专业方案正文,全校人才培养方案制订原则意见,属于编制规范而非专业人才培养方案正文，不写入成果目录,verified
YLVTC-410105,410105,https://jwc.ylvtc.cn/01-2025yyjs.pdf,eligible_official_2025,官网汇总页与PDF首页均明确为2025级,园艺技术（410105）,专业人才培养方案,34页普通三年制正式PDF；首页专业名称与代码已核验；SHA-256为98fffa4c36f907246aebd77dc13d4486cf71a4bd0c9fa9f7b89f6513aa95dbdb,verified
YLVTC-410105,410106,https://jwc.ylvtc.cn/02-2025zwbhyjyjs.pdf,eligible_official_2025,官网汇总页与PDF首页均明确为2025级,植物保护与检疫技术（410106）,专业人才培养方案,39页普通三年制正式PDF；首页专业名称与代码已核验；SHA-256为c1011cea995d8e6dc781d7499acedac43716f21281182b609272291ce2469cab,verified
YLVTC-410105,410115,https://jwc.ylvtc.cn/04-2025lsspscjs.pdf,eligible_official_2025,官网汇总页与PDF首页均明确为2025级,绿色食品生产技术（410115）,专业人才培养方案,39页普通三年制正式PDF；首页专业名称与代码已核验；SHA-256为6fe135beb71c80414fd0b493bdcb8e9036698f736859ab5f1a9ea21689451c38,verified
YLVTC-410105,470103,https://jwc.ylvtc.cn/05-2025nyswjs.pdf,eligible_official_2025,官网汇总页与PDF首页均明确为2025级,农业生物技术（470103）,专业人才培养方案,35页普通三年制正式PDF；首页专业名称与代码已核验；SHA-256为2381e1a212285387ea7c4956d479b2f04113c0bc8eaab7bb4e8acf1bac2af5dc,verified
YLVTC-410105,490104,https://jwc.ylvtc.cn/06-2025spjyjcjs.pdf,eligible_official_2025,官网汇总页与PDF首页均明确为2025级,食品检验检测技术（490104）,专业人才培养方案,32页普通三年制正式PDF；首页专业名称与代码已核验；SHA-256为e034b49f1f9083851bffa72863b819926b2f975014807f8736f10eee2eab1efa,verified
YLVTC-450201,450201,https://jwc.ylvtc.cn/01-2025slgc.pdf,eligible_official_2025,官网汇总页与PDF首页均明确为2025级,水利工程（450201）,专业人才培养方案,38页普通三年制正式PDF；首页专业名称与代码已核验；SHA-256为7d58ad418eb45ea0f5912703718de9b2dc5fbbb48c0e8d436163e26308d60717,verified
YLVTC-450201,450205,https://jwc.ylvtc.cn/03-2025slsdjzgc.pdf,eligible_official_2025,官网汇总页与PDF首页均明确为2025级,水利水电建筑工程（450205）,专业人才培养方案,42页普通三年制正式PDF；首页专业名称与代码已核验；SHA-256为b2f10fae49f5728a5f2fb560f29b5cc6a4cdeb3304c1974a9b315e3550274353,verified
YLVTC-450201,450402,https://jwc.ylvtc.cn/06-2025shjznjcyzl.pdf,eligible_official_2025,官网汇总页与PDF首页均明确为2025级,水环境智能监测与治理（450402）,专业人才培养方案,42页普通三年制正式PDF；首页专业名称与代码已核验；SHA-256为7ba83ae0ca7a323ea9d1d05b908b4cf0f80b4c89590b63d3038a08802fc33693,verified
YLVTC-450201,440504,https://jwc.ylvtc.cn/05-2025jsgcjl.pdf,eligible_official_2025,官网汇总页与PDF首页均明确为2025级,建设工程监理（440504）,专业人才培养方案,37页普通三年制正式PDF；首页专业名称与代码已核验；SHA-256为d45378fb552c4bc3ab49ea304efd98f1e3ef0ed1c381106a64bf216ad1df2592,verified
SXRI-500102,500102,https://sg.sxri.net/_upload/article/files/e1/84/193dcbd04d5fa84d8616c99285f2/69738a72-d731-4fc1-8720-9f0c75632ffb.pdf,wrong_document_type,文件形成于2025年7月,未包含高速铁路施工与维护专业方案正文,第二期双高专业群阶段考核通知,用于核验第二期两个专业群存在；不是人才培养方案，不写入成果目录,verified
SXRI-500102,500101,https://sg.sxri.net/_upload/article/files/e1/84/193dcbd04d5fa84d8616c99285f2/69738a72-d731-4fc1-8720-9f0c75632ffb.pdf,wrong_document_type,文件形成于2025年7月,未包含铁道工程技术专业方案正文,第二期双高专业群阶段考核通知,用于核验第二期两个专业群存在；不是人才培养方案，不写入成果目录,verified
SXRI-500102,440502,https://sg.sxri.net/_upload/article/files/e1/84/193dcbd04d5fa84d8616c99285f2/69738a72-d731-4fc1-8720-9f0c75632ffb.pdf,wrong_document_type,文件形成于2025年7月,未包含建设工程管理专业方案正文,第二期双高专业群阶段考核通知,用于核验第二期两个专业群存在；不是人才培养方案，不写入成果目录,verified
SXRI-500102,500109,https://sg.sxri.net/_upload/article/files/e1/84/193dcbd04d5fa84d8616c99285f2/69738a72-d731-4fc1-8720-9f0c75632ffb.pdf,wrong_document_type,文件形成于2025年7月,未包含高速铁路综合维修技术专业方案正文,第二期双高专业群阶段考核通知,用于核验第二期两个专业群存在；不是人才培养方案，不写入成果目录,verified
SXRI-500102,500103,https://sg.sxri.net/_upload/article/files/e1/84/193dcbd04d5fa84d8616c99285f2/69738a72-d731-4fc1-8720-9f0c75632ffb.pdf,wrong_document_type,文件形成于2025年7月,未包含铁道桥梁隧道工程技术专业方案正文,第二期双高专业群阶段考核通知,用于核验第二期两个专业群存在；不是人才培养方案，不写入成果目录,verified
SXRI-500601,500601,https://sg.sxri.net/_upload/article/files/e1/84/193dcbd04d5fa84d8616c99285f2/69738a72-d731-4fc1-8720-9f0c75632ffb.pdf,wrong_document_type,文件形成于2025年7月,未包含城市轨道交通工程技术专业方案正文,第二期双高专业群阶段考核通知,用于核验第二期两个专业群存在；不是人才培养方案，不写入成果目录,verified
SXRI-500601,440305,https://sg.sxri.net/_upload/article/files/e1/84/193dcbd04d5fa84d8616c99285f2/69738a72-d731-4fc1-8720-9f0c75632ffb.pdf,wrong_document_type,文件形成于2025年7月,未包含地下与隧道工程技术专业方案正文,第二期双高专业群阶段考核通知,用于核验第二期两个专业群存在；不是人才培养方案，不写入成果目录,verified
BPU-470102,470102,https://www.bpu.edu.cn/jwc/yaopinshengwujishuzhuanyerencaipeiyangfangan.pdf,wrong_document_type,PDF元数据形成于2023年且封面日期为2023年占位符,药品生物技术（470102）,人才培养方案模板,23页PDF封面仍为“XXXXXX职业学院”且负责人、审核人和日期均为XXX占位符，不是学校正式发布的2025级方案,verified
BPU-470102,490104,https://www.bpu.edu.cn/jwc/shipinjianyanjiancejishuzhuanyerencaipeiyangfangan.pdf,wrong_year,PDF封面明确制定于2022年12月并于2023年2月修订,食品检验检测技术（490104）,专业人才培养方案,16页正式PDF但不属于2025级，不写入成果目录,verified
BPU-460704,460704,https://www.bpu.edu.cn/jwc/zhinengwanglianqichejishuzhuanyerencaipeiyangfangan.pdf,wrong_year,PDF封面明确制定日期为2022年3月30日,智能网联汽车技术（460704）,专业人才培养方案,25页正式PDF但不属于2025级，不写入成果目录,verified
BPU-470102,470102,https://www.bpu.edu.cn/,not_found_official_2025,官网与教务处公开索引未发现2025级原件,首页未提供药品生物技术方案正文,学校门户首页,首页5张导航与新闻图片是采集误报；另有2023年占位模板但不是正式方案，故按未公开2025级原件收口,verified
BPU-470102,470105,https://www.bpu.edu.cn/,not_found_official_2025,官网与教务处公开索引未发现2025级原件,首页未提供生物产品检验检疫方案正文,学校门户首页,首页5张导航与新闻图片是采集误报；人工核验不生成派生PDF，按未公开2025级原件收口,verified
BPU-470102,490103,https://www.bpu.edu.cn/,not_found_official_2025,官网与教务处公开索引未发现2025级原件,首页未提供食品营养与健康方案正文,学校门户首页,首页5张导航与新闻图片是采集误报；人工核验不生成派生PDF，按未公开2025级原件收口,verified
BPU-470102,490104,https://www.bpu.edu.cn/,not_found_official_2025,官网与教务处公开索引未发现2025级原件,首页未提供食品检验检测技术2025级方案正文,学校门户首页,首页5张导航与新闻图片是采集误报；另有2022年制定并于2023年修订的旧方案，故按未公开2025级原件收口,verified
BPU-460704,460704,https://www.bpu.edu.cn/,not_found_official_2025,官网与教务处公开索引未发现2025级原件,首页未提供智能网联汽车技术2025级方案正文,学校门户首页,首页5张导航与新闻图片是采集误报；另有2022年旧方案，故按未公开2025级原件收口,verified
BPU-460704,460702,https://www.bpu.edu.cn/,not_found_official_2025,官网与教务处公开索引未发现2025级原件,首页未提供新能源汽车技术方案正文,学校门户首页,首页5张导航与新闻图片是采集误报；人工核验不生成派生PDF，按未公开2025级原件收口,verified
BPU-460704,460701,https://www.bpu.edu.cn/,not_found_official_2025,官网与教务处公开索引未发现2025级原件,首页未提供汽车制造与试验技术方案正文,学校门户首页,首页5张导航与新闻图片是采集误报；人工核验不生成派生PDF，按未公开2025级原件收口,verified
BPU-460704,510209,https://www.bpu.edu.cn/,not_found_official_2025,官网与教务处公开索引未发现2025级原件,首页未提供人工智能技术应用方案正文,学校门户首页,首页5张导航与新闻图片是采集误报；人工核验不生成派生PDF，按未公开2025级原件收口,verified
BPU-460704,510101,https://www.bpu.edu.cn/,not_found_official_2025,官网与教务处公开索引未发现2025级原件,首页未提供电子信息工程技术方案正文,学校门户首页,首页5张导航与新闻图片是采集误报；人工核验不生成派生PDF，按未公开2025级原件收口,verified
BIEM-510209,510209,https://jwc.biem.edu.cn/system/_content/download.jsp?urltype=news.DownloadAttachUrl&owner=1141999326&wbfileid=3825900,wrong_document_type,页面发布于2020年9月且附件为通用审批表,未包含人工智能技术应用专业方案正文,人才培养方案调整审批表,仅为空白审批表而非完整专业人才培养方案，不写入成果目录,verified
BIEM-510209,510205,https://jwc.biem.edu.cn/system/_content/download.jsp?urltype=news.DownloadAttachUrl&owner=1141999326&wbfileid=3825900,wrong_document_type,页面发布于2020年9月且附件为通用审批表,未包含大数据技术专业方案正文,人才培养方案调整审批表,仅为空白审批表而非完整专业人才培养方案，不写入成果目录,verified
BIEM-510209,510207,https://jwc.biem.edu.cn/system/_content/download.jsp?urltype=news.DownloadAttachUrl&owner=1141999326&wbfileid=3825900,wrong_document_type,页面发布于2020年9月且附件为通用审批表,未包含信息安全技术应用专业方案正文,人才培养方案调整审批表,仅为空白审批表而非完整专业人才培养方案，不写入成果目录,verified
BIEM-510209,510101,https://jwc.biem.edu.cn/system/_content/download.jsp?urltype=news.DownloadAttachUrl&owner=1141999326&wbfileid=3825900,wrong_document_type,页面发布于2020年9月且附件为通用审批表,未包含电子信息工程技术专业方案正文,人才培养方案调整审批表,仅为空白审批表而非完整专业人才培养方案，不写入成果目录,verified
BIEM-510209,460302,https://jwc.biem.edu.cn/system/_content/download.jsp?urltype=news.DownloadAttachUrl&owner=1141999326&wbfileid=3825900,wrong_document_type,页面发布于2020年9月且附件为通用审批表,未包含智能机电技术专业方案正文,人才培养方案调整审批表,仅为空白审批表而非完整专业人才培养方案，不写入成果目录,verified
BIEM-510209,510209,https://jwc.biem.edu.cn/system/_content/download.jsp?urltype=news.DownloadAttachUrl&owner=1141999326&wbfileid=11713138,wrong_year,页面和文件名明确为2021级,未包含人工智能技术应用2025级方案,2021级空中乘务专业人才培养方案,专业与年份均不匹配，不写入成果目录,verified
BIEM-510209,510205,https://jwc.biem.edu.cn/system/_content/download.jsp?urltype=news.DownloadAttachUrl&owner=1141999326&wbfileid=11713138,wrong_year,页面和文件名明确为2021级,未包含大数据技术2025级方案,2021级空中乘务专业人才培养方案,专业与年份均不匹配，不写入成果目录,verified
BIEM-510209,510207,https://jwc.biem.edu.cn/system/_content/download.jsp?urltype=news.DownloadAttachUrl&owner=1141999326&wbfileid=11713138,wrong_year,页面和文件名明确为2021级,未包含信息安全技术应用2025级方案,2021级空中乘务专业人才培养方案,专业与年份均不匹配，不写入成果目录,verified
BIEM-510209,510101,https://jwc.biem.edu.cn/system/_content/download.jsp?urltype=news.DownloadAttachUrl&owner=1141999326&wbfileid=11713138,wrong_year,页面和文件名明确为2021级,未包含电子信息工程技术2025级方案,2021级空中乘务专业人才培养方案,专业与年份均不匹配，不写入成果目录,verified
BIEM-510209,460302,https://jwc.biem.edu.cn/system/_content/download.jsp?urltype=news.DownloadAttachUrl&owner=1141999326&wbfileid=11713138,wrong_year,页面和文件名明确为2021级,未包含智能机电技术2025级方案,2021级空中乘务专业人才培养方案,专业与年份均不匹配，不写入成果目录,verified
BIEM-510209,510209,https://jwc.biem.edu.cn/system/_content/download.jsp?urltype=news.DownloadAttachUrl&owner=1141999326&wbfileid=11712300,wrong_year,页面和文件名明确为2022级,未包含人工智能技术应用2025级方案,2022级学前教育专业人才培养方案,专业与年份均不匹配，不写入成果目录,verified
BIEM-510209,510205,https://jwc.biem.edu.cn/system/_content/download.jsp?urltype=news.DownloadAttachUrl&owner=1141999326&wbfileid=11712300,wrong_year,页面和文件名明确为2022级,未包含大数据技术2025级方案,2022级学前教育专业人才培养方案,专业与年份均不匹配，不写入成果目录,verified
BIEM-510209,510207,https://jwc.biem.edu.cn/system/_content/download.jsp?urltype=news.DownloadAttachUrl&owner=1141999326&wbfileid=11712300,wrong_year,页面和文件名明确为2022级,未包含信息安全技术应用2025级方案,2022级学前教育专业人才培养方案,专业与年份均不匹配，不写入成果目录,verified
BIEM-510209,510101,https://jwc.biem.edu.cn/system/_content/download.jsp?urltype=news.DownloadAttachUrl&owner=1141999326&wbfileid=11712300,wrong_year,页面和文件名明确为2022级,未包含电子信息工程技术2025级方案,2022级学前教育专业人才培养方案,专业与年份均不匹配，不写入成果目录,verified
BIEM-510209,460302,https://jwc.biem.edu.cn/system/_content/download.jsp?urltype=news.DownloadAttachUrl&owner=1141999326&wbfileid=11712300,wrong_year,页面和文件名明确为2022级,未包含智能机电技术2025级方案,2022级学前教育专业人才培养方案,专业与年份均不匹配，不写入成果目录,verified
BIEM-510209,510209,https://jwc.biem.edu.cn/system/_content/download.jsp?urltype=news.DownloadAttachUrl&owner=1141999326&wbfileid=4428842,wrong_year,发布页日期为2022年7月且未标2025级,未提供人工智能技术应用2025级证据,2022年公开的人培方案ZIP,旧归档不能替代2025级方案，不写入成果目录,verified
BIEM-510209,510205,https://jwc.biem.edu.cn/system/_content/download.jsp?urltype=news.DownloadAttachUrl&owner=1141999326&wbfileid=4428842,wrong_year,发布页日期为2022年7月且未标2025级,未提供大数据技术2025级证据,2022年公开的人培方案ZIP,旧归档不能替代2025级方案，不写入成果目录,verified
BIEM-510209,510207,https://jwc.biem.edu.cn/system/_content/download.jsp?urltype=news.DownloadAttachUrl&owner=1141999326&wbfileid=4428842,wrong_year,发布页日期为2022年7月且未标2025级,未提供信息安全技术应用2025级证据,2022年公开的人培方案ZIP,旧归档不能替代2025级方案，不写入成果目录,verified
BIEM-510209,510101,https://jwc.biem.edu.cn/system/_content/download.jsp?urltype=news.DownloadAttachUrl&owner=1141999326&wbfileid=4428842,wrong_year,发布页日期为2022年7月且未标2025级,未提供电子信息工程技术2025级证据,2022年公开的人培方案ZIP,旧归档不能替代2025级方案，不写入成果目录,verified
BIEM-510209,460302,https://jwc.biem.edu.cn/system/_content/download.jsp?urltype=news.DownloadAttachUrl&owner=1141999326&wbfileid=4428842,wrong_year,发布页日期为2022年7月且未标2025级,未提供智能机电技术2025级证据,2022年公开的人培方案ZIP,旧归档不能替代2025级方案，不写入成果目录,verified
BIEM-510209,510209,https://jwc.biem.edu.cn/jxzy.htm,not_found_official_2025,教务处教学资源列表及站内检索未发现2025级原件,未提供人工智能技术应用2025级方案正文,教务处教学资源公开列表,旧审批表和2021至2022级归档均已排除，按未公开2025级原件收口,verified
BIEM-510209,510205,https://jwc.biem.edu.cn/jxzy.htm,not_found_official_2025,教务处教学资源列表及站内检索未发现2025级原件,未提供大数据技术2025级方案正文,教务处教学资源公开列表,旧审批表和2021至2022级归档均已排除，按未公开2025级原件收口,verified
BIEM-510209,510207,https://jwc.biem.edu.cn/jxzy.htm,not_found_official_2025,教务处教学资源列表及站内检索未发现2025级原件,未提供信息安全技术应用2025级方案正文,教务处教学资源公开列表,旧审批表和2021至2022级归档均已排除，按未公开2025级原件收口,verified
BIEM-510209,510101,https://jwc.biem.edu.cn/jxzy.htm,not_found_official_2025,教务处教学资源列表及站内检索未发现2025级原件,未提供电子信息工程技术2025级方案正文,教务处教学资源公开列表,旧审批表和2021至2022级归档均已排除，按未公开2025级原件收口,verified
BIEM-510209,460302,https://jwc.biem.edu.cn/jxzy.htm,not_found_official_2025,教务处教学资源列表及站内检索未发现2025级原件,未提供智能机电技术2025级方案正文,教务处教学资源公开列表,旧审批表和2021至2022级归档均已排除，按未公开2025级原件收口,verified
BVCLSS-590302,590302,https://www.bvclss.cn/upload/file/20241008/7a700d7b1aecba542efbf91967455d7d.pdf,wrong_year,官网文件名及发布栏目明确为2024级,智慧健康养老服务与管理,完整专业人才培养方案,仅作为旧年份存在证据，不写入2025级成果目录,verified
BVCLSS-590302,590301,https://www.bvclss.cn/upload/file/20241008/87e952f0fd093c3ca6eb0ca16514d211.pdf,wrong_year,官网文件名及发布栏目明确为2024级,现代家政服务与管理,完整专业人才培养方案,仅作为旧年份存在证据，不写入2025级成果目录,verified
BVCLSS-590302,520201,https://www.bvclss.cn/upload/file/20241008/732c9422c75ea9c87724acf971fdf804.pdf,wrong_year,官网文件名及发布栏目明确为2024级,护理,完整专业人才培养方案,仅作为旧年份存在证据，不写入2025级成果目录,verified
BVCLSS-590302,590302,https://www.bvclss.cn/pc/index/nypdf?sid=554&sonid=564,not_found_official_2025,官网培养方案栏目截至核验时仅公开2020至2024级方案,未提供智慧健康养老服务与管理2025级方案正文,学校2025年9月新闻仅说明方案已经校内审议通过,栏目尚未发布2025级原件，按未公开收口,verified
BVCLSS-590302,590301,https://www.bvclss.cn/pc/index/nypdf?sid=554&sonid=564,not_found_official_2025,官网培养方案栏目截至核验时仅公开2020至2024级方案,未提供现代家政服务与管理2025级方案正文,学校2025年9月新闻仅说明方案已经校内审议通过,栏目尚未发布2025级原件，按未公开收口,verified
BVCLSS-590302,520201,https://www.bvclss.cn/pc/index/nypdf?sid=554&sonid=564,not_found_official_2025,官网培养方案栏目截至核验时仅公开2020至2024级方案,未提供护理2025级方案正文,学校2025年9月新闻仅说明方案已经校内审议通过,栏目尚未发布2025级原件，按未公开收口,verified
BJYPC-550103,560205,https://www.bjypc.edu.cn/jwc/xzzx/index.htm,not_found_official_2025,教务处下载中心及常用下载未见2025级人培原件,未提供新闻采编与制作2025级方案正文,公开栏目只有国家专业教学标准和培养方案制订指导意见,教学标准与指导意见均不作为学校人培正文替代,verified
BJYPC-550103,560213,https://www.bjypc.edu.cn/jwc/xzzx/index.htm,not_found_official_2025,教务处下载中心及常用下载未见2025级人培原件,未提供融媒体技术与运营2025级方案正文,公开栏目只有国家专业教学标准和培养方案制订指导意见,教学标准与指导意见均不作为学校人培正文替代,verified
BJYPC-550103,550103,https://www.bjypc.edu.cn/jwc/xzzx/index.htm,not_found_official_2025,教务处下载中心及常用下载未见2025级人培原件,未提供数字媒体艺术设计2025级方案正文,公开栏目只有国家专业教学标准和培养方案制订指导意见,教学标准与指导意见均不作为学校人培正文替代,verified
BJYPC-550103,550107,https://www.bjypc.edu.cn/jwc/xzzx/index.htm,not_found_official_2025,教务处下载中心及常用下载未见2025级人培原件,未提供书画艺术2025级方案正文,公开栏目只有国家专业教学标准和培养方案制订指导意见,教学标准与指导意见均不作为学校人培正文替代,verified
BJYPC-550103,550109,https://www.bjypc.edu.cn/jwc/xzzx/index.htm,not_found_official_2025,教务处下载中心及常用下载未见2025级人培原件,未提供游戏艺术设计2025级方案正文,公开栏目只有国家专业教学标准和培养方案制订指导意见,教学标准与指导意见均不作为学校人培正文替代,verified
BJYPC-550103,510209,https://www.bjypc.edu.cn/jwc/xzzx/index.htm,not_found_official_2025,教务处下载中心及常用下载未见2025级人培原件,未提供人工智能技术应用2025级方案正文,公开栏目只有国家专业教学标准和培养方案制订指导意见,教学标准与指导意见均不作为学校人培正文替代,verified
BJYPC-550103,510207,https://www.bjypc.edu.cn/jwc/xzzx/index.htm,not_found_official_2025,教务处下载中心及常用下载未见2025级人培原件,未提供信息安全技术应用2025级方案正文,公开栏目只有国家专业教学标准和培养方案制订指导意见,教学标准与指导意见均不作为学校人培正文替代,verified
TJLIVTC-430301,430301,https://qgjwb.tjlivtc.edu.cn/prod-api/profile/upload/2025/07/31/2024%E7%BA%A7%E5%85%89%E4%BC%8F%E5%B7%A5%E7%A8%8B%E6%8A%80%E6%9C%AF%E4%B8%93%E4%B8%9A%E4%BA%BA%E6%89%8D%E5%9F%B9%E5%85%BB%E6%96%B9%E6%A1%88.pdf,wrong_year,官网文件名和正文标题均明确为2024级,光伏工程技术,完整专业人才培养方案,仅作为旧年份存在证据，不写入2025级成果目录,verified
TJLIVTC-460113,460113,https://qgjwb.tjlivtc.edu.cn/prod-api/system/fileName/getfileType?pageNum=1&pageSize=1000&fileType=5&Name=,not_found_official_2025,教务部人才培养方案接口当前仅有4条记录且最新为2024级,未提供模具设计与制造2025级方案正文,官方培养方案公开接口,旧方案与专业介绍不能替代2025级正文,verified
TJLIVTC-460113,460103,https://qgjwb.tjlivtc.edu.cn/prod-api/system/fileName/getfileType?pageNum=1&pageSize=1000&fileType=5&Name=,not_found_official_2025,教务部人才培养方案接口当前仅有4条记录且最新为2024级,未提供数控技术2025级方案正文,官方培养方案公开接口,旧方案与专业介绍不能替代2025级正文,verified
TJLIVTC-460113,460119,https://qgjwb.tjlivtc.edu.cn/prod-api/system/fileName/getfileType?pageNum=1&pageSize=1000&fileType=5&Name=,not_found_official_2025,教务部人才培养方案接口当前仅有4条记录且最新为2024级,未提供工业产品质量检测技术2025级方案正文,官方培养方案公开接口,旧方案与专业介绍不能替代2025级正文,verified
TJLIVTC-460113,460305,https://qgjwb.tjlivtc.edu.cn/prod-api/system/fileName/getfileType?pageNum=1&pageSize=1000&fileType=5&Name=,not_found_official_2025,教务部人才培养方案接口当前仅有4条记录且最新为2024级,未提供工业机器人技术2025级方案正文,官方培养方案公开接口,旧方案与专业介绍不能替代2025级正文,verified
TJLIVTC-460113,460201,https://qgjwb.tjlivtc.edu.cn/prod-api/system/fileName/getfileType?pageNum=1&pageSize=1000&fileType=5&Name=,not_found_official_2025,教务部人才培养方案接口当前仅有4条记录且最新为2024级,未提供智能制造装备技术2025级方案正文,官方培养方案公开接口,旧方案与专业介绍不能替代2025级正文,verified
TJLIVTC-430301,430301,https://qgjwb.tjlivtc.edu.cn/prod-api/system/fileName/getfileType?pageNum=1&pageSize=1000&fileType=5&Name=,not_found_official_2025,教务部人才培养方案接口当前仅有4条记录且最新为2024级,未提供光伏工程技术2025级方案正文,官方培养方案公开接口,旧方案与专业介绍不能替代2025级正文,verified
TJLIVTC-430301,430302,https://qgjwb.tjlivtc.edu.cn/prod-api/system/fileName/getfileType?pageNum=1&pageSize=1000&fileType=5&Name=,not_found_official_2025,教务部人才培养方案接口当前仅有4条记录且最新为2024级,未提供风力发电工程技术2025级方案正文,官方培养方案公开接口,旧方案与专业介绍不能替代2025级正文,verified
TJLIVTC-430301,430105,https://qgjwb.tjlivtc.edu.cn/prod-api/system/fileName/getfileType?pageNum=1&pageSize=1000&fileType=5&Name=,not_found_official_2025,教务部人才培养方案接口当前仅有4条记录且最新为2024级,未提供电力系统自动化技术2025级方案正文,官方培养方案公开接口,旧方案与专业介绍不能替代2025级正文,verified
TJLIVTC-430301,430112,https://qgjwb.tjlivtc.edu.cn/prod-api/system/fileName/getfileType?pageNum=1&pageSize=1000&fileType=5&Name=,not_found_official_2025,教务部人才培养方案接口当前仅有4条记录且最新为2024级,未提供电力储能应用技术2025级方案正文,官方培养方案公开接口,旧方案与专业介绍不能替代2025级正文,verified
TJLIVTC-430301,460306,https://qgjwb.tjlivtc.edu.cn/prod-api/system/fileName/getfileType?pageNum=1&pageSize=1000&fileType=5&Name=,not_found_official_2025,教务部人才培养方案接口当前仅有4条记录且最新为2024级,未提供电气自动化技术2025级方案正文,官方培养方案公开接口,旧方案与专业介绍不能替代2025级正文,verified
TBVTC-470204,470204,https://jwc.tbvtc.edu.cn/zyrcpyfa1.htm,not_found_official_2025,教务部专业人才培养方案栏目当前为空且公开索引未见2025级原件,未提供石油化工技术2025级方案正文,官方专业人才培养方案栏目,专业介绍和双高建设新闻不能替代2025级正文,verified
TTTC-460702,460702,https://auto.tttc.edu.cn/file/xny2024.pdf,wrong_year,官网栏目和PDF封面明确为2024级,新能源汽车技术（460702）,完整专业人才培养方案,仅作为旧年份存在证据，不写入2025级成果目录,verified
TTTC-460702,460704,https://auto.tttc.edu.cn/file/znwl2024.pdf,wrong_year,官网栏目和PDF封面明确为2024级,智能网联汽车技术（460704）,完整专业人才培养方案,仅作为旧年份存在证据，不写入2025级成果目录,verified
TTTC-460702,460701,https://jxx.tttc.edu.cn/file/qczz2024.pdf,wrong_year,官网栏目和PDF标题明确为2024级,汽车制造与试验技术（460701）,完整专业人才培养方案,仅作为旧年份存在证据，不写入2025级成果目录,verified
TTTC-460702,500211,https://auto.tttc.edu.cn/file/qcjc2024.pdf,wrong_year,官网栏目和PDF标题明确为2024级,汽车检测与维修技术（500211）,完整专业人才培养方案,仅作为旧年份存在证据，不写入2025级成果目录,verified
TTTC-460702,460702,https://auto.tttc.edu.cn/xinny/rcpy.htm,not_found_official_2025,官网专业人才培养栏目最新仅到2024级且对应2025附件地址返回404,未提供新能源汽车技术2025级方案正文,官方专业人才培养栏目,旧方案不能替代2025级正文,verified
TTTC-460702,460704,https://auto.tttc.edu.cn/znwlqcjs/rcpy.htm,not_found_official_2025,官网专业人才培养栏目最新仅到2024级且对应2025附件地址返回404,未提供智能网联汽车技术2025级方案正文,官方专业人才培养栏目,旧方案不能替代2025级正文,verified
TTTC-460702,460701,https://jxx.tttc.edu.cn/info/1133/1253.htm,not_found_official_2025,官网专业人才培养页面最新仅到2024级且对应2025附件地址返回404,未提供汽车制造与试验技术2025级方案正文,官方专业人才培养页面,旧方案不能替代2025级正文,verified
TTTC-460702,500211,https://auto.tttc.edu.cn/qcjcywxjs/rcpy1.htm,not_found_official_2025,官网专业人才培养栏目最新仅到2024级且对应2025附件地址返回404,未提供汽车检测与维修技术2025级方案正文,官方专业人才培养栏目,旧方案不能替代2025级正文,verified
HBCIT-230401,230401,https://clgcxy.hbcit.edu.cn/info/1092/2375.htm,wrong_year,页面发布于2023年且正文审定日期为2023年5月,钢铁智能冶金技术职业本科（230401）,完整职业本科人才培养方案正文,仅作为旧年份存在证据且不写入2025级成果目录,verified
HBCIT-230401,230401,https://jwc.hbcit.edu.cn/zlxz.htm,not_found_official_2025,教务处资料下载与通知栏目及官网公开索引未发现2025级原件,未提供钢铁智能冶金技术2025级方案正文,官方教务处资料下载栏目,2023年旧方案和招生专业介绍不能替代2025级正文,verified
HBCIT-260102,260102,https://jwc.hbcit.edu.cn/zlxz.htm,not_found_official_2025,教务处资料下载与通知栏目及官网公开索引未发现2025级原件,未提供智能制造工程技术2025级方案正文,官方教务处资料下载栏目,专业群报道和招生专业介绍不能替代2025级正文,verified
HBCIT-230401,230401,https://jwc.hbcit.edu.cn/system/_content/download.jsp?urltype=news.DownloadAttachUrl&owner=2007079698&wbfileid=17651473,wrong_document_type,附件对应2025级学生转专业公示而非培养方案,未包含钢铁智能冶金技术专业方案正文,2025级专科学生转专业名单XLSX,发现器年份关键词命中属于误报且不写入成果目录,verified
HBCIT-260102,260102,https://jwc.hbcit.edu.cn/system/_content/download.jsp?urltype=news.DownloadAttachUrl&owner=2007079698&wbfileid=17651473,wrong_document_type,附件对应2025级学生转专业公示而非培养方案,未包含智能制造工程技术专业方案正文,2025级专科学生转专业名单XLSX,发现器年份关键词命中属于误报且不写入成果目录,verified
HEVUTE-260201,260101,https://www.hevute.edu.cn/docs/2024-06/614e89c46d0841d5b11fe844e91e0354.pdf,wrong_year,PDF元数据生成于2022年且页面未标注2025级,机械设计制造及自动化（260101）,3页人才培养方案简介,只作为旧版存在证据且不写入2025级成果目录,verified
HEVUTE-260201,260102,https://www.hevute.edu.cn/docs/2024-11/f9e84ccc66504c0abb0a52e473f7ae07.pdf,wrong_year,PDF元数据生成于2022年且页面未标注2025级,智能制造工程技术（260102）,2页人才培养方案简介,只作为旧版存在证据且不写入2025级成果目录,verified
HEVUTE-260201,260301,https://www.hevute.edu.cn/docs/2024-06/cb354628615c4d4095502a1342cf4a6a.pdf,wrong_year,PDF元数据生成于2022年且页面未标注2025级,机械电子工程技术（260301）,4页人才培养方案简介,只作为旧版存在证据且不写入2025级成果目录,verified
HEVUTE-260201,260101,https://www.hevute.edu.cn/jyjx/pyfa/index.htm,not_found_official_2025,培养方案栏目仅公开无年级标识的2022年生成旧版且2025年论证新闻无附件,未提供机械设计制造及自动化2025级方案正文,官方培养方案栏目,旧版简介和论证新闻不能替代2025级正文,verified
HEVUTE-260201,260102,https://www.hevute.edu.cn/jyjx/pyfa/index.htm,not_found_official_2025,培养方案栏目仅公开无年级标识的2022年生成旧版且2025年论证新闻无附件,未提供智能制造工程技术2025级方案正文,官方培养方案栏目,旧版简介和论证新闻不能替代2025级正文,verified
HEVUTE-260201,260301,https://www.hevute.edu.cn/jyjx/pyfa/index.htm,not_found_official_2025,培养方案栏目仅公开无年级标识的2022年生成旧版且2025年论证新闻无附件,未提供机械电子工程技术2025级方案正文,官方培养方案栏目,旧版简介和论证新闻不能替代2025级正文,verified
HEVUTE-260201,260201,https://www.hevute.edu.cn/jyjx/pyfa/index.htm,not_found_official_2025,培养方案栏目未列装备智能化技术且2025年论证新闻无附件,未提供装备智能化技术2025级方案正文,官方培养方案栏目,专业介绍和论证新闻不能替代2025级正文,verified
SJZPC-500703,500703,https://www.sjzpc.edu.cn/virtual_attach_file.vsb?afc=KLl7Osoz7PUz9iUx4CaMm-8U4fRM7LJsMm9bU4TRL87aM8L0gihFp2hmCIa0Mkhkn1yDLSy8ozGsUz9boRNYnN7sLz7PollsUzCiMN7ioRfFLmAVozvinmVFL4GaozGJv2nto4OeosM/_jTN_jT/vsAbgDTJQty0LmGDLSyDMmUPLSbw6208c&oid=2136892607&tid=2061&nid=66411&e=.pdf,eligible_official_2025,PDF首页明确标注2025级且元数据生成于2025年10月,邮政通信管理（代理金融方向）（500703）,学校官网公开的3页人才培养方案,按官网公开原件保存并记录其为精简公开版,verified
SJZPC-500703,500701,https://www.sjzpc.edu.cn/info/2011/66091.htm,not_found_official_2025,学校官网全文及附件索引精确检索未命中2025级原件,未提供邮政快递运营管理2025级方案正文,官方现代物流学院页面和站内检索,专业介绍不能替代2025级正文,verified
SJZPC-500703,530802,https://www.sjzpc.edu.cn/info/2011/66091.htm,not_found_official_2025,学校官网全文及附件索引精确检索未命中2025级原件,未提供现代物流管理2025级方案正文,官方现代物流学院页面和站内检索,专业介绍不能替代2025级正文,verified
SJZPC-500703,530810,https://www.sjzpc.edu.cn/info/2011/66091.htm,not_found_official_2025,学校官网全文及附件索引精确检索未命中2025级原件,未提供供应链运营2025级方案正文,官方现代物流学院页面和站内检索,专业介绍不能替代2025级正文,verified
HBCPC-490201,490201,https://www.hebcpc.cn/zhiyaonew/info/1185/1275.htm,not_found_official_2025,官网新闻确认2025级方案已论证但页面无附件,未公开药品生产技术2025级方案正文,制药工程系论证新闻与官网精确检索,论证新闻不能替代方案正文,verified
HBCPC-490201,470102,https://www.hebcpc.cn/zhiyaonew/ssjgy.jsp?wbtreeid=1001&searchScope=0&newskeycode2=MjAyNee6pyDoja%2Flk4HnlJ%2FnianmioDmnK8g5Lq65omN5Z%2B55YW75pa55qGI,not_found_official_2025,学校质量报告确认已完成2025级方案但官网精确检索无公开原件,未公开药品生物技术2025级方案正文,制药工程系官网精确检索,专业介绍不能替代2025级正文,verified
HBCPC-490201,490204,https://www.hebcpc.cn/zhiyaonew/ssjgy.jsp?wbtreeid=1001&searchScope=0&newskeycode2=MjAyNee6pyDljJblrabliLboja%2FmioDmnK8g5Lq65omN5Z%2B55YW75pa55qGI,not_found_official_2025,学校质量报告确认已完成2025级方案但官网精确检索无公开原件,未公开化学制药技术2025级方案正文,制药工程系官网精确检索,专业介绍不能替代2025级正文,verified
HBCPC-490201,490203,https://www.hebcpc.cn/zhiyaonew/ssjgy.jsp?wbtreeid=1001&searchScope=0&newskeycode2=MjAyNee6pyDoja%2FnianliLbliYLmioDmnK8g5Lq65omN5Z%2B55YW75pa55qGI,not_found_official_2025,学校质量报告确认已完成2025级方案但官网精确检索无公开原件,未公开药物制剂技术2025级方案正文,制药工程系官网精确检索,专业介绍不能替代2025级正文,verified
HBCPC-490201,520415,https://www.hebcpc.cn/zhiyaonew/info/1185/1275.htm,not_found_official_2025,官网新闻确认2025级方案已论证但页面无附件,未公开中药制药2025级方案正文,制药工程系论证新闻与官网精确检索,论证新闻不能替代方案正文,verified
HBCPC-490201,410108,https://www.hebcpc.cn/zhiyaonew/ssjgy.jsp?wbtreeid=1001&searchScope=0&newskeycode2=MjAyNee6pyDkuK3oja%2FmnZDnlJ%2FkuqfkuI7liqDlt6Ug5Lq65omN5Z%2B55YW75pa55qGI,not_found_official_2025,学校质量报告确认已完成2025级方案但官网精确检索无公开原件,未公开中药材生产与加工2025级方案正文,制药工程系官网精确检索,系部简介不能替代2025级正文,verified
HBSI-510209,510209,https://www.hbsi.edu.cn/rjgcx/info/1197/2280.htm,not_found_official_2025,官网2026年新闻确认正在修订双高专业群人才培养方案但无正文附件,未公开人工智能技术应用2025级方案正文,学校主站与软件工程系全部公开栏目,专业介绍和修订新闻不能替代方案正文,verified
HBSI-510209,510205,https://www.hbsi.edu.cn/rjgcx/info/1197/2280.htm,not_found_official_2025,官网2026年新闻确认正在修订双高专业群人才培养方案但无正文附件,未公开大数据技术2025级方案正文,学校主站与软件工程系全部公开栏目,专业介绍和修订新闻不能替代方案正文,verified
HBSI-510209,510203,https://www.hbsi.edu.cn/rjgcx/info/1197/2280.htm,not_found_official_2025,官网2026年新闻确认正在修订双高专业群人才培养方案但无正文附件,未公开软件技术2025级方案正文,学校主站与软件工程系全部公开栏目,专业介绍和修订新闻不能替代方案正文,verified
HBSI-510209,510214,https://www.hbsi.edu.cn/rjgcx/info/1197/2280.htm,not_found_official_2025,第二期成员关系待任务书复核且官网修订新闻无正文附件,未公开工业软件开发技术2025级方案正文,学校主站与软件工程系全部公开栏目,保留成员复核标记并同步搜索方案以避免漏采,verified
TSIVU-460305,460305,https://www.tsgzy.edu.cn/col/1567734675040/index.html,not_found_official_2025,官网人培专栏当前仅列2021级、2022级和2023级,未公开工业机器人技术2025级方案正文,学校官网人培专栏与目标专业站内检索,旧年级RAR合订包不写入2025级目录,verified
TSIVU-460305,460306,https://www.tsgzy.edu.cn/col/1567734675040/index.html,not_found_official_2025,官网人培专栏当前仅列2021级、2022级和2023级,未公开电气自动化技术2025级方案正文,学校官网人培专栏与目标专业站内检索,成员关系与方案公开状态分别留痕,verified
TSIVU-460305,460103,https://www.tsgzy.edu.cn/col/1567734675040/index.html,not_found_official_2025,官网人培专栏当前仅列2021级、2022级和2023级,未公开数控技术2025级方案正文,学校官网人培专栏与目标专业站内检索,成员关系与方案公开状态分别留痕,verified
TSIVU-460305,460110,https://www.tsgzy.edu.cn/col/1567734675040/index.html,not_found_official_2025,官网人培专栏当前仅列2021级、2022级和2023级,未公开智能焊接技术2025级方案正文,学校官网人培专栏与目标专业站内检索,成员关系与方案公开状态分别留痕,verified
TSIVU-460305,510202,https://www.tsgzy.edu.cn/col/1567734675040/index.html,not_found_official_2025,官网人培专栏当前仅列2021级、2022级和2023级,未公开计算机网络技术2025级方案正文,学校官网人培专栏与目标专业站内检索,成员关系与方案公开状态分别留痕,verified
SIRT-420303,420302,https://www.sirt.edu.cn/a/zhuanyejianshe/peiyangfangan/,access_blocked,官网公开检索未命中2025级原件且人培专栏提示校内资源,未提供测绘工程技术2025级方案正文,学校主站与测绘工程系官网精确检索,官网明确要求授权用户通过VPN访问且未绕过限制,verified
SIRT-420303,420303,https://www.sirt.edu.cn/a/zhuanyejianshe/peiyangfangan/,access_blocked,官网公开检索未命中2025级原件且人培专栏提示校内资源,未提供测绘地理信息技术2025级方案正文,学校主站与测绘工程系官网精确检索,官网明确要求授权用户通过VPN访问且未绕过限制,verified
SIRT-420303,460609,https://www.sirt.edu.cn/a/zhuanyejianshe/peiyangfangan/,access_blocked,官网公开检索未命中2025级原件且人培专栏提示校内资源,未提供无人机应用技术2025级方案正文,学校主站与测绘工程系官网精确检索,官网明确要求授权用户通过VPN访问且未绕过限制,verified
SIRT-420303,510209,https://www.sirt.edu.cn/a/zhuanyejianshe/peiyangfangan/,access_blocked,官网公开检索未命中2025级原件且人培专栏提示校内资源,未提供人工智能技术应用2025级方案正文,学校主站与信息工程系官网精确检索,官网明确要求授权用户通过VPN访问且未绕过限制,verified
SIRT-420303,510301,https://www.sirt.edu.cn/a/zhuanyejianshe/peiyangfangan/,access_blocked,官网公开检索未命中2025级原件且人培专栏提示校内资源,未提供现代通信技术2025级方案正文,学校主站与信息工程系官网精确检索,官网明确要求授权用户通过VPN访问且未绕过限制,verified
SJZIEI-510207,510207,http://www.sjziei.edu.cn/__local/E/B8/7B/A3367E74B7BBF9E8BF6BEF9BA58_04A629C8_4E8F79.pdf?e=.pdf,not_found_official_2025,教务处人培专栏最新公开条目发布于2019年且无2025级入口,未提供信息安全技术应用2025级方案正文,学院主站与教务处官网精确检索,2019合订包仅含旧专业名信息安全与管理不能替代当前专业2025级方案,verified
SJZIEI-510207,510203,http://www.sjziei.edu.cn/__local/E/B8/7B/A3367E74B7BBF9E8BF6BEF9BA58_04A629C8_4E8F79.pdf?e=.pdf,wrong_year,教务处来源页发布时间和PDF元数据均为2019年且正文使用旧目录代码610205,软件技术,专业人才培养方案,2019年电子信息类合订PDF包含多个软件技术方向但不是2025级,verified
SJZIEI-510207,510213,http://www.sjziei.edu.cn/__local/E/B8/7B/A3367E74B7BBF9E8BF6BEF9BA58_04A629C8_4E8F79.pdf?e=.pdf,wrong_year,教务处来源页发布时间和PDF元数据均为2019年且正文使用旧专业目录,移动应用开发,专业人才培养方案,2019年电子信息类合订PDF包含移动应用开发方案但不是2025级,verified
SJZIEI-510207,510212,http://www.sjziei.edu.cn/__local/E/B8/7B/A3367E74B7BBF9E8BF6BEF9BA58_04A629C8_4E8F79.pdf?e=.pdf,not_found_official_2025,教务处人培专栏最新公开条目发布于2019年且无2025级入口,未提供区块链技术应用2025级方案正文,学院主站与教务处官网精确检索,旧合订包不含该专业且不能替代2025级方案,verified
SJZIEI-510207,510219,http://www.sjziei.edu.cn/__local/E/B8/7B/A3367E74B7BBF9E8BF6BEF9BA58_04A629C8_4E8F79.pdf?e=.pdf,not_found_official_2025,教务处人培专栏无2025级入口且官网仅见2026级方案论证,未提供智能体技术应用2025级方案正文,学院主站与教务处官网精确检索,该专业在2026级专业群论证会中出现但未发现2025级公开原件,verified
HEJTVC-530802,530802,https://www.hebjtxy.cn/editor/pc/files/download?resid=cb1f1137316384017cb2e1e0ba97780e1a000136623cf64ea877b13ab6c2c7e5bafd67facd6a283d,eligible_official_2025,教务处官方记录发布于2025-09-25且汇编物理第3页封面明确2025级,现代物流管理（530802）,物流管理系2025级人才培养方案汇编,采用京东物流中国特色学徒制版本并按原汇编物理页3—47无损拆分,verified
HEJTVC-530802,530809,https://www.hebjtxy.cn/editor/pc/files/download?resid=cb1f1137316384017cb2e1e0ba97780e1a000136623cf64ea877b13ab6c2c7e5bafd67facd6a283d,eligible_official_2025,教务处官方记录发布于2025-09-25且汇编物理第259页封面明确2025级,智能物流技术（530809）,物流管理系2025级人才培养方案汇编,采用普通三年制版本并按原汇编物理页259—283无损拆分,verified
HEJTVC-530802,500208,https://www.hebjtxy.cn/editor/pc/files/download?resid=cb1f1137316384017cb2e1e0ba97780e1a000136623cf64ea877b13ab6c2c7e5bafd67facd6a283d,eligible_official_2025,教务处官方记录发布于2025-09-25且汇编物理第201页封面明确2025级,道路运输管理（500208）,物流管理系2025级人才培养方案汇编,按原汇编物理页201—225无损拆分,verified
HEJTVC-530802,530701,https://www.hebjtxy.cn/editor/pc/files/download?resid=cb1f1137316384017cb2e1e0ba97780e1a000136623cf64ea877b13ab6c2c7e5bafd67facd6a283d,eligible_official_2025,教务处官方记录发布于2025-09-25且汇编物理第133页封面明确2025级,电子商务（530701）,物流管理系2025级人才培养方案汇编,按原汇编物理页133—161无损拆分,verified
SJZPT-510103,510103,https://jiaowu.sjzpt.edu.cn/attachments/1/202512/23/2025%E4%BA%BA%E6%89%8D%E5%9F%B9%E5%85%BB%E6%96%B9%E6%A1%88PDF20251223170544326.rar?sid=4eddc165-83b1-48ab-a1a7-7a73269fd2b3,eligible_official_2025,教务处页面标题为2025级人才培养方案且电气与电子工程系汇编物理第327页封面明确2025级,应用电子技术（510103）,电气与电子工程系2025级专业人才培养方案汇编,按官方汇编物理页327—371复制；首页与前一专业末页同处一页并按原样保留,verified
SJZPT-510103,460306,https://jiaowu.sjzpt.edu.cn/attachments/1/202512/23/2025%E4%BA%BA%E6%89%8D%E5%9F%B9%E5%85%BB%E6%96%B9%E6%A1%88PDF20251223170544326.rar?sid=4eddc165-83b1-48ab-a1a7-7a73269fd2b3,eligible_official_2025,教务处页面标题为2025级人才培养方案且汇编物理第89页封面明确2025级,电气自动化技术（460306）,电气与电子工程系2025级专业人才培养方案汇编,采用普通三年制版本并按官方汇编物理页89—130复制；末页同时出现下一订单班封面且按原样保留,verified
SJZPT-510103,460305,https://jiaowu.sjzpt.edu.cn/attachments/1/202512/23/2025%E4%BA%BA%E6%89%8D%E5%9F%B9%E5%85%BB%E6%96%B9%E6%A1%88PDF20251223170544326.rar?sid=4eddc165-83b1-48ab-a1a7-7a73269fd2b3,eligible_official_2025,教务处页面标题为2025级人才培养方案且汇编物理第172页封面明确2025级,工业机器人技术（460305）,电气与电子工程系2025级专业人才培养方案汇编,按官方汇编物理页172—215复制,verified
SJZPT-510103,510401,https://jiaowu.sjzpt.edu.cn/attachments/1/202512/23/2025%E4%BA%BA%E6%89%8D%E5%9F%B9%E5%85%BB%E6%96%B9%E6%A1%88PDF20251223170544326.rar?sid=4eddc165-83b1-48ab-a1a7-7a73269fd2b3,eligible_official_2025,教务处页面标题为2025级人才培养方案且汇编物理第216页封面明确2025级,集成电路技术（现行目录代码510401）,电气与电子工程系2025级专业人才培养方案汇编,按官方汇编物理页216—256复制；校方封面编号误写14-510103-2025且末页同时出现下一专业封面，均按原样保留,verified
SJZPT-510103,440402,https://jiaowu.sjzpt.edu.cn/attachments/1/202512/23/2025%E4%BA%BA%E6%89%8D%E5%9F%B9%E5%85%BB%E6%96%B9%E6%A1%88PDF20251223170544326.rar?sid=4eddc165-83b1-48ab-a1a7-7a73269fd2b3,eligible_official_2025,教务处页面标题为2025级人才培养方案且汇编物理第284页封面明确2025级,建筑电气工程技术（440402）,电气与电子工程系2025级专业人才培养方案汇编,按官方汇编物理页284—326复制；末页同时出现下一专业封面且按原样保留,verified
HEBPU-270201,270201,https://hxgcx.hebpu.edu.cn/system/_content/download.jsp?urltype=news.DownloadAttachUrl&owner=1841468408&wbfileid=14598932,major_mismatch,附件页面发布于2024-06-15且未标注2025级或2025版,石油化工技术与应用化工技术（270201）不是同一专业,石油化工技术专业人才培养方案,官网精确检索2025级方案无结果；该非群内专业附件不能替代目标方案,verified
HEBPU-270201,270203,https://hxgcx.hebpu.edu.cn/system/_content/download.jsp?urltype=news.DownloadAttachUrl&owner=1841468408&wbfileid=14598932,major_mismatch,附件页面发布于2024-06-15且未标注2025级或2025版,石油化工技术与现代精细化工技术（270203）不是同一专业,石油化工技术专业人才培养方案,官网精确检索2025级方案无结果；该非群内专业附件不能替代目标方案,verified
HEBPU-270201,220801,https://hxgcx.hebpu.edu.cn/system/_content/download.jsp?urltype=news.DownloadAttachUrl&owner=1841468408&wbfileid=14598932,major_mismatch,附件页面发布于2024-06-15且未标注2025级或2025版,石油化工技术与生态环境工程技术（220801）不是同一专业,石油化工技术专业人才培养方案,官网精确检索2025级方案无结果；该非群内专业附件不能替代目标方案,verified
HEBPU-270201,270202,https://hxgcx.hebpu.edu.cn/system/_content/download.jsp?urltype=news.DownloadAttachUrl&owner=1841468408&wbfileid=14598932,major_mismatch,附件页面发布于2024-06-15且未标注2025级或2025版,石油化工技术与化工智能制造工程技术（270202）不是同一专业,石油化工技术专业人才培养方案,官网精确检索2025级方案无结果；该非群内专业附件不能替代目标方案,verified
JSJZI-440304,440304,https://jwc.jsviat.edu.cn/_upload/article/files/8d/63/989c420643d7853c33d3735e505a/6f24690e-2f99-44ca-9af5-8e76c33e2ae2.pdf,eligible_official_2025,官网栏目与PDF封面均明确为2025版且正文适用2025级,招生专业类别表明确列出智能建造技术（440304）,76页智能建造技术专业群人才培养方案,专业群一体化官方原件完整覆盖5个成员；文件SHA-256为12cc8e989391b6612e88a406ad032c74cf46938683a638438ac8551685e98170,verified
JSJZI-440304,440303,https://jwc.jsviat.edu.cn/_upload/article/files/8d/63/989c420643d7853c33d3735e505a/6f24690e-2f99-44ca-9af5-8e76c33e2ae2.pdf,eligible_official_2025,官网栏目与PDF封面均明确为2025版且正文适用2025级,招生专业类别表明确列出建筑钢结构工程技术（440303）,76页智能建造技术专业群人才培养方案,专业群一体化官方原件完整覆盖5个成员；文件SHA-256为12cc8e989391b6612e88a406ad032c74cf46938683a638438ac8551685e98170,verified
JSJZI-440304,440102,https://jwc.jsviat.edu.cn/_upload/article/files/8d/63/989c420643d7853c33d3735e505a/6f24690e-2f99-44ca-9af5-8e76c33e2ae2.pdf,eligible_official_2025,官网栏目与PDF封面均明确为2025版且正文适用2025级,招生专业类别表明确列出建筑装饰工程技术（440102）,76页智能建造技术专业群人才培养方案,专业群一体化官方原件完整覆盖5个成员；文件SHA-256为12cc8e989391b6612e88a406ad032c74cf46938683a638438ac8551685e98170,verified
JSJZI-440304,440404,https://jwc.jsviat.edu.cn/_upload/article/files/8d/63/989c420643d7853c33d3735e505a/6f24690e-2f99-44ca-9af5-8e76c33e2ae2.pdf,eligible_official_2025,官网栏目与PDF封面均明确为2025版且正文适用2025级,招生专业类别表明确列出建筑智能化工程技术（440404）,76页智能建造技术专业群人才培养方案,专业群一体化官方原件完整覆盖5个成员；文件SHA-256为12cc8e989391b6612e88a406ad032c74cf46938683a638438ac8551685e98170,verified
JSJZI-440304,440502,https://jwc.jsviat.edu.cn/_upload/article/files/8d/63/989c420643d7853c33d3735e505a/6f24690e-2f99-44ca-9af5-8e76c33e2ae2.pdf,eligible_official_2025,官网栏目与PDF封面均明确为2025版且正文适用2025级,招生专业类别表明确列出建设工程管理（440502）,76页智能建造技术专业群人才培养方案,专业群一体化官方原件完整覆盖5个成员；文件SHA-256为12cc8e989391b6612e88a406ad032c74cf46938683a638438ac8551685e98170,verified
CCIT-510207,510207,https://jwc.ccit.js.cn/system/_content/download.jsp?urltype=news.DownloadAttachUrl&owner=1602518400&wbfileid=5EE028A1B8C40A05350653A089766679,eligible_official_2025,教务处发布页及PDF专业群首页均明确为2025级,信息安全技术应用（510207）,全校2025级专业人才培养方案汇编,物理第96页起的信息安全技术应用专业群方案明确列出本专业；646页官方原件完整保留；SHA-256为9fc02704a8b1bc6b10b38fdb071fc43a4484089d88a60439524cc392ba2e2708,verified
CCIT-510207,510216,https://jwc.ccit.js.cn/system/_content/download.jsp?urltype=news.DownloadAttachUrl&owner=1602518400&wbfileid=5EE028A1B8C40A05350653A089766679,eligible_official_2025,教务处发布页及PDF专业群首页均明确为2025级,密码技术应用（510216）,全校2025级专业人才培养方案汇编,物理第96页起的信息安全技术应用专业群方案明确列出本专业；646页官方原件完整保留；SHA-256为9fc02704a8b1bc6b10b38fdb071fc43a4484089d88a60439524cc392ba2e2708,verified
CCIT-510207,510212,https://jwc.ccit.js.cn/system/_content/download.jsp?urltype=news.DownloadAttachUrl&owner=1602518400&wbfileid=5EE028A1B8C40A05350653A089766679,eligible_official_2025,教务处发布页及PDF专业群首页均明确为2025级,区块链技术应用（510212）,全校2025级专业人才培养方案汇编,物理第9页起的软件技术专业群方案明确列出本专业；646页官方原件完整保留；SHA-256为9fc02704a8b1bc6b10b38fdb071fc43a4484089d88a60439524cc392ba2e2708,verified
CCIT-510207,510202,https://jwc.ccit.js.cn/system/_content/download.jsp?urltype=news.DownloadAttachUrl&owner=1602518400&wbfileid=5EE028A1B8C40A05350653A089766679,eligible_official_2025,教务处发布页及PDF专业群首页均明确为2025级,计算机网络技术（510202）,全校2025级专业人才培养方案汇编,物理第96页起的信息安全技术应用专业群方案明确列出本专业；646页官方原件完整保留；SHA-256为9fc02704a8b1bc6b10b38fdb071fc43a4484089d88a60439524cc392ba2e2708,verified
CCIT-510207,510206,https://jwc.ccit.js.cn/system/_content/download.jsp?urltype=news.DownloadAttachUrl&owner=1602518400&wbfileid=5EE028A1B8C40A05350653A089766679,eligible_official_2025,教务处发布页及PDF专业群首页均明确为2025级,云计算技术应用（510206）,全校2025级专业人才培养方案汇编,物理第9页起的软件技术专业群方案明确列出本专业；646页官方原件完整保留；SHA-256为9fc02704a8b1bc6b10b38fdb071fc43a4484089d88a60439524cc392ba2e2708,verified
CCIT-510211,510211,https://jwc.ccit.js.cn/system/_content/download.jsp?urltype=news.DownloadAttachUrl&owner=1602518400&wbfileid=5EE028A1B8C40A05350653A089766679,eligible_official_2025,教务处发布页及PDF专业群首页均明确为2025级,工业互联网技术（510211）,全校2025级专业人才培养方案汇编,物理第96页起的信息安全技术应用专业群方案明确列出本专业；646页官方原件完整保留；SHA-256为9fc02704a8b1bc6b10b38fdb071fc43a4484089d88a60439524cc392ba2e2708,verified
CCIT-510211,510203,https://jwc.ccit.js.cn/system/_content/download.jsp?urltype=news.DownloadAttachUrl&owner=1602518400&wbfileid=5EE028A1B8C40A05350653A089766679,eligible_official_2025,教务处发布页及PDF专业群首页均明确为2025级,软件技术（510203）,全校2025级专业人才培养方案汇编,物理第9页起的软件技术专业群方案明确列出本专业；646页官方原件完整保留；SHA-256为9fc02704a8b1bc6b10b38fdb071fc43a4484089d88a60439524cc392ba2e2708,verified
CCIT-510211,460306,https://jwc.ccit.js.cn/system/_content/download.jsp?urltype=news.DownloadAttachUrl&owner=1602518400&wbfileid=5EE028A1B8C40A05350653A089766679,eligible_official_2025,教务处发布页及PDF专业群首页均明确为2025级,电气自动化技术（460306）,全校2025级专业人才培养方案汇编,物理第443页起的电气自动化技术专业群方案明确列出本专业；646页官方原件完整保留；SHA-256为9fc02704a8b1bc6b10b38fdb071fc43a4484089d88a60439524cc392ba2e2708,verified
CCIT-510211,460310,https://jwc.ccit.js.cn/system/_content/download.jsp?urltype=news.DownloadAttachUrl&owner=1602518400&wbfileid=5EE028A1B8C40A05350653A089766679,eligible_official_2025,教务处发布页及PDF专业方案首页均明确为2025级,工业互联网应用（460310）,全校2025级专业人才培养方案汇编,物理第553页起为本专业2025级完整方案；646页官方原件完整保留；SHA-256为9fc02704a8b1bc6b10b38fdb071fc43a4484089d88a60439524cc392ba2e2708,verified
CCIT-510211,510205,https://jwc.ccit.js.cn/system/_content/download.jsp?urltype=news.DownloadAttachUrl&owner=1602518400&wbfileid=5EE028A1B8C40A05350653A089766679,eligible_official_2025,教务处发布页及PDF专业群首页均明确为2025级,大数据技术（510205）,全校2025级专业人才培养方案汇编,物理第9页起的软件技术专业群方案明确列出本专业；646页官方原件完整保留；SHA-256为9fc02704a8b1bc6b10b38fdb071fc43a4484089d88a60439524cc392ba2e2708,verified
NJCIT-510301,510301,https://xxgk.njcit.cn/_upload/article/files/69/b8/100dc0724bb59ffd91288d1e137c/7491cbb5-566f-4ef7-bb42-99674e23ef52.pdf,eligible_official_2025,官网详情页标题明确为2025现代通信技术人才培养方案且发布于2025-10-24,PDF首页明确专业名称现代通信技术及代码510301,14页三年制专业人才培养方案且由学校党委会审核,文件SHA-256为f394494c651b40e6253b5def06d0583f1401820ade6469dc0ba75ab121d1a1bb,verified
NJCIT-510301,510102,https://xxgk.njcit.cn/_upload/article/files/da/fa/95bb18d445f3b712ed80a3525326/6702ea01-9559-4ccc-8f19-0c0306e25c5c.pdf,eligible_official_2025,官网详情页标题明确为2025物联网应用技术人才培养方案且发布于2025-10-24,PDF首页明确专业名称物联网应用技术及代码510102,15页三年制专业人才培养方案且由学校党委会审核,文件SHA-256为2c9f8f9e095d5ad201e98e4e1b72797f49fdbac87013f2b779293f01408eb70e,verified
NJCIT-510301,510206,https://xxgk.njcit.cn/_upload/article/files/c7/3d/c6e68c874b9a8ca5a03700eba6a5/b3cfb0c1-39ef-45fc-b1ce-eb0e95325a1b.pdf,eligible_official_2025,官网详情页标题明确为2025云计算技术应用人才培养方案且发布于2025-10-24,PDF首页明确专业名称云计算技术应用及代码510206,14页三年制专业人才培养方案且由学校党委会审核,文件SHA-256为17e8945c808f99d2191a29d5a9d5f9a95a6661aa789a54a76038e4763864c691,verified
NJCIT-510301,510309,https://xxgk.njcit.cn/_upload/article/files/de/50/d87b84d84ce7a818cb05074f414b/192e000c-97f0-4e72-9d9e-504bfc15132c.pdf,eligible_official_2025,官网详情页标题明确为2025电信服务与管理人才培养方案且发布于2025-10-24,PDF首页明确专业名称电信服务与管理及代码510309,15页三年制专业人才培养方案且由学校党委会审核,文件SHA-256为819fc51293baf3885dea16c2da2f542d1f7c0238006b5188a22aa8769c8ec48f,verified
NJCIT-510301,510302,https://xxgk.njcit.cn/_upload/article/files/69/b8/100dc0724bb59ffd91288d1e137c/7491cbb5-566f-4ef7-bb42-99674e23ef52.pdf,not_found_official_2025,信息公开网人才培养方案栏目15页均已人工核验且未发现现代移动通信技术2025级原件,现代通信技术与现代移动通信技术为不同专业且目标现行代码为510302,该附件仅为现代通信技术510301方案不能替代目标专业,网络与通信学院当前专业目录也未单列现代移动通信技术；本批按未公开2025级原件收口,verified
XZCIT-460104,460104,https://jwc.xzcit.cn/_upload/article/files/ba/dc/3a552bf7448695477f8a1d210e5e/24daf0ee-c672-46e7-8037-eae4652971a8.pdf,wrong_year,PDF封面及修订记录明确为2022版,机械制造及自动化（460104）,完整专业人才培养方案,仅作为旧年份存在证据；官网当前未公开2025级原件且不写入2025级成果目录,verified
XZCIT-460104,460301,https://jwc.xzcit.cn/_upload/article/files/ba/dc/3a552bf7448695477f8a1d210e5e/c84e403e-cf32-468d-9dd1-ee813ae94d37.pdf,wrong_year,PDF封面及修订记录明确为2022版,机电一体化技术（460301）,完整专业人才培养方案,仅作为旧年份存在证据；官网当前未公开2025级原件且不写入2025级成果目录,verified
XZCIT-460104,460305,https://jwc.xzcit.cn/_upload/article/files/46/8d/651980964e1d804355e0e7f4c241/a9fbfef1-f9af-40fb-a93a-cbf817fc77fb.pdf,wrong_year,PDF封面及修订记录明确为2023版,工业机器人技术（460305）,完整专业人才培养方案,仅作为旧年份存在证据；官网当前未公开2025级原件且不写入2025级成果目录,verified
XZCIT-460104,460101,https://jwc.xzcit.cn/_upload/article/files/ba/dc/3a552bf7448695477f8a1d210e5e/1d44bf87-6956-4ed8-95dc-404ecc9c0830.pdf,wrong_year,PDF封面及修订记录明确为2022版,机械设计与制造（460101）,完整专业人才培养方案,仅作为旧年份存在证据；官网当前未公开2025级原件且不写入2025级成果目录,verified
XZCIT-460104,460201,https://jwc.xzcit.cn/_upload/article/files/ba/dc/3a552bf7448695477f8a1d210e5e/036de3a2-26ae-46b5-8a54-13b7ea95d125.pdf,wrong_year,PDF封面及修订记录明确为2022版,智能制造装备技术（460201）,完整专业人才培养方案,仅作为旧年份存在证据；官网当前未公开2025级原件且不写入2025级成果目录,verified
JMI-460501,460501,https://jw.jmi.edu.cn/a7/6b/c2120a108395/page.htm,access_blocked,教务处下载栏目标题为江苏海事职业技术学院2025版人才培养方案且发布日期为2025-12-30,官方专业群成员表核验船舶工程技术（460501）,官方2025版人才培养方案集合入口,详情页跳转学校CAS并指向127.0.0.1登录服务；不绕过身份认证且当前无法取得公开附件,verified
JMI-460501,460502,https://jw.jmi.edu.cn/a7/6b/c2120a108395/page.htm,access_blocked,教务处下载栏目标题为江苏海事职业技术学院2025版人才培养方案且发布日期为2025-12-30,官方专业群成员表核验船舶动力工程技术（460502）,官方2025版人才培养方案集合入口,详情页跳转学校CAS并指向127.0.0.1登录服务；不绕过身份认证且当前无法取得公开附件,verified
JMI-460501,460510,https://jw.jmi.edu.cn/a7/6b/c2120a108395/page.htm,access_blocked,教务处下载栏目标题为江苏海事职业技术学院2025版人才培养方案且发布日期为2025-12-30,官方专业群成员表核验海洋工程装备技术（460510）,官方2025版人才培养方案集合入口,详情页跳转学校CAS并指向127.0.0.1登录服务；不绕过身份认证且当前无法取得公开附件,verified
JMI-460501,460104,https://jw.jmi.edu.cn/a7/6b/c2120a108395/page.htm,access_blocked,教务处下载栏目标题为江苏海事职业技术学院2025版人才培养方案且发布日期为2025-12-30,官方专业群成员表核验机械制造及自动化（460104）,官方2025版人才培养方案集合入口,详情页跳转学校CAS并指向127.0.0.1登录服务；不绕过身份认证且当前无法取得公开附件,verified
JMI-460501,460110,https://jw.jmi.edu.cn/a7/6b/c2120a108395/page.htm,access_blocked,教务处下载栏目标题为江苏海事职业技术学院2025版人才培养方案且发布日期为2025-12-30,官方专业群成员表核验智能焊接技术（460110）,官方2025版人才培养方案集合入口,详情页跳转学校CAS并指向127.0.0.1登录服务；不绕过身份认证且当前无法取得公开附件,verified
JMI-460501,500309,https://jw.jmi.edu.cn/a7/6b/c2120a108395/page.htm,access_blocked,教务处下载栏目标题为江苏海事职业技术学院2025版人才培养方案且发布日期为2025-12-30,官方专业群成员表核验船舶检验（500309）,官方2025版人才培养方案集合入口,详情页跳转学校CAS并指向127.0.0.1登录服务；不绕过身份认证且当前无法取得公开附件,verified
JMI-460501,420301,https://jw.jmi.edu.cn/a7/6b/c2120a108395/page.htm,access_blocked,教务处下载栏目标题为江苏海事职业技术学院2025版人才培养方案且发布日期为2025-12-30,官方专业群成员表核验工程测量技术（420301）,官方2025版人才培养方案集合入口,详情页跳转学校CAS并指向127.0.0.1登录服务；不绕过身份认证且当前无法取得公开附件,verified
NJRTS-500112,500112,https://xxgk.njrts.edu.cn/system/_content/download.jsp?urltype=news.DownloadAttachUrl&owner=1595356883&wbfileid=14961480,access_blocked,信息公开页标题明确为南京铁道职业技术学院2025级人才培养方案且发布于2025-12-26,铁道交通运营管理专业群牵头专业铁道交通运营管理（500112）,学校2025级人才培养方案ZIP合集,附件端点要求图形验证码；直接请求返回3805字节HTML而非ZIP；未绕过验证码且未将验证页冒充附件,verified
NJRTS-500112,500110,https://xxgk.njrts.edu.cn/system/_content/download.jsp?urltype=news.DownloadAttachUrl&owner=1595356883&wbfileid=14961480,access_blocked,信息公开页标题明确为南京铁道职业技术学院2025级人才培养方案且发布于2025-12-26,铁道运输学院现行专业铁道信号自动控制（500110）；第二期成员关系待任务书增量复核,学校2025级人才培养方案ZIP合集,附件端点要求图形验证码；直接请求返回3805字节HTML而非ZIP；未绕过验证码且未将验证页冒充附件,verified
NJRTS-500112,460404,https://xxgk.njrts.edu.cn/system/_content/download.jsp?urltype=news.DownloadAttachUrl&owner=1595356883&wbfileid=14961480,access_blocked,信息公开页标题明确为南京铁道职业技术学院2025级人才培养方案且发布于2025-12-26,铁道运输学院现行专业轨道交通通信信号设备制造与维护（460404）；第二期成员关系待任务书增量复核,学校2025级人才培养方案ZIP合集,附件端点要求图形验证码；直接请求返回3805字节HTML而非ZIP；未绕过验证码且未将验证页冒充附件,verified
NJRTS-500112,500102,https://xxgk.njrts.edu.cn/system/_content/download.jsp?urltype=news.DownloadAttachUrl&owner=1595356883&wbfileid=14961480,access_blocked,信息公开页标题明确为南京铁道职业技术学院2025级人才培养方案且发布于2025-12-26,铁道运输学院现行专业高速铁路施工与维护（500102）；第二期成员关系待任务书增量复核,学校2025级人才培养方案ZIP合集,附件端点要求图形验证码；直接请求返回3805字节HTML而非ZIP；未绕过验证码且未将验证页冒充附件,verified
NJRTS-500112,500109,https://xxgk.njrts.edu.cn/system/_content/download.jsp?urltype=news.DownloadAttachUrl&owner=1595356883&wbfileid=14961480,access_blocked,信息公开页标题明确为南京铁道职业技术学院2025级人才培养方案且发布于2025-12-26,铁道运输学院现行专业高速铁路综合维修技术（500109）；第二期成员关系待任务书增量复核,学校2025级人才培养方案ZIP合集,附件端点要求图形验证码；直接请求返回3805字节HTML而非ZIP；未绕过验证码且未将验证页冒充附件,verified
NJRTS-500112,500101,https://xxgk.njrts.edu.cn/system/_content/download.jsp?urltype=news.DownloadAttachUrl&owner=1595356883&wbfileid=14961480,access_blocked,信息公开页标题明确为南京铁道职业技术学院2025级人才培养方案且发布于2025-12-26,铁道运输学院现行专业铁道工程技术（500101）；第二期成员关系待任务书增量复核,学校2025级人才培养方案ZIP合集,附件端点要求图形验证码；直接请求返回3805字节HTML而非ZIP；未绕过验证码且未将验证页冒充附件,verified
NJRTS-500112,500107,https://xxgk.njrts.edu.cn/system/_content/download.jsp?urltype=news.DownloadAttachUrl&owner=1595356883&wbfileid=14961480,access_blocked,信息公开页标题明确为南京铁道职业技术学院2025级人才培养方案且发布于2025-12-26,铁道运输学院现行专业铁道供电技术（500107）；第二期成员关系待任务书增量复核,学校2025级人才培养方案ZIP合集,附件端点要求图形验证码；直接请求返回3805字节HTML而非ZIP；未绕过验证码且未将验证页冒充附件,verified
NJRTS-500604,500604,https://xxgk.njrts.edu.cn/system/_content/download.jsp?urltype=news.DownloadAttachUrl&owner=1595356883&wbfileid=14961480,access_blocked,信息公开页标题明确为南京铁道职业技术学院2025级人才培养方案且发布于2025-12-26,官网明确城市轨道交通通信信号技术（500604）为国家双高专业群核心专业,学校2025级人才培养方案ZIP合集,附件端点要求图形验证码；直接请求返回3805字节HTML而非ZIP；未绕过验证码且未将验证页冒充附件,verified
NJRTS-500604,500606,https://xxgk.njrts.edu.cn/system/_content/download.jsp?urltype=news.DownloadAttachUrl&owner=1595356883&wbfileid=14961480,access_blocked,信息公开页标题明确为南京铁道职业技术学院2025级人才培养方案且发布于2025-12-26,官网明确城市轨道交通运营管理（500606）为国家双高专业群核心专业,学校2025级人才培养方案ZIP合集,附件端点要求图形验证码；直接请求返回3805字节HTML而非ZIP；未绕过验证码且未将验证页冒充附件,verified
NJRTS-500604,500605,https://xxgk.njrts.edu.cn/system/_content/download.jsp?urltype=news.DownloadAttachUrl&owner=1595356883&wbfileid=14961480,access_blocked,信息公开页标题明确为南京铁道职业技术学院2025级人才培养方案且发布于2025-12-26,官网明确城市轨道交通供配电技术（500605）为国家双高专业群核心专业,学校2025级人才培养方案ZIP合集,附件端点要求图形验证码；直接请求返回3805字节HTML而非ZIP；未绕过验证码且未将验证页冒充附件,verified
NJRTS-500604,500601,https://xxgk.njrts.edu.cn/system/_content/download.jsp?urltype=news.DownloadAttachUrl&owner=1595356883&wbfileid=14961480,access_blocked,信息公开页标题明确为南京铁道职业技术学院2025级人才培养方案且发布于2025-12-26,官网明确城市轨道交通工程技术（500601）为国家双高专业群核心专业,学校2025级人才培养方案ZIP合集,附件端点要求图形验证码；直接请求返回3805字节HTML而非ZIP；未绕过验证码且未将验证页冒充附件,verified
JVIC-530802,530802,https://www.jssjw.gov.cn/art/2025/11/11/art_1951_111925.html,not_found_official_2025,学校已完成2025级37个专业64套人才培养方案但公开检索仅定位到非目标专业的2025级方案汇编,官网现行专业页明确现代物流管理为国家双高计划现代物流管理专业群核心专业,学校主站、教务处、信息公开网、现代物流学院及官网附件索引,旧版现代物流管理方案和非目标专业2025级方案均不能替代目标普通三年制2025级原件,verified
JVIC-530802,530810,https://www.jssjw.gov.cn/art/2025/11/11/art_1951_111925.html,not_found_official_2025,学校2025招生专业表未列供应链运营且公开检索未发现该专业2025级完整方案,官网现行专业页明确供应链运营为国家双高计划现代物流管理专业群重要支撑专业,学校主站、教务处、信息公开网、现代物流学院及官网附件索引,教育部核准专业代码530810；不以旧年份或其他学校同名方案替代,verified
JVIC-530802,510102,https://www.jssjw.gov.cn/art/2025/11/11/art_1951_111925.html,not_found_official_2025,学校已完成2025级37个专业64套人才培养方案但公开检索仅定位到非目标专业的2025级方案汇编,官网现行专业页明确物联网应用技术入选2025至2029现代物流管理高水平专业群核心专业,学校主站、教务处、信息公开网、现代物流学院及官网附件索引,2025招生专业表确认该专业招生；未发现普通三年制2025级完整原件,verified
JSIT-510402,510401,https://www.jsit.edu.cn/__local/C/EE/F4/DD5832D6353B1811E38A4F60F40_C5C0E7D0_1F8DA3.pdf,eligible_official_2025,PDF封面和目录明确为微电子学院2025级专业人才培养方案,目录及物理第18页明确集成电路技术专业代码510401,学校教务处官网公开的100页完整合订本,保留学校原始合订本；普通三年制方案位于物理第18至31页；不以同包3+2微电子技术项目替代,verified
JSIT-510402,510402,https://www.jsit.edu.cn/__local/C/EE/F4/DD5832D6353B1811E38A4F60F40_C5C0E7D0_1F8DA3.pdf,eligible_official_2025,PDF封面和目录明确为微电子学院2025级专业人才培养方案,目录及物理第32页明确微电子技术专业代码510402,学校教务处官网公开的100页完整合订本,保留学校原始合订本；普通三年制方案位于物理第32至49页；同包第79页起另为3+2项目但不影响普通版核验,verified
JSIT-510402,510103,https://www.jsit.edu.cn/__local/C/EE/F4/DD5832D6353B1811E38A4F60F40_C5C0E7D0_1F8DA3.pdf,eligible_official_2025,PDF封面和目录明确为微电子学院2025级专业人才培养方案,目录及物理第50页明确应用电子技术专业代码510103,学校教务处官网公开的100页完整合订本,保留学校原始合订本；普通三年制方案位于物理第50至64页,verified
JSIT-510402,510101,https://www.jsit.edu.cn/__local/C/EE/F4/DD5832D6353B1811E38A4F60F40_C5C0E7D0_1F8DA3.pdf,eligible_official_2025,PDF封面和目录明确为微电子学院2025级专业人才培养方案,目录及物理第3页明确电子信息工程技术专业代码510101,学校教务处官网公开的100页完整合订本,保留学校原始合订本；普通三年制方案位于物理第3至17页,verified
JSIT-510402,510108,https://www.jsit.edu.cn/__local/C/EE/F4/DD5832D6353B1811E38A4F60F40_C5C0E7D0_1F8DA3.pdf,eligible_official_2025,PDF封面和目录明确为微电子学院2025级专业人才培养方案,目录及物理第65页明确智能产品开发与应用专业代码510108,学校教务处官网公开的100页完整合订本,保留学校原始合订本；普通三年制方案位于物理第65至78页,verified
JSFPC-490101,490101,https://jw.jsfpc.edu.cn/_upload/article/files/0c/9f/ef026153497486283e5b3bed1134/03637d10-ca1d-489b-a69d-8e4cf4077bb9.pdf,eligible_official_2025,合订本封面明确为食品学院2025级人才培养方案且本专业编制说明写明自2025级执行,物理第5页专业封面及第7页基本信息明确食品智能加工技术专业代码490101,学校教务处官网公开的387页完整合订本,保留学校原始合订本；本专业普通三年制方案位于物理第5至61页,verified
JSFPC-490101,490103,https://jw.jsfpc.edu.cn/_upload/article/files/0c/9f/ef026153497486283e5b3bed1134/03637d10-ca1d-489b-a69d-8e4cf4077bb9.pdf,eligible_official_2025,合订本封面明确为食品学院2025级人才培养方案且本专业编制说明写明自2025级执行,物理第62页专业封面及第64页基本信息明确食品营养与健康专业代码490103,学校教务处官网公开的387页完整合订本,保留学校原始合订本；本专业普通三年制方案位于物理第62至124页,verified
JSFPC-490101,490209,https://jw.jsfpc.edu.cn/_upload/article/files/0c/9f/ef026153497486283e5b3bed1134/03637d10-ca1d-489b-a69d-8e4cf4077bb9.pdf,eligible_official_2025,合订本封面明确为食品学院2025级人才培养方案且本专业编制说明写明自2025级执行,物理第125页专业封面及第127页基本信息明确食品药品监督管理专业代码490209,学校教务处官网公开的387页完整合订本,保留学校原始合订本；本专业普通三年制方案位于物理第125至194页,verified
JSFPC-490101,490104,https://jw.jsfpc.edu.cn/_upload/article/files/0c/9f/ef026153497486283e5b3bed1134/03637d10-ca1d-489b-a69d-8e4cf4077bb9.pdf,eligible_official_2025,合订本封面明确为食品学院2025级人才培养方案且本专业编制说明写明自2025级执行,物理第195页专业封面及第197页基本信息明确食品检验检测技术专业代码490104,学校教务处官网公开的387页完整合订本,保留学校原始合订本；本专业普通三年制方案位于物理第195至253页,verified
JSFPC-490101,490102,https://jw.jsfpc.edu.cn/_upload/article/files/0c/9f/ef026153497486283e5b3bed1134/03637d10-ca1d-489b-a69d-8e4cf4077bb9.pdf,eligible_official_2025,合订本封面明确为食品学院2025级人才培养方案且本专业编制说明写明自2025级执行,物理第254页专业封面及第256页基本信息明确食品质量与安全专业代码490102,学校教务处官网公开的387页完整合订本,普通三年制方案位于物理第254至317页；第318至387页为同专业3+2版本且不另计成员；保留完整原件,verified
YPI-470204,470204,https://hgxy.ypi.edu.cn/zygk/list.htm,not_found_official_2025,化学工程学院专业概况栏目截至核验时最新公开培养方案为2024级且官网精确检索未见2025级原件,未提供石油化工技术2025级方案正文,官方专业概况与培养方案公开索引,旧版方案和专业群建设新闻不能替代2025级方案；按未公开原件收口,verified
YPI-470204,470201,https://hgxy.ypi.edu.cn/zygk/list.htm,not_found_official_2025,化学工程学院专业概况栏目截至核验时最新公开培养方案为2024级且官网精确检索未见2025级原件,未提供应用化工技术2025级方案正文,官方专业概况与培养方案公开索引,旧版方案和专业群建设新闻不能替代2025级方案；按未公开原件收口,verified
YPI-470204,430603,https://hgxy.ypi.edu.cn/zygk/list.htm,not_found_official_2025,复合材料智能制造技术于2025年成为新增专业但专业概况页与教务处公开栏目均未附2025级培养方案原件,专业页确认430603复合材料智能制造技术为石油化工技术专业群重点建设专业但未提供方案正文,官方专业概况与培养方案公开索引,专业介绍不能替代2025级人才培养方案；按未公开原件收口,verified
YPI-470204,470208,https://hgxy.ypi.edu.cn/zygk/list.htm,not_found_official_2025,化学工程学院专业概况栏目截至核验时最新公开培养方案为2024级且官网精确检索未见2025级原件,未提供分析检验技术2025级方案正文,官方专业概况与培养方案公开索引,旧版方案和专业群建设新闻不能替代2025级方案；按未公开原件收口,verified
YPI-470204,420801,https://hgxy.ypi.edu.cn/zygk/list.htm,not_found_official_2025,化学工程学院专业概况栏目截至核验时最新公开培养方案为2024级且官网精确检索未见2025级原件,未提供环境监测技术2025级方案正文,官方专业概况与培养方案公开索引,旧版方案和专业群建设新闻不能替代2025级方案；按未公开原件收口,verified
SGMART-550103,550103,https://xxgk.sgmart.edu.cn/info/1072/2658.htm,access_blocked,信息公开网人才培养方案栏目明确列出数字媒体艺术设计专业2025级人才培养方案且发布日期为2025-10-13,数字媒体艺术设计；专业代码550103由学校2025年招生简章核验,人才培养方案PDF附件,公开目录和详情地址已定位；详情页及附件端当前持续返回502或超时，未将错误页冒充PDF，待站点恢复后增量下载,verified
SIIT-510401,510401,https://jwc.siit.edu.cn/rcpyfa/list.htm,access_blocked,学校2024—2025学年信息公开报告明确已在二级学院网站发布2025级各专业人才培养方案（含教学进程表）,集成电路技术；专业代码510401由学校2026年招生专业表核验,学校教务处人才培养方案公开栏目,教务处栏目及同栏目已索引的2025级方案详情页当前均返回502，无法定位并取得本专业原件；未把错误页或其他学院方案冒充目标文件，待站点恢复后增量下载,verified
SIIT-510401,510102,https://jwc.siit.edu.cn/rcpyfa/list.htm,access_blocked,学校2024—2025学年信息公开报告明确已在二级学院网站发布2025级各专业人才培养方案（含教学进程表）,物联网应用技术；专业代码510102由学校2026年招生专业表核验,学校教务处人才培养方案公开栏目,教务处栏目及同栏目已索引的2025级方案详情页当前均返回502，无法定位并取得本专业原件；未把错误页或其他学院方案冒充目标文件，待站点恢复后增量下载,verified
SIIT-510401,510301,https://jwc.siit.edu.cn/rcpyfa/list.htm,access_blocked,学校2024—2025学年信息公开报告明确已在二级学院网站发布2025级各专业人才培养方案（含教学进程表）,现代通信技术；专业代码510301由学校2026年招生专业表核验,学校教务处人才培养方案公开栏目,教务处栏目及同栏目已索引的2025级方案详情页当前均返回502，无法定位并取得本专业原件；未把错误页或其他学院方案冒充目标文件，待站点恢复后增量下载,verified
TRZY-490201,490201,https://jxgzb.trzy.edu.cn/info/1037/1125.htm,access_blocked,教学工作部官网于2025-09-01发布2025级专业人才培养方案入口,学校2025年度质量报告物理第129页列明药品生产技术为该群核心专业且物理第25页列出代码490201,教学工作部官方发布页链接至人才培养方案公示平台并可见本专业方案标题,方案正文仅由校外csgmooc.com平台提供且公开接口返回登录过期；按仅收学校或教育主管部门官网文件规则不下载校外平台文件，待学校提供官方域名附件或开放访问后增量补录,verified
TRZY-490201,520301,https://jxgzb.trzy.edu.cn/info/1037/1125.htm,access_blocked,教学工作部官网于2025-09-01发布2025级专业人才培养方案入口,学校2025年度质量报告物理第129页列明药学为该群核心专业且物理第25页列出代码520301,教学工作部官方发布页链接至人才培养方案公示平台并可见本专业方案标题,方案正文仅由校外csgmooc.com平台提供且公开接口返回登录过期；按仅收学校或教育主管部门官网文件规则不下载校外平台文件，待学校提供官方域名附件或开放访问后增量补录,verified
TRZY-490201,520410,https://jxgzb.trzy.edu.cn/info/1037/1125.htm,access_blocked,教学工作部官网于2025-09-01发布2025级专业人才培养方案入口,学校2025年度质量报告物理第129页列明中药学为该群核心专业且物理第25页列出高职代码520410,教学工作部官方发布页链接至人才培养方案公示平台并可见本专业方案标题,方案正文仅由校外csgmooc.com平台提供且公开接口返回登录过期；未把同页本科中药学方案或校外平台文件冒充高职原件，待学校提供官方域名附件或开放访问后增量补录,verified
GXCVTC-440601,440601,https://www.gxjsxy.cn/__local/4/82/8D/7EE88F2C14EF833DB60E091E673_5F1127D9_3AA1FC.pdf,wrong_year,PDF首页及正文明确为2024版,市政工程技术；专业代码440601,学校官网公开人才培养方案PDF,官网精确检索未见2025级原件；旧版仅作代码与年份核验，不纳入2025级文件库,verified
GXCVTC-440601,500201,https://www.gxjsxy.cn/__local/0/92/62/B3CC9447BB733FCA345EBA6F5B0_FEAEEB51_27182B.pdf,wrong_year,PDF封面明确为2022级,道路与桥梁工程技术；专业代码500201,学校官网公开人才培养方案PDF,官网精确检索未见2025级原件；旧版仅作代码与年份核验，不纳入2025级文件库,verified
GXCVTC-440601,500205,https://www.gxjsxy.cn/__local/9/5D/8C/54B0A224032A5CEB2667C1445CD_59FABBC8_3233A8.pdf,wrong_year,PDF首页及正文明确为2024版,道路工程造价；专业代码500205,学校官网公开人才培养方案PDF,官网精确检索未见2025级原件；旧版仅作代码与年份核验，不纳入2025级文件库,verified
GXCVTC-440601,440306,https://www.gxjsxy.cn/__local/3/E0/C3/041C774FE83522E59F50F2C6F19_6DBDC1BA_43850E.pdf,year_ambiguous,PDF未标明适用年级且正文仅出现2021至2022年的资源建设记录,土木工程检测技术；专业代码440306,学校官网公开人才培养方案PDF,无法证明为2025级且官网精确检索未见2025级原件；按年份不明拒收，不依据PDF生成时间推定适用年级,verified
GXCVTC-440601,440201,https://www.gxjsxy.cn/__local/3/24/09/9400962E2C0AE43FFF8706F3F22_6076E4BC_3DFDC7.pdf,wrong_year,PDF首页及正文明确为2024版,城乡规划；专业代码440201,学校官网公开人才培养方案PDF,官网精确检索未见2025级原件；旧版仅作代码与年份核验，不纳入2025级文件库,verified
JSSC-460501,460501,https://www.jssc.edu.cn/_upload/article/files/fd/64/8119d08d4f708923f07dfccdfa0a/fb79923b-69e7-4088-b329-1e4108603f0f.pdf,eligible_official_2025,合订本封面及批准页明确为船舶与海洋工程学院2025级专业人才培养方案,物理第5页明确船舶工程技术专业代码460501,学校教务处官网公开的188页完整合订本,保留学校原始合订本；普通三年制方案位于物理第5至21页,verified
JSSC-460501,460510,https://www.jssc.edu.cn/_upload/article/files/fd/64/8119d08d4f708923f07dfccdfa0a/fb79923b-69e7-4088-b329-1e4108603f0f.pdf,eligible_official_2025,合订本封面及批准页明确为船舶与海洋工程学院2025级专业人才培养方案,物理第54页明确海洋工程装备技术专业代码460510,学校教务处官网公开的188页完整合订本,保留学校原始合订本；普通三年制方案位于物理第54至68页,verified
JSSC-460501,460110,https://www.jssc.edu.cn/_upload/article/files/fd/64/8119d08d4f708923f07dfccdfa0a/fb79923b-69e7-4088-b329-1e4108603f0f.pdf,wrong_document_type,合订本封面明确为2025级且目录仅列智能焊接技术3+2与3+3两种版本,物理第69页和第85页均明确智能焊接技术专业代码460110,学校教务处官网公开的188页完整合订本,未发现普通三年制方案；不把与普通招生类型不同的3+2或3+3贯通培养方案冒充目标原件,verified
JSSC-460501,460502,https://www.jssc.edu.cn/_upload/article/files/26/99/a911ee564f169069cda1fa793253/7896f949-2ecf-478c-8d7d-8b6575a19325.pdf,eligible_official_2025,合订本封面及批准页明确为轮机工程学院2025级专业人才培养方案,物理第59页明确船舶动力工程技术专业代码460502,学校教务处官网公开的76页完整合订本,保留学校原始合订本；普通三年制方案位于物理第59至76页,verified
JSSC-460501,500308,https://www.jssc.edu.cn/_upload/article/files/26/99/a911ee564f169069cda1fa793253/7896f949-2ecf-478c-8d7d-8b6575a19325.pdf,eligible_official_2025,合订本封面及批准页明确为轮机工程学院2025级专业人才培养方案,物理第41页明确船舶电子电气技术专业代码500308,学校教务处官网公开的76页完整合订本,保留学校原始合订本；普通三年制方案位于物理第41至58页,verified
JHCU-520201,520201,https://jww.jhc.cn/2025/0623/c3739a181927/page.htm,not_found_official_2025,学校官网精确检索未发现护理专业2025级原件,护理；专业代码520201,教务处官网仅检索到通用人才培养方案入口且当前页面显示维护暂停服务,未发现可公开下载并能核验年级及专业的官方原件；后续入口恢复后增量复核,verified
JHCU-520201,520101K,https://jww.jhc.cn/2025/0623/c3739a181927/page.htm,not_found_official_2025,学校官网精确检索未发现临床医学专业2025级原件,临床医学；专业代码520101K,教务处官网仅检索到通用人才培养方案入口且当前页面显示维护暂停服务,未发现可公开下载并能核验年级及专业的官方原件；后续入口恢复后增量复核,verified
JHCU-520201,520601,https://jww.jhc.cn/2025/0623/c3739a181927/page.htm,not_found_official_2025,学校官网精确检索未发现康复治疗技术专业2025级原件,康复治疗技术；专业代码520601,教务处官网仅检索到通用人才培养方案入口且当前页面显示维护暂停服务,未发现可公开下载并能核验年级及专业的官方原件；后续入口恢复后增量复核,verified
JHCU-520201,520410,https://jww.jhc.cn/2025/0623/c3739a181927/page.htm,not_found_official_2025,学校官网精确检索未发现中药学专业2025级原件,中药学；专业代码520410,教务处官网仅检索到通用人才培养方案入口且当前页面显示维护暂停服务,未发现可公开下载并能核验年级及专业的官方原件；后续入口恢复后增量复核,verified
JHCU-520201,320803,https://jww.jhc.cn/2025/0623/c3739a181927/page.htm,not_found_official_2025,学校官网精确检索未发现医养照护与管理专业2025级原件,医养照护与管理；教育部职业本科专业代码320803,教务处官网仅检索到通用人才培养方案入口且当前页面显示维护暂停服务,未发现可公开下载并能核验年级及专业的官方原件；后续入口恢复后增量复核,verified
XYPI-520201,520201,https://dzb.xypi.edu.cn/info/1010/6893.htm,not_found_official_2025,学校官网精确检索未发现护理专业2025级原件,护理；专业代码520201,学校2025年工作要点仅要求分专业制修订2025级专业群人才培养方案,官网未公开可下载原件；不把工作文件或专业介绍冒充培养方案,verified
XYPI-520201,520502,https://dzb.xypi.edu.cn/info/1010/6893.htm,not_found_official_2025,学校官网精确检索未发现医学影像技术专业2025级原件,医学影像技术；专业代码520502,学校2025年工作要点仅要求分专业制修订2025级专业群人才培养方案,官网未公开可下载原件；不把工作文件或专业介绍冒充培养方案,verified
XYPI-520201,520601,https://dzb.xypi.edu.cn/info/1010/6893.htm,not_found_official_2025,学校官网精确检索未发现康复治疗技术专业2025级原件,康复治疗技术；专业代码520601,学校2025年工作要点仅要求分专业制修订2025级专业群人才培养方案,官网未公开可下载原件；不把工作文件或专业介绍冒充培养方案,verified
XYPI-520201,520202,https://dzb.xypi.edu.cn/info/1010/6893.htm,not_found_official_2025,学校官网精确检索未发现助产专业2025级原件,助产；专业代码520202,学校2025年工作要点仅要求分专业制修订2025级专业群人才培养方案,官网未公开可下载原件；不把工作文件或专业介绍冒充培养方案,verified
XYPI-520201,520301,https://dzb.xypi.edu.cn/info/1010/6893.htm,not_found_official_2025,学校官网精确检索未发现药学专业2025级原件,药学；专业代码520301,学校2025年工作要点仅要求分专业制修订2025级专业群人才培养方案,官网未公开可下载原件；不把工作文件或专业介绍冒充培养方案,verified
XYPI-520201,520803,https://dzb.xypi.edu.cn/info/1010/6893.htm,not_found_official_2025,学校官网精确检索未发现老年保健与管理专业2025级原件,老年保健与管理；专业代码520803,学校2025年工作要点仅要求分专业制修订2025级专业群人才培养方案,官网未公开可下载原件；不把工作文件或采购意向冒充培养方案,verified
SXNY-420501,420501,http://www.sxny.cn/info/1062/14194.htm,not_found_official_2025,学校2025年3月教学工作会议仅要求进一步完善修订人才培养方案；官网精确检索未发现2025级原件,煤矿智能开采技术；专业代码420501,学校官网、教学管理入口及陕西省2025年部门预算仅见方案修订任务，未见可下载原件,不把教学会议、预算文件、专业介绍或专业群采购文件冒充人才培养方案,verified
SPVEC-510209,510209,https://www.spvec.com.cn/,access_blocked,学校官网 HTTPS 握手失败且 HTTP 连接被服务器直接关闭，无法进入官网核验2025级,人工智能技术应用；专业代码510209,陕西省政府采购官网可确认当前国家级专业群，但其页面是采购意向而非人才培养方案,不绕过学校官网连接限制，不从第三方网站下载或冒充官方原件,verified
NBPU-460113,460113,https://jwc.webs.nbpu.edu.cn/_upload/article/files/69/9a/24dd79fb4fc6b8ea4da7639d9f29/dc31b06c-f5a0-42cd-bab1-2c69a48e28e1.pdf,wrong_year,PDF首页明确为2024级,模具设计与制造；专业代码460113,学校教务处官网公开的46页完整方案,PDF已核验专业名称、代码和普通三年学制；仅作旧版证据且不入2025级库,verified
NBPU-460113,460305,https://jwc.webs.nbpu.edu.cn/2022/0711/c1657a104379/page.htm,not_found_official_2025,教务处索引只显示2021级页面且当前原附件需统一身份认证，未发现2025级,工业机器人技术；专业代码460305,学校教务处旧年级方案索引页,教务处和阳明学院精确检索无2025级原件；不绕过认证,verified
NBPU-460113,460102,https://ymxy.webs.nbpu.edu.cn/252/list.htm,not_found_official_2025,教务处和阳明学院精确检索未发现2025级方案,数字化设计与制造技术；专业代码460102,阳明学院当前专业范围页,官网仅有专业介绍及2026级相关信息；不使用其他年级或专业介绍替代,verified
NBPU-460113,460107,https://ymxy.webs.nbpu.edu.cn/252/list.htm,not_found_official_2025,教务处和阳明学院精确检索未发现2025级方案,材料成型及控制技术；专业代码460107,阳明学院当前专业范围页,官网仅有专业介绍；不使用本科材料成型及控制工程或其他年级材料替代,verified
NBPU-460113,460301,https://jwc.webs.nbpu.edu.cn/2022/0711/c1657a104375/page.htm,not_found_official_2025,教务处索引只显示2020级普通方案且当前原附件需统一身份认证，未发现2025级,机电一体化技术；专业代码460301,学校教务处旧年级方案索引页,教务处另有2022级津巴布韦班但不是普通三年制；不绕过认证且不替代目标版本,verified
NBPU-470201,470201,https://jwc.webs.nbpu.edu.cn/2023/0717/c1657a108343/page.htm,not_found_official_2025,教务处索引只显示2021级页面且当前原附件需统一身份认证，未发现专科2025级,应用化工技术；高职专科代码470201,学校教务处旧年级方案索引页,当前同名职业本科项目与本批高职专科范围分开核验；不绕过认证,verified
NBPU-470201,470209,https://hgxy.webs.nbpu.edu.cn/2021/0408/c1629a90871/page.htm,not_found_official_2025,教务处和化学工程学院精确检索未发现2025级方案,化工智能制造技术；专业代码470209,化学工程学院当前专业范围页,官网有普通与中外合作专业介绍但无正式2025级方案；不把合作项目介绍冒充方案,verified
NBPU-470201,420801,https://jwc.webs.nbpu.edu.cn/2023/0717/c1657a108340/page.htm,not_found_official_2025,教务处索引只显示2021级页面且当前原附件需统一身份认证，未发现2025级,环境监测技术；专业代码420801,学校教务处旧年级方案索引页,教务处和化学工程学院精确检索无2025级原件；不绕过认证,verified
NBPU-470201,470102,https://hgxy.webs.nbpu.edu.cn/2021/0408/c1629a90871/page.htm,not_found_official_2025,教务处和化学工程学院精确检索未发现2025级方案,药品生物技术；专业代码470102,化学工程学院当前专业范围页,官网仅有专业介绍且无法定位2025级正式原件；不使用旧年级或相邻专业材料替代,verified
HZPU-460206,260203,https://zs.hzvtc.edu.cn/zyzlxb/tzsbxy/dtgcjs_bk_.htm,access_blocked,学校2025年招生计划明确职业本科电梯工程技术当年招生，但官网各入口当前均在TLS握手阶段断开,电梯工程技术；职业本科代码260203,招生网现行专业页与学校2025年招生计划,无法进入官网附件端确认2025级正式人培原件；不关闭TLS校验或使用第三方文件替代,verified
HZPU-460206,460206,https://zs.hzvtc.edu.cn/__local/3/DE/9B/682AF9FD427E41FC73AC410B88A_EF88111E_8857.pdf,access_blocked,学校2025年招生计划明确专科电梯工程技术电梯检验检测技术方向当年招生，但官网各入口当前均在TLS握手阶段断开,电梯工程技术；高职专科代码460206,招生网现行专业介绍与2025年招生计划,公开索引未发现2025级正式方案且当前无法完整检查官网附件端；不使用专业介绍冒充培养方案,verified
HZPU-460206,460302,https://tzsb.hzvtc.edu.cn/info/1037/4271.htm,access_blocked,学院官网明确召开2025级智能机电技术人才培养方案论证会，但官网当前在TLS握手阶段断开,智能机电技术；专业代码460302,学校官网2025级人才培养方案论证页,论证新闻证明方案制订但不是方案原件；当前无法进入下载中心或附件端取得正文,verified
HZPU-460206,460101,https://tzsb.hzvtc.edu.cn/info/1037/4249.htm,access_blocked,学院官网明确召开2025级机械设计与制造人才培养方案论证会，但官网当前在TLS握手阶段断开,机械设计与制造；专业代码460101,学校官网2025级人才培养方案论证页,论证新闻证明方案制订但不是方案原件；当前无法进入下载中心或附件端取得正文,verified
HZPU-460206,460305,https://tzsb.hzvtc.edu.cn/info/1016/4258.htm,access_blocked,学院官网明确召开2025级工业机器人技术人才培养方案论证会，但官网当前在TLS握手阶段断开,工业机器人技术；专业代码460305,学校官网2025级人才培养方案论证页,论证新闻证明方案制订但不是方案原件；当前无法进入下载中心或附件端取得正文,verified
HZPU-480402,280402,https://dlnz.hzvtc.edu.cn/info/1045/4038.htm,access_blocked,学校2025年招生计划明确职业本科服装工程技术当年招生且学院官网组织人培论证，但官网当前在TLS握手阶段断开,服装工程技术；职业本科代码280402,招生网专业介绍与学院2025年人才培养论证页,论证新闻和专业介绍均不是方案原件；当前无法进入下载中心或附件端取得正文,verified
HZPU-480402,480404,https://dlnz.hzvtc.edu.cn/jyjx/zyjs/10.htm,access_blocked,学院官网索引明确2025级针织技术与针织服装人才培养方案研讨会且学校2025年招生计划列有该专业，但官网当前在TLS握手阶段断开,针织技术与针织服装；专业代码480404,学院2025级方案研讨索引与招生网现行专业介绍,研讨新闻证明方案制订但不是方案原件；当前无法进入下载中心或附件端取得正文,verified
HZPU-480402,480406,https://zs.hzvtc.edu.cn/zyzl/dlnzxy/fzpsj.htm,access_blocked,学校2025年招生计划明确纺织品设计当年招生，但官网各入口当前均在TLS握手阶段断开,纺织品设计；专业代码480406,招生网现行国家双高专业群专业介绍与2025年招生计划,公开索引未发现2025级正式方案且当前无法完整检查官网附件端；不使用专业介绍冒充培养方案,verified
SXGD-460303,460303,https://jwc.gfxy.com/gzzd/jxgl/rcpyfags.htm,not_found_official_2025,教务处人才培养方案公示栏目最新条目仅到2022级；人工智能学院精确检索未发现2025级方案,智能控制技术；专业代码460303,教务处人培公示栏目与人工智能学院现行专业设置页,官网仅有专业介绍和建设新闻；不使用旧年份方案或论证新闻替代2025级正式原件,verified
SXGD-460303,460306,https://jwc.gfxy.com/gzzd/jxgl/rcpyfags.htm,not_found_official_2025,教务处人才培养方案公示栏目最新条目仅到2022级；人工智能学院精确检索未发现2025级方案,电气自动化技术；专业代码460306,教务处人培公示栏目与人工智能学院现行专业设置页,官网仅有专业介绍；不使用旧年份方案替代2025级正式原件,verified
SXGD-460303,460301,https://jwc.gfxy.com/gzzd/jxgl/rcpyfags.htm,not_found_official_2025,教务处人才培养方案公示栏目最新条目仅到2022级；人工智能学院精确检索未发现2025级方案,机电一体化技术；专业代码460301,教务处人培公示栏目与人工智能学院现行专业设置页,官网公开的2021级方案和旧版合订本均不符合2025级口径,verified
SXGD-460303,460305,https://jwc.gfxy.com/gzzd/jxgl/rcpyfags.htm,not_found_official_2025,教务处人才培养方案公示栏目最新条目仅到2022级；人工智能学院精确检索未发现2025级方案,工业机器人技术；专业代码460305,教务处人培公示栏目与人工智能学院现行专业设置页,官网仅有专业介绍；不使用旧年份方案替代2025级正式原件,verified
SXGD-460303,510209,https://jwc.gfxy.com/gzzd/jxgl/rcpyfags.htm,not_found_official_2025,教务处人才培养方案公示栏目最新条目仅到2022级；人工智能学院精确检索未发现2025级方案,人工智能技术应用；专业代码510209,教务处人培公示栏目与人工智能学院现行专业设置页,官网仅有专业介绍；不使用旧年份方案替代2025级正式原件,verified
SXGD-460303,510211,https://jwc.gfxy.com/gzzd/jxgl/rcpyfags.htm,not_found_official_2025,教务处人才培养方案公示栏目最新条目仅到2022级；人工智能学院精确检索未发现2025级方案,工业互联网技术；专业代码510211,教务处人培公示栏目与人工智能学院现行专业设置页,官网公开2022级合订本且首页明确2022级，不符合2025级口径,verified
LZRE-220701,220701,https://www.lzre.edu.cn/jyjx/pyfa.htm,not_found_official_2025,学校培养方案专题的气象学院子页当前没有公开条目；主站和气象学院官网精确检索未发现2025级正式方案,智慧气象技术；职业本科代码220701,学校培养方案专题、气象学院现行本科专业页和官网站内检索,学校2025年要情只证明该专业有2025级学生，不是人才培养方案；不使用质量报告或专业介绍替代,verified
LZRE-230501,230501,https://www.lzre.edu.cn/jyjx/pyfa.htm,not_found_official_2025,学校培养方案专题的冶金工程学院子页当前没有公开条目；主站和冶金工程学院官网精确检索未发现2025级正式方案,材料化冶金应用技术；职业本科代码230501,学校培养方案专题、冶金工程学院现行本科专业页和官网站内检索,学院报道证明已修订职业本专科方案但未公开正文；不使用建设新闻、质量报告或专业介绍替代,verified
LZRE-220701,220701,https://www.lzre.edu.cn/system/_content/download.jsp?urltype=news.DownloadAttachUrl&owner=2037682119&wbfileid=7949232,wrong_document_type,附件标题和报告正文明确为2023-2024学年本科教学质量报告，不是2025级方案,智慧气象技术仅出现在专业群统计表中,本科教学质量报告,附件端要求图形验证码；不提交或绕过验证码，也不把质量报告冒充人培方案,verified
LZRE-230501,230501,https://www.lzre.edu.cn/system/_content/download.jsp?urltype=news.DownloadAttachUrl&owner=2037682119&wbfileid=7949232,wrong_document_type,附件标题和报告正文明确为2023-2024学年本科教学质量报告，不是2025级方案,材料化冶金应用技术仅出现在专业群统计表中,本科教学质量报告,附件端要求图形验证码；不提交或绕过验证码，也不把质量报告冒充人培方案,verified
LZRE-220701,220701,https://www.lzre.edu.cn/guanyugongbujiaoyujingfeiguanlishiyongzhuanxiangzhengzhigongzuojiandujubaoqudaodetongzhi.doc,wrong_document_type,文件名和官网链接均表明是学校通知，不含2025级或人才培养方案标识,未出现智慧气象技术专业名称或代码220701,行政通知DOC,首页通用附件被发现器误命中；不下载为人培原件,verified
LZRE-230501,230501,https://www.lzre.edu.cn/guanyugongbujiaoyujingfeiguanlishiyongzhuanxiangzhengzhigongzuojiandujubaoqudaodetongzhi.doc,wrong_document_type,文件名和官网链接均表明是学校通知，不含2025级或人才培养方案标识,未出现材料化冶金应用技术专业名称或代码230501,行政通知DOC,首页通用附件被发现器误命中；不下载为人培原件,verified
JQTU-430302,430302,https://xny.jqtu.edu.cn/u/cms/xnygcxy/202606/25091454ay1s.pdf,eligible_official_2025,正文首页及页眉明确为风力发电工程技术专业2025级人才培养方案,首页明确专业代码430302且学历层次为专科高等职业教育,学校新能源工程学院官网公开的15页PDF原件,保留学校原始PDF；页面公开日期为2026年6月25日但适用年级明确为2025级,verified
JQTU-430302,430302,https://xny.jqtu.edu.cn/u/cms/xnygcxy/202606/22093249e9bp.pdf,wrong_year_only,详情页标题明确为2024级风力发电工程技术专业人才培养方案,专业名称与目标一致但适用年级不是2025级,学校新能源工程学院官网旧年份方案,已有符合条件的2025级原件；不下载旧版,verified
JQTU-430302,430302,https://xny.jqtu.edu.cn/u/cms/xnygcxy/202406/28093424254m.pdf,major_mismatch,详情页标题明确为光伏工程技术专业2023级人才培养方案,专业名称不是风力发电工程技术且适用年级不是2025级,学校新能源工程学院官网旧方案,专业与年份均不符合目标；不下载,verified
JQTU-430302,430302,https://xny.jqtu.edu.cn/u/cms/xnygcxy/202304/04085323djym.pdf,major_mismatch,详情页标题明确为2022级电力系统继电保护技术专业人才培养方案,专业名称不是风力发电工程技术且适用年级不是2025级,学校新能源工程学院官网旧方案,专业与年份均不符合目标；不下载,verified
LZPUVT-270201,270201,https://yyhg.lzpuvt.edu.cn/1688/list.htm,not_found_official_2025,教务处专业建设页与应用化学工程学院最近五页教学公开索引均未发布2025级方案正文,应用化工技术；职业本科代码270201,学校教务处和应用化学工程学院官网公开索引及2025年方案论证新闻,论证新闻只证明方案已制修订；不把新闻或双高实施方案冒充人培原件,verified
LZPUVT-270201,270204,https://yyhg.lzpuvt.edu.cn/1688/list.htm,not_found_official_2025,教务处专业建设页与应用化学工程学院最近五页教学公开索引均未发布2025级方案正文,现代分析测试技术；职业本科代码270204,学校教务处和应用化学工程学院官网公开索引及2025年方案论证新闻,当前只见专业设置与论证记录；未发现可下载的2025级PDF或DOCX,verified
LZPUVT-270201,220901,https://yyhg.lzpuvt.edu.cn/1688/list.htm,not_found_official_2025,教务处专业建设页与应用化学工程学院最近五页教学公开索引均未发布2025级方案正文,安全工程技术；职业本科代码220901,学校教务处和应用化学工程学院官网公开索引及2025年方案论证新闻,当前只见专业设置与论证记录；未发现可下载的2025级PDF或DOCX,verified
LZPUVT-270201,270202,https://yyhg.lzpuvt.edu.cn/1688/list.htm,not_found_official_2025,教务处专业建设页与应用化学工程学院最近五页教学公开索引均未发布2025级方案正文,化工智能制造工程技术；职业本科代码270202,学校教务处和应用化学工程学院官网公开索引及2025年方案论证新闻,当前只见专业设置与论证记录；未发现可下载的2025级PDF或DOCX,verified
LZPUVT-270201,270201,https://sjjz.lzpuvt.edu.cn/_upload/article/files/2b/3d/d30da3664b0c94fa21af277b72b5/ed399611-0a7e-4177-95e5-3cfc9a56c5e5.pdf,wrong_document_type,文件标题与正文明确为学校第二期双高计划实施方案而非2025级人才培养方案,仅用于确认应用化工技术专业群为国家级建设专业群,学校第二期双高计划实施方案PDF,正文提及制订专业群人才培养方案的建设任务但不包含目标专业方案正文；不下载入人培库,verified
LZPUVT-270201,270204,https://sjjz.lzpuvt.edu.cn/_upload/article/files/2b/3d/d30da3664b0c94fa21af277b72b5/ed399611-0a7e-4177-95e5-3cfc9a56c5e5.pdf,wrong_document_type,文件标题与正文明确为学校第二期双高计划实施方案而非2025级人才培养方案,未提供现代分析测试技术培养方案正文,学校第二期双高计划实施方案PDF,仅作专业群层面证据；不下载入人培库,verified
LZPUVT-270201,220901,https://sjjz.lzpuvt.edu.cn/_upload/article/files/2b/3d/d30da3664b0c94fa21af277b72b5/ed399611-0a7e-4177-95e5-3cfc9a56c5e5.pdf,wrong_document_type,文件标题与正文明确为学校第二期双高计划实施方案而非2025级人才培养方案,未提供安全工程技术培养方案正文,学校第二期双高计划实施方案PDF,仅作专业群层面证据；不下载入人培库,verified
LZPUVT-270201,270202,https://sjjz.lzpuvt.edu.cn/_upload/article/files/2b/3d/d30da3664b0c94fa21af277b72b5/ed399611-0a7e-4177-95e5-3cfc9a56c5e5.pdf,wrong_document_type,文件标题与正文明确为学校第二期双高计划实施方案而非2025级人才培养方案,未提供化工智能制造工程技术培养方案正文,学校第二期双高计划实施方案PDF,仅作专业群层面证据；不下载入人培库,verified
QHVU-500201,500201,https://www.qhvu.edu.cn/,access_blocked,学校当前官网域名的权威DNS解析返回失败；旧官网真实IP的HTTP入口关闭连接且HTTPS握手失败,道路与桥梁工程技术；专业代码500201,学校主站及旧官网人才培养方案公开入口,现有证据只能证明官网当前不可达；不能证明官网未发布2025级方案；不关闭TLS校验且不使用旧年度或第三方文件替代,verified
NXGS-270201,270201,https://www.nxgs.edu.cn/ssjgy.jsp?wbtreeid=1102,not_found_official_2025,学校官网站内搜索与公开附件索引未发现2025级职业本科方案原件,应用化工技术；职业本科代码270201,教育部2025年同意首批设置该职业本科专业；学校官网公开专业建设与人才培养页面,仅确认2025年开始设置专业；未发现学校或教育主管部门公开的2025级方案正文,verified
NXGS-270201,470201,https://www.nxgs.edu.cn/__local/9/E4/96/90BDC0986310500ABEFC620C206_CC6110FD_D2C3F.pdf,wrong_year,PDF封面明确为2022级,应用化工技术；高职专科代码470201,学校官网公开高职专业人才培养方案PDF,仅见2022级旧版；官网站内搜索和附件检索未发现2025级正式原件,verified
NXGS-270201,470208,https://www.nxgs.edu.cn/__local/0/E2/3A/0351D6B4574519E7EFEB29E7935_4880DFDD_1170A9.pdf,year_ambiguous,PDF正文无适用年级或制定年份；文件元数据仅显示2024年创建不能证明2025级,分析检验技术；高职专科代码470208,学校官网公开专业人才培养方案PDF,无可见年份证据且未发现独立2025级原件；不按上传时间推定届级,verified
NXGS-270201,470205,https://www.nxgs.edu.cn/__local/C/E8/EC/767073F78008FD9EA72A9BE03CF_A954828C_C6D7F.pdf,wrong_year,PDF首页明确为2019级,煤化工技术；高职专科代码470205,学校官网公开人才培养方案PDF,仅见2019级旧版；官网站内搜索和附件检索未发现2025级正式原件,verified
NXGS-270201,470203,https://www.nxgs.edu.cn/info/1102/13217.htm,not_found_official_2025,学校官网专业简介和政府采购项目可确认专业在群内但未公开2025级方案正文,精细化工技术；高职专科代码470203,学校官网当前能源化工学院专业页及宁夏政府采购官网专业群建设项目,未发现学校或教育主管部门公开的2025级正式方案原件,verified
NXGS-340101,340101,https://www.nxgs.edu.cn/ssjgy.jsp?wbtreeid=1102,not_found_official_2025,学校官网站内搜索与公开附件索引未发现2025级职业本科方案原件,旅游管理；职业本科代码340101,教育部2025年同意首批设置该职业本科专业；学校官网公开专业建设与人才培养页面,仅确认2025年开始设置专业；未发现学校或教育主管部门公开的2025级方案正文,verified
NXGS-340101,540101,https://www.nxgs.edu.cn/__local/8/FE/F0/792C1AD1BFD7B9C4F78508BE5D2_B277CBE5_D817B.pdf,wrong_year,专业群PDF封面与正文明确适用2022级,旅游管理；高职专科代码540101,学校官网公开旅游管理专业群人才培养方案PDF,仅见2022级旧版；未发现2025级正式原件,verified
NXGS-340101,540106,https://www.nxgs.edu.cn/__local/8/FE/F0/792C1AD1BFD7B9C4F78508BE5D2_B277CBE5_D817B.pdf,wrong_year,专业群PDF封面与正文明确适用2022级,酒店管理与数字化运营；高职专科代码540106,学校官网公开旅游管理专业群人才培养方案PDF,仅见2022级旧版；未发现2025级正式原件,verified
NXGS-340101,540202,https://www.nxgs.edu.cn/__local/8/FE/F0/792C1AD1BFD7B9C4F78508BE5D2_B277CBE5_D817B.pdf,wrong_year,专业群PDF封面与正文明确适用2022级,烹饪工艺与营养；高职专科代码540202,学校官网公开旅游管理专业群人才培养方案PDF,仅见2022级旧版；未发现2025级正式原件,verified
NXGS-340101,540112,https://www.nxgs.edu.cn/__local/8/FE/F0/792C1AD1BFD7B9C4F78508BE5D2_B277CBE5_D817B.pdf,wrong_year,专业群PDF封面与正文明确适用2022级,会展策划与管理；高职专科代码540112,学校官网公开旅游管理专业群人才培养方案PDF,仅见2022级旧版；未发现2025级正式原件,verified
NXGS-340101,590202,https://www.nxgs.edu.cn/__local/8/FE/F0/792C1AD1BFD7B9C4F78508BE5D2_B277CBE5_D817B.pdf,wrong_year,专业群PDF封面与正文明确适用2022级,人力资源管理；高职专科代码590202,学校官网公开旅游管理专业群人才培养方案PDF；2026年政府采购项目仍明确其为旅游管理专业群建设专业,仅见2022级旧版；未发现2025级正式原件,verified
NXVTU-460301,460301,https://jwc.nxtc.edu.cn/system/_content/download.jsp?urltype=news.DownloadAttachUrl&owner=1347217823&wbfileid=16474332,access_blocked,教务处下载中心详情页明确公开“25级人培方案”整包但附件端点强制输入验证码,机电一体化技术；高职专科代码460301,学校教务处官网公开的“2025年人陪.zip”附件,不绕过验证码；当前无法读取压缩包内部文件并逐份核验,verified
NMIM-430105,430105,https://www.imtcme.edu.cn/system/_content/download.jsp?urltype=news.DownloadAttachUrl&owner=2019557388&wbfileid=A420A85777C99AA75245B5F9A1D98FB4,access_blocked,教务处详情页与附件名明确为2025级,电力系统自动化技术；高职专科代码430105,学校教务处官网公开的PDF附件,附件端点强制输入4位验证码；不识别或绕过验证码；当前无法读取PDF正文并完成哈希核验,verified
NMIM-430105,460306,https://www.imtcme.edu.cn/system/_content/download.jsp?urltype=news.DownloadAttachUrl&owner=2019557388&wbfileid=FC80C648B3FECA66348F910F65D07D49,access_blocked,教务处详情页与附件名明确为2025级,电气自动化技术；高职专科代码460306,学校教务处官网公开的PDF附件,附件端点强制输入4位验证码；不识别或绕过验证码；当前无法读取PDF正文并完成哈希核验,verified
NMIM-430105,430302,https://www.imtcme.edu.cn/system/_content/download.jsp?urltype=news.DownloadAttachUrl&owner=2019557388&wbfileid=205F89FD33E15DE19C38974F67A2B59C,access_blocked,教务处详情页与附件名明确为2025级,风力发电工程技术；高职专科代码430302,学校教务处官网公开的PDF附件,附件端点强制输入4位验证码；不识别或绕过验证码；当前无法读取PDF正文并完成哈希核验,verified
NMIM-430105,430108,https://www.imtcme.edu.cn/system/_content/download.jsp?urltype=news.DownloadAttachUrl&owner=2019557388&wbfileid=50395FA455F62D818B2637CF39AC62D5,access_blocked,教务处详情页与附件名明确为2025级,供用电技术；高职专科代码430108,学校教务处官网公开的PDF附件,附件端点强制输入4位验证码；不识别或绕过验证码；当前无法读取PDF正文并完成哈希核验,verified
NMIM-430105,430107,https://www.imtcme.edu.cn/system/_content/download.jsp?urltype=news.DownloadAttachUrl&owner=2019557388&wbfileid=B13EAF1E6B718D42970598911207971F,access_blocked,教务处详情页与附件名明确为2025级,输配电工程技术；高职专科代码430107,学校教务处官网公开的PDF附件,附件端点强制输入4位验证码；不识别或绕过验证码；当前无法读取PDF正文并完成哈希核验,verified
NMIM-460104,460104,https://www.imtcme.edu.cn/system/_content/download.jsp?urltype=news.DownloadAttachUrl&owner=2019557388&wbfileid=2C61E045DB7739F6BC085DE56C50D72B,access_blocked,教务处详情页与附件名明确为2025级,机械制造及自动化；高职专科代码460104,学校教务处官网公开的PDF附件,附件端点强制输入4位验证码；不识别或绕过验证码；当前无法读取PDF正文并完成哈希核验,verified
NMIM-460104,460301,https://www.imtcme.edu.cn/system/_content/download.jsp?urltype=news.DownloadAttachUrl&owner=2019557388&wbfileid=E2EBAA2EB08E7C7DBCA4A1D8CDADE80D,access_blocked,教务处详情页与附件名明确为2025级,机电一体化技术；高职专科代码460301,学校教务处官网公开的PDF附件,附件端点强制输入4位验证码；不识别或绕过验证码；当前无法读取PDF正文并完成哈希核验,verified
NMIM-460104,460202,https://www.imtcme.edu.cn/system/_content/download.jsp?urltype=news.DownloadAttachUrl&owner=2019557388&wbfileid=0E71A14F720A83639B75BB430E39E696,access_blocked,教务处详情页与附件名明确为2025级,机电设备技术；高职专科代码460202,学校教务处官网公开的PDF附件,附件端点强制输入4位验证码；不识别或绕过验证码；当前无法读取PDF正文并完成哈希核验,verified
BTVC-460110,460110,https://www.btvtc.edu.cn/homejyjx/rcpy.html,access_blocked,教育主管部门育人号与学校2026年度预算确认第二期建设群和核心专业但目标官网无法正常完成TLS校验,智能焊接技术；高职专科代码460110,学校官网人才培养栏目及公开搜索索引,主站和移动站HTTPS证书均已过期；不关闭TLS校验或降级下载；当前无法确认或读取2025级人培原件,verified
IMCU-240401,240401,https://jwc.imaa.edu.cn/,access_blocked,教育部设置函与学校2025年本科招生计划确认首届2025级招生,建筑环境与能源工程；职业本科代码240401,学校教务处及建筑设备与自动化学院官网公开入口,主站、教务处和学院HTTPS入口均在TLS握手阶段失败；不关闭TLS校验或降级下载；当前无法确认或读取2025级人培原件,verified
IMVCCE-470205,420505,https://www.hgzyxy.com.cn/_upload/article/files/76/0b/d42ea2da43c8b7e4cd978302b50b/97cdf972-89e2-4619-bce9-e04f18647a6a.pdf,wrong_year,PDF封面明确为2022版且仅适用2022级至2024级,煤炭清洁利用技术；高职专科代码420505,学校教务处官网公开的54页人才培养方案PDF,仅见2022版旧方案；教务处现行人才培养栏目未公开2025级原件,verified
IMVCCE-470205,470201,https://www.hgzyxy.com.cn/_upload/article/files/67/f2/5866e97746e2a07a7830620ee6f7/c648611a-64f5-4c19-89ae-5d0064430b2f.pdf,eligible_official_2025,PDF封面明确为2025版并适用2025级至2027级,应用化工技术；高职专科代码470201,学校教务处官网公开的64页人才培养方案PDF,保留学校原始PDF；核验时文件大小1344743字节且SHA-256为ce268594f5ccdedeb4b8253a42b6df4cf4b831c2d95f44357e746271ab6537a8,verified
IMVCCE-470205,470204,https://www.hgzyxy.com.cn/jwcc/548/list.htm,not_found_official_2025,学校教务处人才培养栏目可正常访问且当前公开条目已逐项检查,石油化工技术；高职专科代码470204,学校教务处和化学工程系官网公开索引,未发现2025级PDF、DOC或DOCX原件；不以专业介绍或采购文件替代,verified
IMVCCE-470205,470205,https://www.hgzyxy.com.cn/_upload/article/files/c3/75/448d9e7c41879356f74b881408f2/7fb70de1-fc13-4943-8ace-12383d2f01fe.pdf,wrong_year,PDF封面明确为2022版且仅适用2022级至2024级,煤化工技术；高职专科代码470205,学校教务处官网公开的42页人才培养方案PDF,仅见2022版旧方案；教务处现行人才培养栏目未公开2025级原件,verified
IMVCCE-470205,470208,https://www.hgzyxy.com.cn/jwcc/548/list.htm,not_found_official_2025,学校教务处人才培养栏目可正常访问且当前公开条目已逐项检查,分析检验技术；高职专科代码470208,学校教务处和化学工程系官网公开索引,未发现2025级PDF、DOC或DOCX原件；不以专业介绍或质量报告替代,verified
XZVTC-410102,410102,https://www.xzgzy.cn/system/_content/download.jsp?urltype=news.DownloadAttachUrl&owner=1819445445&wbfileid=11750750,access_blocked,教务处通知及附件名明确为2025级,作物生产与经营管理；附件名明确代码410102,学校教务处官网公开的2025级人才培养方案PDF附件,附件下载端点强制输入4位验证码；直接请求返回HTML验证码页而非PDF，不识别或绕过验证码,verified
XJAVTU-210101,210101,https://www.xjavtu.edu.cn/jwc/ssjg.jsp?wbtreeid=1001,not_found_official_2025,教务处公开索引及站内搜索未检出2025级原件,现代种业技术；职业本科代码210101,学校教务处与现代种业技术专业群官网公开索引,未发现2025级PDF、DOC或DOCX原件；不以人才培养方案论证新闻替代,verified
XJAVTU-210101,210104,https://www.xjavtu.edu.cn/jwc/ssjg.jsp?wbtreeid=1001,not_found_official_2025,教务处公开索引及站内搜索未检出2025级原件,设施园艺；职业本科代码210104,学校教务处与现代种业技术专业群官网公开索引,未发现2025级PDF、DOC或DOCX原件；不以2025级专业教育新闻替代,verified
XJAVTU-210101,410106,https://www.xjavtu.edu.cn/jwc/ssjg.jsp?wbtreeid=1001,not_found_official_2025,教务处公开索引及站内搜索未检出2025级原件,植物保护与检疫技术；高职专科代码410106,学校教务处与现代种业技术专业群官网公开索引,未发现2025级PDF、DOC或DOCX原件；不以微专业建设新闻替代,verified
XJAVTU-210101,410117,https://www.xjavtu.edu.cn/jwc/ssjg.jsp?wbtreeid=1001,not_found_official_2025,教务处公开索引及站内搜索未检出2025级原件,棉花加工与经营管理；高职专科代码410117,学校教务处与现代种业技术专业群官网公开索引,未发现2025级PDF、DOC或DOCX原件；不以招生简章替代,verified
XJAVTU-210101,290101,https://www.xjavtu.edu.cn/jwc/ssjg.jsp?wbtreeid=1001,not_found_official_2025,教务处公开索引及站内搜索未检出2025级原件,食品工程技术；职业本科代码290101,学校教务处与现代种业技术专业群官网公开索引,未发现2025级PDF、DOC或DOCX原件；不以招生计划替代,verified
XJAVTU-210304,210304,https://www.xjavtu.edu.cn/jwc/ssjg.jsp?wbtreeid=1001,not_found_official_2025,教务处公开索引及站内搜索未检出2025级原件,现代畜牧；职业本科代码210304,学校教务处与动物科技学院专业建设公开索引,未发现2025级PDF、DOC或DOCX原件；不以专业介绍替代,verified
XJAVTU-210304,210301,https://www.xjavtu.edu.cn/jwc/ssjg.jsp?wbtreeid=1001,not_found_official_2025,教务处公开索引及站内搜索未检出2025级原件,动物医学；职业本科代码210301,学校教务处与动物科技学院专业建设公开索引,未发现2025级PDF、DOC或DOCX原件；不以专业介绍替代,verified
XJAVTU-210304,210401,https://www.xjavtu.edu.cn/jwc/ssjg.jsp?wbtreeid=1001,not_found_official_2025,教务处公开索引及站内搜索未检出2025级原件,现代水产养殖技术；职业本科代码210401,学校教务处与动物科技学院专业建设公开索引,未发现2025级PDF、DOC或DOCX原件；不以专业介绍替代,verified
XJTVU-500212,500212,http://www.xjjtedu.com/jyjx/pyfa.htm,not_found_official_2025,学校官网培养方案栏目已逐页核查且最新公开到2023版,新能源汽车检测与维修技术；高职专科代码500212,学校官网现行培养方案公开索引,未发现2025级PDF、DOC或DOCX原件；不以2026级修订研讨新闻或招生简章替代,verified
XJTVU-500212,460705,http://www.xjjtedu.com/jyjx/pyfa.htm,not_found_official_2025,学校官网培养方案栏目已逐页核查且最新公开到2023版,汽车造型与改装技术；高职专科代码460705,学校官网现行培养方案公开索引,未发现2025级PDF、DOC或DOCX原件；不以专业群访企调研新闻替代,verified
KZVTC-420403,420403,https://jwc.kzjsxy.edu.cn/system/_content/download.jsp?urltype=news.DownloadAttachUrl&owner=1647490972&wbfileid=9B0456DA29C56F9221E4D3D83624E84E,access_blocked,教务处页面标题及附件名明确为2025年石油工程分院人才培养方案,钻井技术；高职专科代码420403,学校教务处官网公开的2025年石油工程分院人才培养方案ZIP,附件下载端点强制输入4位验证码；直接请求返回HTML验证码页而非ZIP，不识别或绕过验证码,verified
KZVTC-420403,420402,https://jwc.kzjsxy.edu.cn/system/_content/download.jsp?urltype=news.DownloadAttachUrl&owner=1647490972&wbfileid=9B0456DA29C56F9221E4D3D83624E84E,access_blocked,教务处页面标题及附件名明确为2025年石油工程分院人才培养方案,油气地质勘探技术；高职专科代码420402,学校教务处官网公开的2025年石油工程分院人才培养方案ZIP,附件下载端点强制输入4位验证码；直接请求返回HTML验证码页而非ZIP，不识别或绕过验证码,verified
KZVTC-420403,420206,https://jwc.kzjsxy.edu.cn/system/_content/download.jsp?urltype=news.DownloadAttachUrl&owner=1647490972&wbfileid=9B0456DA29C56F9221E4D3D83624E84E,access_blocked,教务处页面标题及附件名明确为2025年石油工程分院人才培养方案,地球物理勘探技术；高职专科代码420206,学校教务处官网公开的2025年石油工程分院人才培养方案ZIP,附件下载端点强制输入4位验证码；直接请求返回HTML验证码页而非ZIP，不识别或绕过验证码,verified
KZVTC-420403,420404,https://jwc.kzjsxy.edu.cn/system/_content/download.jsp?urltype=news.DownloadAttachUrl&owner=1647490972&wbfileid=9B0456DA29C56F9221E4D3D83624E84E,access_blocked,教务处页面标题及附件名明确为2025年石油工程分院人才培养方案,油气智能开采技术；高职专科代码420404,学校教务处官网公开的2025年石油工程分院人才培养方案ZIP,附件下载端点强制输入4位验证码；直接请求返回HTML验证码页而非ZIP，不识别或绕过验证码,verified
KZVTC-420403,420401,https://jwc.kzjsxy.edu.cn/system/_content/download.jsp?urltype=news.DownloadAttachUrl&owner=1647490972&wbfileid=9B0456DA29C56F9221E4D3D83624E84E,access_blocked,教务处页面标题及附件名明确为2025年石油工程分院人才培养方案,油气储运技术；高职专科代码420401,学校教务处官网公开的2025年石油工程分院人才培养方案ZIP,附件下载端点强制输入4位验证码；直接请求返回HTML验证码页而非ZIP，不识别或绕过验证码,verified
KZVTC-420403,440603,https://jwc.kzjsxy.edu.cn/system/_content/download.jsp?urltype=news.DownloadAttachUrl&owner=1647490972&wbfileid=9B0456DA29C56F9221E4D3D83624E84E,access_blocked,教务处页面标题及附件名明确为2025年石油工程分院人才培养方案,城市燃气工程技术；高职专科代码440603,学校教务处官网公开的2025年石油工程分院人才培养方案ZIP,附件下载端点强制输入4位验证码；直接请求返回HTML验证码页而非ZIP，不识别或绕过验证码,verified
XJEVU-460301,460301,https://www.btc.edu.cn/ssjg.jsp?wbtreeid=1001,not_found_official_2025,学校官网站内搜索与教育教学公开栏目未检出2025级原件,机电一体化技术；高职专科代码460301,学校官网及公开教育教学栏目,未发现2025级PDF、DOC或DOCX原件；不以人才培养方案编制新闻、专业群研讨会或质量报告替代,verified
XJEVU-460301,460104,https://www.btc.edu.cn/ssjg.jsp?wbtreeid=1001,not_found_official_2025,学校官网站内搜索与教育教学公开栏目未检出2025级原件,机械制造及自动化；高职专科代码460104,学校官网及公开教育教学栏目,未发现2025级PDF、DOC或DOCX原件；不以人才培养方案编制新闻、专业群研讨会或质量报告替代,verified
XJEVU-460301,460303,https://www.btc.edu.cn/ssjg.jsp?wbtreeid=1001,not_found_official_2025,学校官网站内搜索与教育教学公开栏目未检出2025级原件,智能控制技术；高职专科代码460303,学校官网及公开教育教学栏目,未发现2025级PDF、DOC或DOCX原件；不以人才培养方案编制新闻、专业群研讨会或质量报告替代,verified
XJEVU-460301,460110,https://www.btc.edu.cn/ssjg.jsp?wbtreeid=1001,not_found_official_2025,学校官网站内搜索与教育教学公开栏目未检出2025级原件,智能焊接技术；高职专科代码460110,学校官网及公开教育教学栏目,未发现2025级PDF、DOC或DOCX原件；不以人才培养方案编制新闻、专业群研讨会或质量报告替代,verified
