institution_code,seed_url,seed_type,evidence_url,verification_status
SXJD,https://www.sxjdxy.edu.cn/rcpy/zyrcpyfa.htm,teaching_affairs,https://www.sxjdxy.edu.cn/rcpy/zyrcpyfa.htm,verified
CCIT,https://www.ccit.js.cn/gdzyjyzlndbgzl_2025_.htm,quality_report_index,https://www.ccit.js.cn/gdzyjyzlndbgzl_2025_.htm,verified
CCIT,https://www.ccit.js.cn/info/1459/28772.htm,quality_report,https://www.ccit.js.cn/info/1459/28772.htm,verified
CCIT,https://www.ccit.js.cn/__local/0/EB/7E/174AC7CA67B1F44F7C377C6EAD3_FEFA7D6C_1201507.pdf,quality_report_pdf,https://www.ccit.js.cn/info/1459/28772.htm,verified
CCIT,https://jwc.ccit.js.cn/info/1032/3023.htm,teaching_affairs,https://jwc.ccit.js.cn/info/1032/3023.htm,verified
CCIT,https://jwc.ccit.js.cn/system/_content/download.jsp?urltype=news.DownloadAttachUrl&owner=1602518400&wbfileid=5EE028A1B8C40A05350653A089766679,direct_pdf,https://jwc.ccit.js.cn/info/1032/3023.htm,verified
HNZJ,https://jwc.hnzj.edu.cn/rcpy/znzzxy.htm,teaching_affairs,https://jwc.hnzj.edu.cn/rcpy/znzzxy.htm,verified
HNZJ,https://jwc.hnzj.edu.cn/rcpy/clgcxy.htm,teaching_affairs,https://jwc.hnzj.edu.cn/rcpy/clgcxy.htm,verified
HNZJ,https://jwc.hnzj.edu.cn/rcpy/kzgcxy.htm,teaching_affairs,https://jwc.hnzj.edu.cn/rcpy/kzgcxy.htm,verified
WZVTC,https://jwc.wzvtc.cn/2025/1222/c550679a3161707/page.htm,teaching_affairs,https://jwc.wzvtc.cn/2025/1222/c550679a3161707/page.htm,verified
HNPI,https://www.hnpi.edu.cn/jwc/2025/0930/c624a117552/page.htm,teaching_affairs,https://www.hnpi.edu.cn/jwc/2025/0930/c624a117552/page.htm,verified
BITC,https://admission.bitc.edu.cn/info/1371/5841.htm,teaching_affairs,https://admission.bitc.edu.cn/info/1371/5841.htm,verified
HNCC,https://www.hncc.edu.cn/index/rcpyfa.htm,teaching_affairs,https://www.hncc.edu.cn/index/rcpyfa.htm,verified
BGY,https://www.bgy.edu.cn/xxxw/d60be85826fd425d93a980c229c8dac9.htm,official_group_announcement,https://www.bgy.edu.cn/xxxw/d60be85826fd425d93a980c229c8dac9.htm,verified
BGY,https://jwc.bgy.edu.cn/,teaching_affairs,https://jwc.bgy.edu.cn/,verified
TJMVTC,https://jw.tjmvtc.edu.cn/info/1058/1267.htm,teaching_affairs,https://jw.tjmvtc.edu.cn/info/1058/1267.htm,verified
TJMC,https://jwc.tjmc.edu.cn/wejlist.jsp?urltype=tree.TreeTempUrl&wbtreeid=1951,teaching_affairs,https://jwc.tjmc.edu.cn/wejlist.jsp?urltype=tree.TreeTempUrl&wbtreeid=1951,verified
TJEIC,https://www.tjdz.edu.cn/a/departmentsite/dianzixi/,school_college,https://www.tjdz.edu.cn/a/departmentsite/dianzixi/,verified
CZIMT,https://www.czimt.edu.cn/xxgkw/2026/0114/c5483a181220/page.htm,teaching_affairs,https://www.czimt.edu.cn/xxgkw/2026/0114/c5483a181220/page.htm,verified
CZIMT,https://www.czimt.edu.cn/xxgkw/2026/0114/c5483a181218/page.htm,teaching_affairs,https://www.czimt.edu.cn/xxgkw/2026/0114/c5483a181218/page.htm,verified
CZIMT,https://www.czimt.edu.cn/xxgkw/2026/0114/c5483a181226/page.htm,teaching_affairs,https://www.czimt.edu.cn/xxgkw/2026/0114/c5483a181226/page.htm,verified
CZIMT,https://www.czimt.edu.cn/xxgkw/2026/0114/c5483a181229/page.htm,teaching_affairs,https://www.czimt.edu.cn/xxgkw/2026/0114/c5483a181229/page.htm,verified
TJTC,https://jwc.tjtc.edu.cn/info/1959/2176.htm,teaching_affairs,https://jwc.tjtc.edu.cn/info/1959/2176.htm,verified
ZFC,https://www.zfc.edu.cn/2025/0627/c3526a64093/page.htm,teaching_affairs,https://www.zfc.edu.cn/2025/0627/c3526a64093/page.htm,verified
ZFC,https://www.zfc.edu.cn/2026/0609/c3526a66870/page.htm,teaching_affairs,https://www.zfc.edu.cn/2026/0609/c3526a66870/page.htm,verified
ZIME,https://www.zime.edu.cn/zjjdjwc/info/1143/1732.htm,teaching_affairs,https://www.zime.edu.cn/zjjdjwc/info/1143/1732.htm,verified
ZIME,https://www.zime.edu.cn/zjjdjwc/info/1143/1734.htm,teaching_affairs,https://www.zime.edu.cn/zjjdjwc/info/1143/1734.htm,verified
ZJTIE,https://jwc.zjtie.edu.cn/65/list.htm,teaching_affairs,https://jwc.zjtie.edu.cn/65/list.htm,verified
ZJTIE,https://ltjj.zjtie.edu.cn/1663/list.htm,college,https://ltjj.zjtie.edu.cn/1663/list.htm,verified
ZJITC,https://jwc.zjitc.edu.cn/info/1003/3054.htm,teaching_affairs,https://jwc.zjitc.edu.cn/info/1003/3054.htm,verified
ZJBC,https://www.zjbc.edu.cn/dit/113/listm2.htm,teaching_affairs,https://www.zjbc.edu.cn/dit/113/listm2.htm,verified
WZVCST,https://dean.wzvcst.edu.cn/info/1087/2122.htm,teaching_affairs,https://dean.wzvcst.edu.cn/info/1087/2122.htm,verified
ZJIET,https://www.zjiet.edu.cn/114/,school_profile,https://www.zjiet.edu.cn/114/,verified
TCZJ,https://www.tourzj.edu.cn/info/1084/24373.htm,teaching_affairs,https://www.tourzj.edu.cn/info/1084/24373.htm,verified
ZJVTIT,https://www.zjvtit.edu.cn/rcpy/pyfa.htm,teaching_affairs,https://www.zjvtit.edu.cn/rcpy/pyfa.htm,verified
ZJVTIT,https://www.zjvtit.edu.cn/info/1034/22428.htm,teaching_affairs,https://www.zjvtit.edu.cn/info/1034/22428.htm,verified
ZJJS,https://www.zjjs.edu.cn/pagelist.jsp?id=c130c4b7ddc443e49aa9326bf813f2b6,teaching_affairs,https://www.zjjs.edu.cn/pagelist.jsp?id=c130c4b7ddc443e49aa9326bf813f2b6,verified
ZJJS,https://www.zjjs.edu.cn/_img/2026/01/09/20260109194527974.pdf,official_group_announcement,https://www.zjjs.edu.cn/_img/2026/01/09/20260109194527974.pdf,verified
ZJJS,https://zsw.zjjs.edu.cn/danye/26.shtml,school_college,https://zsw.zjjs.edu.cn/danye/26.shtml,verified
ZJJS,https://zsw.zjjs.edu.cn/danye/29.shtml,school_college,https://zsw.zjjs.edu.cn/danye/29.shtml,verified
YWICC,https://www.ywicc.edu.cn/info/1015/23092.htm,official_group_announcement,https://www.ywicc.edu.cn/info/1015/23092.htm,verified
YWICC,https://wywm.ywicc.edu.cn/xygk/xyjj.htm,school_college,https://wywm.ywicc.edu.cn/xygk/xyjj.htm,verified
YWICC,https://wywm.ywicc.edu.cn/zyjs/rcpyfa.htm,teaching_affairs,https://wywm.ywicc.edu.cn/zyjs/rcpyfa.htm,verified
YWICC,https://wywm.ywicc.edu.cn/info/1054/2115.htm,teaching_affairs,https://wywm.ywicc.edu.cn/info/1054/2115.htm,verified
SICT,https://www.sict.edu.cn/,school_homepage,https://www.sict.edu.cn/,access_blocked
SICT,https://www.sict.edu.cn/uploads/2024/0731/17224061394c37011e47e39c1f.pdf,official_school_profile,https://www.sict.edu.cn/uploads/2024/0731/17224061394c37011e47e39c1f.pdf,verified
SICT,https://jnedu.jinan.gov.cn/col/col83009/art/2026/art_6b324883d29c49a4bd9da9ccd1bb5fea.html,official_group_announcement,https://jnedu.jinan.gov.cn/col/col83009/art/2026/art_6b324883d29c49a4bd9da9ccd1bb5fea.html,verified
SICT,https://cj.sina.com.cn/articles/view/5895814239/15f6afc5f02001cgfs,secondary_membership_evidence,https://cj.sina.com.cn/articles/view/5895814239/15f6afc5f02001cgfs,manual_review_required
SICT,https://edu.china.com.cn/2025-06/05/content_117912425.shtml,secondary_membership_evidence,https://edu.china.com.cn/2025-06/05/content_117912425.shtml,manual_review_required
SICT,https://sd.sina.cn/news/2026-06-28/detail-inieykzq0412984.d.html,secondary_group_evidence,https://sd.sina.cn/news/2026-06-28/detail-inieykzq0412984.d.html,manual_review_required
ZBPU,https://www.zbpu.edu.cn/info/1114/16339.htm,official_group_announcement,https://www.zbpu.edu.cn/info/1114/16339.htm,verified
ZBPU,https://www.moe.gov.cn/jyb_xwfb/s5147/202512/t20251218_1423785.html,education_authority_group_evidence,https://www.moe.gov.cn/jyb_xwfb/s5147/202512/t20251218_1423785.html,verified
ZBPU,https://paper.jyb.cn/zgjyb/h5/html5/2026-06/09/content_144744_19604066.htm,education_authority_group_evidence,https://paper.jyb.cn/zgjyb/h5/html5/2026-06/09/content_144744_19604066.htm,verified
ZBPU,https://www.zbpu.edu.cn/xxgk/info/1006/2746.htm,official_2025_major_settings,https://www.zbpu.edu.cn/xxgk/info/1006/2746.htm,verified
ZBPU,https://jdxy.zbpu.edu.cn/rcpy/zysz.htm,school_college,https://jdxy.zbpu.edu.cn/rcpy/zysz.htm,verified
ZBPU,https://hgx.zbpu.edu.cn/zysz.htm,school_college,https://hgx.zbpu.edu.cn/zysz.htm,verified
ZBPU,https://jwc.zbpu.edu.cn/info/1012/3889.htm,teaching_affairs,https://jwc.zbpu.edu.cn/info/1012/3889.htm,verified
ZBPU,https://www.zbpu.edu.cn/xxgk/jxzlxx/zyqk.htm,teaching_affairs,https://www.zbpu.edu.cn/xxgk/jxzlxx/zyqk.htm,verified
ZBPU,https://www.zbpu.edu.cn/xxgk/info/1063/2730.htm,official_disclosure_report,https://www.zbpu.edu.cn/xxgk/info/1063/2730.htm,verified
BZPT,https://xxgk.bzpt.edu.cn/info/1401/7267.htm,official_group_announcement,https://xxgk.bzpt.edu.cn/info/1401/7267.htm,verified
BZPT,https://jdgc.bzpt.edu.cn/info/1011/3926.htm,school_college_group_membership,https://jdgc.bzpt.edu.cn/info/1011/3926.htm,verified
BZPT,https://qf.bzpt.edu.cn/xygk/bmjj.htm,school_college_group_evidence,https://qf.bzpt.edu.cn/xygk/bmjj.htm,verified
BZPT,https://jwc.bzpt.edu.cn/__local/E/88/5D/67D320E48F0EF8CC12BADF179E0_9FCE7537_5FD91C.pdf,official_quality_report_group_membership,https://jwc.bzpt.edu.cn/__local/E/88/5D/67D320E48F0EF8CC12BADF179E0_9FCE7537_5FD91C.pdf,verified
BZPT,https://jwc.bzpt.edu.cn/info/1201/2322.htm,teaching_affairs,https://jwc.bzpt.edu.cn/info/1201/2322.htm,verified
BZPT,https://jwc.bzpt.edu.cn/rcpy.htm,teaching_affairs_plan_index,https://jwc.bzpt.edu.cn/rcpy.htm,verified
BZPT,https://cwc.bzpt.edu.cn/__local/2/74/FA/8BCF1A3A3BCCA543D1ECC7A432F_87315478_1637E.pdf,official_2025_major_settings,https://cwc.bzpt.edu.cn/__local/2/74/FA/8BCF1A3A3BCCA543D1ECC7A432F_87315478_1637E.pdf,verified
RZPT,https://www.rzpt.cn/xxgk/xxjj.htm,official_group_announcement,https://www.rzpt.cn/xxgk/xxjj.htm,verified
RZPT,https://www.rzpt.cn/info/1080/35787.htm,official_quality_report,https://www.rzpt.cn/info/1080/35787.htm,verified
RZPT,https://hyjsx.rzpt.cn/zysz1.htm,school_college,https://hyjsx.rzpt.cn/zysz1.htm,verified
RZPT,https://hyjsx.rzpt.cn/zyqjs.htm,school_college_group_page,https://hyjsx.rzpt.cn/zyqjs.htm,verified
RZPT,https://znyjx.rzpt.cn/dpzw.jsp?urltype=tree.TreeTempUrl&wbtreeid=1096,school_college,https://znyjx.rzpt.cn/dpzw.jsp?urltype=tree.TreeTempUrl&wbtreeid=1096,verified
RZPT,https://www.rzpt.cn/info/1070/34492.htm,teaching_affairs,https://www.rzpt.cn/info/1070/34492.htm,verified
RZPT,https://www.rzpt.cn/search.jsp?wbtreeid=1001,official_site_search,https://www.rzpt.cn/search.jsp?wbtreeid=1001,verified
RZPT,https://gotorzu.rzpt.cn/__local/D/49/18/570EE252619F214FFEB2FCA2F6C_9980CA33_6D914.pdf,official_2025_major_settings,https://gotorzu.rzpt.cn/__local/D/49/18/570EE252619F214FFEB2FCA2F6C_9980CA33_6D914.pdf,verified
SDP,https://www.sdp.edu.cn/xwzx/info/1011/55397.htm,official_group_announcement,https://www.sdp.edu.cn/xwzx/info/1011/55397.htm,verified
SDP,https://www.sdp.edu.cn/xwzx/info/1011/41957.htm,official_group_evidence,https://www.sdp.edu.cn/xwzx/info/1011/41957.htm,verified
SDP,https://www.sdp.edu.cn/csgd/,school_college_group_membership,https://www.sdp.edu.cn/csgd/,verified
SDP,https://www.sdp.edu.cn/csgd/info/1073/1422.htm,official_2025_plan_review,https://www.sdp.edu.cn/csgd/info/1073/1422.htm,verified
SDP,https://www.sdp.edu.cn/jcyjd/info/1031/2273.htm,school_college,https://www.sdp.edu.cn/jcyjd/info/1031/2273.htm,verified
SDP,https://www.sdp.edu.cn/jcyjd/xzzq.htm,school_college_download_index,https://www.sdp.edu.cn/jcyjd/xzzq.htm,verified
SDP,https://www.sdp.edu.cn/__local/A/36/35/91CD6C40BDAFBD317F61B8C08D4_40834A3D_C3252.pdf,official_wrong_year_plan,https://www.sdp.edu.cn/__local/A/36/35/91CD6C40BDAFBD317F61B8C08D4_40834A3D_C3252.pdf,verified
JNVC,https://qsy.jinan.gov.cn/col/col8827/art/2026/art_662bf103100c4911838ebd626122637b.html,government_information_disclosure,https://qsy.jinan.gov.cn/col/col8827/art/2026/art_662bf103100c4911838ebd626122637b.html,verified
JNVC,https://qsy.jinan.gov.cn/col/col8827/art/2026/art_adf69c12998c4ddfa566a393606cc050.html,government_information_disclosure,https://qsy.jinan.gov.cn/col/col8827/art/2026/art_adf69c12998c4ddfa566a393606cc050.html,verified
SDVCST,https://jwc.sdvcst.edu.cn/info/1411/11635.htm,teaching_affairs_group_plan,https://jwc.sdvcst.edu.cn/info/1411/11635.htm,verified
SDVCST,https://fzfz.sdvcst.edu.cn/info/1729/6566.htm,official_2025_plan_review,https://fzfz.sdvcst.edu.cn/info/1729/6566.htm,verified
DYXY,http://www.dyxy.edu.cn/index.php/cms/item-view-id-12511.shtml,official_second_phase_group,http://www.dyxy.edu.cn/index.php/cms/item-view-id-12511.shtml,verified
DYXY,http://www.dyxy.edu.cn/s.php/syhg/item-list-category-24731.html,school_college_group_membership,http://www.dyxy.edu.cn/s.php/syhg/item-list-category-24731.html,verified
DYXY,http://www.dyxy.edu.cn/index.php/cms/item-view-id-9698.shtml,official_2025_plan_work_meeting,http://www.dyxy.edu.cn/index.php/cms/item-view-id-9698.shtml,verified
DYXY,http://www.dyxy.edu.cn/index.php/cms/item-view-id-10533.shtml,official_2025_plan_review,http://www.dyxy.edu.cn/index.php/cms/item-view-id-10533.shtml,verified
DYXY,http://www.dyxy.edu.cn/s.php/xxgk/item-list-category-25215-page-4.html,official_wrong_year_plan_index,http://www.dyxy.edu.cn/s.php/xxgk/item-list-category-25215-page-4.html,verified
DYXY,http://www.dyxy.edu.cn/s.php/xxgk/item-view-id-58224.html,official_wrong_year_plan,http://www.dyxy.edu.cn/s.php/xxgk/item-view-id-58224.html,verified
DYXY,http://www.dyxy.edu.cn/s.php/xxgk/item-view-id-58225.html,official_wrong_year_plan,http://www.dyxy.edu.cn/s.php/xxgk/item-view-id-58225.html,verified
DYXY,http://www.dyxy.edu.cn/s.php/xxgk/item-view-id-58228.html,official_wrong_year_plan,http://www.dyxy.edu.cn/s.php/xxgk/item-view-id-58228.html,verified
DYXY,http://www.dyxy.edu.cn/s.php/xxgk/item-view-id-58226.html,official_wrong_year_plan,http://www.dyxy.edu.cn/s.php/xxgk/item-view-id-58226.html,verified
YTVC,https://www.yantai.gov.cn/art/2025/3/31/art_61378_3248034.html,government_second_phase_evidence,https://www.yantai.gov.cn/art/2025/3/31/art_61378_3248034.html,verified
YTVC,https://www.yantai.gov.cn/col/col11795/art/2026/art_eacef473e0c58e7308925c5b7dd336cf.html,government_current_project_status,https://www.yantai.gov.cn/col/col11795/art/2026/art_eacef473e0c58e7308925c5b7dd336cf.html,verified
YTVC,https://www.yantai.gov.cn/cms_files/jcms1/web1/site/attach/0/ce69981d406741fca4da2124976b661a.pdf,government_new_round_group_evidence,https://www.yantai.gov.cn/cms_files/jcms1/web1/site/attach/0/ce69981d406741fca4da2124976b661a.pdf,verified
YTVC,https://jwc.ytvc.edu.cn/info/1018/1056.htm,teaching_affairs_group_membership,https://jwc.ytvc.edu.cn/info/1018/1056.htm,verified
YTVC,https://jwc.ytvc.edu.cn/zyjs/zysz.htm,teaching_affairs_plan_index,https://jwc.ytvc.edu.cn/zyjs/zysz.htm,verified
YTVC,https://jwc.ytvc.edu.cn/info/1018/2008.htm,official_2025_plan,https://jwc.ytvc.edu.cn/info/1018/2008.htm,verified
YTVC,https://jwc.ytvc.edu.cn/info/1018/2006.htm,official_2025_special_track_plan,https://jwc.ytvc.edu.cn/info/1018/2006.htm,verified
YTVC,https://jwc.ytvc.edu.cn/info/1018/1663.htm,official_wrong_year_teaching_plan,https://jwc.ytvc.edu.cn/info/1018/1663.htm,verified
WFVC,https://zs.sdwfvc.edu.cn/info/1153/5560.htm,official_second_phase_evidence,https://zs.sdwfvc.edu.cn/info/1153/5560.htm,verified
WFVC,https://www.sdwfvc.edu.cn/info/1813/283053.htm,official_second_phase_group_evidence,https://www.sdwfvc.edu.cn/info/1813/283053.htm,verified
WFVC,https://nl.sdwfvc.edu.cn/info/1285/7062.htm,official_current_college_profile,https://nl.sdwfvc.edu.cn/info/1285/7062.htm,verified
WFVC,https://zs.sdwfvc.edu.cn/info/1060/4023.htm,official_major_evidence,https://zs.sdwfvc.edu.cn/info/1060/4023.htm,verified
WFVC,https://zs.sdwfvc.edu.cn/info/1060/1687.htm,official_group_member_evidence,https://zs.sdwfvc.edu.cn/info/1060/1687.htm,verified
WFVC,https://zs.sdwfvc.edu.cn/info/1060/1685.htm,official_group_member_evidence,https://zs.sdwfvc.edu.cn/info/1060/1685.htm,verified
WFVC,https://zs.sdwfvc.edu.cn/info/1060/1688.htm,official_group_member_evidence,https://zs.sdwfvc.edu.cn/info/1060/1688.htm,verified
WFVC,https://jwc.sdwfvc.edu.cn/rcpy/pyfa/nlkjxy.htm,teaching_affairs_plan_index,https://jwc.sdwfvc.edu.cn/rcpy/pyfa/nlkjxy.htm,verified
WFVC,https://jwc.sdwfvc.edu.cn/info/2174/8586.htm,official_wrong_year_plan,https://jwc.sdwfvc.edu.cn/info/2174/8586.htm,verified
WFVC,https://jwc.sdwfvc.edu.cn/info/2174/8616.htm,official_wrong_year_plan,https://jwc.sdwfvc.edu.cn/info/2174/8616.htm,verified
WFVC,https://jwc.sdwfvc.edu.cn/info/2174/8606.htm,official_wrong_year_plan,https://jwc.sdwfvc.edu.cn/info/2174/8606.htm,verified
WFVC,https://jwc.sdwfvc.edu.cn/info/2174/8596.htm,official_wrong_year_plan,https://jwc.sdwfvc.edu.cn/info/2174/8596.htm,verified
WHVC,https://www.whvc.edu.cn/219/list.htm,official_current_profile,https://www.whvc.edu.cn/219/list.htm,verified
WHVC,https://www.whvc.edu.cn/xxgk/2026/0104/c7804a132982/page.htm,official_2025_quality_report,https://www.whvc.edu.cn/xxgk/2026/0104/c7804a132982/page.htm,verified
WHVC,https://www.whvc.edu.cn/jdgc/2026/0320/c2540a134047/page.htm,official_new_double_high_work,https://www.whvc.edu.cn/jdgc/2026/0320/c2540a134047/page.htm,verified
WHVC,https://www.whvc.edu.cn/jwc/1847/list.htm,official_legacy_group_membership,https://www.whvc.edu.cn/jwc/1847/list.htm,manual_review_required
WHVC,https://www.whvc.edu.cn/cbgc/cbgcjszyq_8889/list.htm,official_current_group_page,https://www.whvc.edu.cn/cbgc/cbgcjszyq_8889/list.htm,verified
WHVC,https://www.whvc.edu.cn/jwc/rcpyfa_7907/list.htm,teaching_affairs_plan_index,https://www.whvc.edu.cn/jwc/rcpyfa_7907/list.htm,verified
WHVC,https://www.whvc.edu.cn/jwc/2025/0713/c7907a130218/page.htm,official_wrong_year_plan,https://www.whvc.edu.cn/jwc/2025/0713/c7907a130218/page.htm,verified
WHVC,https://www.whvc.edu.cn/cbgc/2149/list.htm,school_college_teaching_index,https://www.whvc.edu.cn/cbgc/2149/list.htm,verified
WHVC,https://www.whvc.edu.cn/jdgc/1395/list.htm,school_college_teaching_index,https://www.whvc.edu.cn/jdgc/1395/list.htm,verified
SDMY,https://www.sdmy.edu.cn/info/1024/14459.htm,official_second_phase_group_evidence,https://www.sdmy.edu.cn/info/1024/14459.htm,verified
SDMY,https://www.sdmy.edu.cn/__local/2/EB/5E/0173A29EEEC80D3C0C123D09BBE_F81DD0F2_842E05.pdf,official_2025_quality_report_group_membership,https://www.sdmy.edu.cn/__local/2/EB/5E/0173A29EEEC80D3C0C123D09BBE_F81DD0F2_842E05.pdf,verified
SDMY,https://jwc.sdmy.edu.cn/rcpy.htm,teaching_affairs_plan_index,https://jwc.sdmy.edu.cn/rcpy.htm,verified
SDMY,https://jwc.sdmy.edu.cn/info/1045/2309.htm,official_2025_plan,https://jwc.sdmy.edu.cn/info/1045/2309.htm,verified
SDMY,https://jwc.sdmy.edu.cn/info/1045/2330.htm,official_2025_plan,https://jwc.sdmy.edu.cn/info/1045/2330.htm,verified
SDMY,https://jwc.sdmy.edu.cn/info/1045/2323.htm,official_2025_plan,https://jwc.sdmy.edu.cn/info/1045/2323.htm,verified
SDMY,https://jwc.sdmy.edu.cn/info/1045/2210.htm,official_wrong_year_plan,https://jwc.sdmy.edu.cn/info/1045/2210.htm,verified
SDMY,https://jwc.sdmy.edu.cn/info/1045/2211.htm,official_wrong_year_plan,https://jwc.sdmy.edu.cn/info/1045/2211.htm,verified
JNVTC,https://jnzyjsxy.cn/tsjx/tsppzy1.htm,official_second_phase_group_evidence,https://jnzyjsxy.cn/tsjx/tsppzy1.htm,verified
JNVTC,https://jnzyjsxy.cn/info/1052/7955.htm,official_2025_quality_report_group_membership,https://jnzyjsxy.cn/info/1052/7955.htm,manual_review_required
JNVTC,https://jnzyjsxy.cn/njwc/,teaching_affairs_home,https://jnzyjsxy.cn/njwc/,verified
JNVTC,https://jnzyjsxy.cn/njwc/xzyd.htm,teaching_affairs_download_index,https://jnzyjsxy.cn/njwc/xzyd.htm,verified
JNVTC,https://jnzyjsxy.cn/njwc/jwgl.htm,teaching_affairs_management_index,https://jnzyjsxy.cn/njwc/jwgl.htm,verified
JNVTC,https://jnzyjsxy.cn/jdgcx/zyjs.htm,school_college_major_index,https://jnzyjsxy.cn/jdgcx/zyjs.htm,verified
JNVTC,https://jnzyjsxy.cn/jdgcx/cyxz.htm,school_college_download_index,https://jnzyjsxy.cn/jdgcx/cyxz.htm,verified
JNVTC,https://jnzyjsxy.cn/jdgcx/jxky.htm,school_college_teaching_index,https://jnzyjsxy.cn/jdgcx/jxky.htm,verified
WFEC,https://www.wfec.edu.cn/info/1023/49831.htm,official_second_phase_group_evidence,https://www.wfec.edu.cn/info/1023/49831.htm,verified
WFEC,https://xxgk.wfec.edu.cn/info/1038/13301.htm,official_2025_quality_report_group_membership,https://xxgk.wfec.edu.cn/info/1038/13301.htm,manual_review_required
WFEC,https://jwc.wfec.edu.cn/,teaching_affairs_home,https://jwc.wfec.edu.cn/,manual_review_required
WFEC,https://jwc.wfec.edu.cn/zyjs/tsppgspzy_q_.htm,teaching_affairs_professional_group_index,https://jwc.wfec.edu.cn/zyjs/tsppgspzy_q_.htm,manual_review_required
WFEC,https://hhxy.wfec.edu.cn/,school_college_home,https://hhxy.wfec.edu.cn/,manual_review_required
WFEC,https://hhxy.wfec.edu.cn/zy.htm,school_college_major_index,https://hhxy.wfec.edu.cn/zy.htm,manual_review_required
WFEC,https://hhxy.wfec.edu.cn/jxky.htm,school_college_teaching_index,https://hhxy.wfec.edu.cn/jxky.htm,manual_review_required
QDGW,https://www.qdgw.edu.cn/info/1501/127091.htm,official_second_phase_group_evidence,https://www.qdgw.edu.cn/info/1501/127091.htm,verified
QDGW,https://zhgk.qdgw.edu.cn/info/1011/7835.htm,official_2025_plan_review_evidence,https://zhgk.qdgw.edu.cn/info/1011/7835.htm,manual_review_required
QDGW,https://zhgk.qdgw.edu.cn/,school_college_home,https://www.qdgw.edu.cn/jgsz.htm,manual_review_required
QDGW,https://xdhhxy.qdgw.edu.cn/,school_college_home,https://www.qdgw.edu.cn/jgsz.htm,manual_review_required
QDGW,https://jxgz.qdgw.edu.cn/,teaching_affairs_home,https://www.qdgw.edu.cn/jgsz.htm,manual_review_required
QDGW,https://jxgz.qdgw.edu.cn/list.jsp?urltype=tree.TreeTempUrl&wbtreeid=1941,teaching_affairs_operation_index,https://jxgz.qdgw.edu.cn/,manual_review_required
QDGW,https://zs.qdgw.edu.cn/article.php?id=324&mid=60,current_school_college_major_index,https://zs.qdgw.edu.cn/article.php?id=324&mid=60,manual_review_required
QDGW,https://xxgk.qdgw.edu.cn/info/1081/1465.htm,official_2025_quality_report,https://xxgk.qdgw.edu.cn/info/1081/1465.htm,manual_review_required
QDGW,https://xxgk.qdgw.edu.cn/__local/0/FF/7B/83603B3C76E64F1723D78F9F153_95DCFD9F_538743.pdf,official_group_membership_report,https://xxgk.qdgw.edu.cn/,manual_review_required
LWVC,https://www.lwvc.edu.cn/info/1021/16177.htm,official_2025_quality_report,https://www.lwvc.edu.cn/info/1021/16177.htm,verified
LWVC,https://www.lwvc.edu.cn/__local/8/69/2C/4694FBB40ABF0B32C6442657E54_74AA99F0_BD47CC.pdf,official_2025_quality_report_group_membership,https://www.lwvc.edu.cn/info/1021/16177.htm,manual_review_required
LWVC,https://jwc.lwvc.edu.cn/rcpy.htm,teaching_affairs_plan_index,https://jwc.lwvc.edu.cn/rcpy.htm,manual_review_required
LWVC,https://jwc.lwvc.edu.cn/info/1024/2305.htm,official_wrong_year_plan_published_2025,https://jwc.lwvc.edu.cn/info/1024/2305.htm,manual_review_required
LWVC,https://jwc.lwvc.edu.cn/info/1024/1706.htm,official_wrong_year_plan,https://jwc.lwvc.edu.cn/info/1024/1706.htm,manual_review_required
LWVC,https://jwc.lwvc.edu.cn/info/1024/1707.htm,official_wrong_year_plan,https://jwc.lwvc.edu.cn/info/1024/1707.htm,manual_review_required
LWVC,https://jwc.lwvc.edu.cn/info/1024/1708.htm,official_wrong_year_plan,https://jwc.lwvc.edu.cn/info/1024/1708.htm,manual_review_required
SZPU,https://www.szpu.edu.cn/info/1225/22880.htm,official_second_phase_selected_status,https://www.szpu.edu.cn/info/1225/22880.htm,verified
SZPU,https://pingshen.szpu.edu.cn/sbyys25/xsg.htm,official_second_phase_application_portal,https://pingshen.szpu.edu.cn/sbyys25/xsg.htm,manual_review_required
SZPU,https://pingshen.szpu.edu.cn/__local/3/3C/5A/90BA7B7379E7A9126FF4C2C8277_20FB994D_4598A.pdf,official_group_membership_information_form,https://pingshen.szpu.edu.cn/sbyys25/xsg.htm,manual_review_required
SZPU,https://pingshen.szpu.edu.cn/__local/C/39/19/25ABE6D5498D5CC25FCADC560AC_E4014B81_52AF2D.pdf,official_electronics_group_report,https://pingshen.szpu.edu.cn/sbyys25/xsg.htm,manual_review_required
SZPU,https://pingshen.szpu.edu.cn/__local/B/AB/0B/A57C932CE3CF46565FC1521E9B1_098D9DE5_4FFD75.pdf,official_nev_group_report,https://pingshen.szpu.edu.cn/sbyys25/xsg.htm,manual_review_required
SZPU,https://pingshen.szpu.edu.cn/zlgcsb2019/szzyjsxyrcpyfa/a24jrcpyfa.htm,official_plan_archive_latest_public_page,https://pingshen.szpu.edu.cn/zlgcsb2019/szzyjsxyrcpyfa/a24jrcpyfa.htm,manual_review_required
SZPU,https://pingshen.szpu.edu.cn/__local/0/CA/21/D84F6D56C0905483FEEF823114F_FE0B9CDC_5E53D.pdf,official_2023_bachelor_plans,https://pingshen.szpu.edu.cn/,manual_review_required
SZPU,https://jiaowc.szpu.edu.cn/,teaching_affairs_home,https://jiaowc.szpu.edu.cn/,manual_review_required
GZPU,https://www.gzhpu.edu.cn/gzj/zlnb/rcpyzl/content_71202,official_2025_quality_report,https://www.gzhpu.edu.cn/gzj/zlnb/rcpyzl/content_71202,verified
GZPU,https://www.gzhpu.edu.cn/Upload/gzj/ContentManage/Article/File/2026/01/06/202601061553304561.pdf,official_2025_quality_report_pdf,https://www.gzhpu.edu.cn/gzj/zlnb/rcpyzl/content_71202,manual_review_required
GZPU,https://www.gzhpu.edu.cn/xxgcxy/xydt/content_71220,official_big_data_group_membership,https://www.gzhpu.edu.cn/xxgcxy/xydt/content_71220,verified
GZPU,https://www.gzhpu.edu.cn/znzzxy/zysz/gyjqrjs/content_66809,official_automotive_group_membership,https://www.gzhpu.edu.cn/znzzxy/zysz/gyjqrjs/content_66809,verified
GZPU,https://www.gzhpu.edu.cn/s?wd=%E5%9F%B9%E5%85%BB%E6%96%B9%E6%A1%88,official_plan_search_index,https://www.gzhpu.edu.cn/s?wd=%E5%9F%B9%E5%85%BB%E6%96%B9%E6%A1%88,verified
GZPU,https://mooc1.chaoxing.com/course/259640314.html,official_delegated_2025_plan_archive,https://www.gzhpu.edu.cn/s?wd=%E5%9F%B9%E5%85%BB%E6%96%B9%E6%A1%88,manual_review_required
GZPU,https://www.moe.gov.cn/srcsite/A03/s181/202506/t20250619_1194808.html,education_ministry_upgrade_notice,https://www.moe.gov.cn/srcsite/A03/s181/202506/t20250619_1194808.html,manual_review_required
SDPT,https://www.sdpt.edu.cn/info/1490/21758.htm,official_2025_quality_report,https://www.sdpt.edu.cn/info/1490/21758.htm,verified
SDPT,https://www.sdpt.edu.cn/__local/1/49/97/15ED5FC03977028C2CD02179226_1B9A19DE_CEAC50.pdf,official_2025_quality_report_pdf,https://www.sdpt.edu.cn/info/1490/21758.htm,manual_review_required
SDPT,https://zhuanti.sdpt.edu.cn/rcpyfa/jzyrcpyfa2025.htm,official_2025_plan_archive,https://zhuanti.sdpt.edu.cn/rcpyfa/jzyrcpyfa2025.htm,verified
SDPT,https://zhuanti.sdpt.edu.cn/sgjs2/,official_second_round_application_site,https://zhuanti.sdpt.edu.cn/sg2.html,access_blocked
SDPT,https://www.sdpt.edu.cn/info/1043/20448.htm,official_industrial_robot_related_majors_report,https://www.sdpt.edu.cn/info/1043/20448.htm,manual_review_required
SZIIT,https://sgspzyq.suit-sz.edu.cn/xxzyqxmglbg/gdsgzyxgspzyqxmglbg_2025n_.htm,official_2025_group_management_portal,https://sgspzyq.suit-sz.edu.cn/xxzyqxmglbg/gdsgzyxgspzyqxmglbg_2025n_.htm,verified
SZIIT,https://sgspzyq.suit-sz.edu.cn/virtual_attach_file.vsb?afc=5MmlC4LNUan7M2nQmCbnmCDLl-PU4Vq7nlnkM7VRnmGiLzC0gihFp2hmCIa0USy8nSyPn1y8nl-sMR9bnmTfM8QkLRvanlnRL4lsnmWRMNnFM8-4L4U4MNQFolrkM7UJv2nto4OeosMjvsfE_570qIbtpYyPLmNYg47PMR7Jqdpnx&e=.pdf&nid=1141&tid=1292,official_ic_group_membership_registration,https://sgspzyq.suit-sz.edu.cn/jcdljszyqyscl/ysdjb.htm,verified
SZIIT,https://sgspzyq.suit-sz.edu.cn/virtual_attach_file.vsb?afc=7MzLV8nR-ZLRn2L2N7iL4n7nR-iMzNdZolUPM7lPU4v8Um70gihFp2hmCIa0Lkh2UYyYU1yZMmr2U8Q7o7-4M4GZUNQRMNlDol74nRGZnmVFMzl4LRr7nzWFLz78M8VVgjfNQmOeo4x4QsMa_jTPgDTJQty0Lz-boSyPLm7bgtA8pU-cc&e=.pdf&nid=1219&tid=1299,official_industrial_software_group_membership_registration,https://sgspzyq.suit-sz.edu.cn/gyrjkfjszyqyscl/ysdjb.htm,verified
SZIIT,https://sgspzyq.suit-sz.edu.cn/jcdljszyqyscl/zzcl.htm,official_ic_support_material_page,https://sgspzyq.suit-sz.edu.cn/jcdljszyqyscl/zzcl.htm,manual_review_required
SZIIT,https://sgspzyq.suit-sz.edu.cn/virtual_attach_file.vsb?afc=ZM8MbfnzC8nz9YUElCin7-bnm9bL4ve8U46kLRlbMRW2MNU0gihFp2hmCIa0okhfUSybL1y4L7MVo7LiLRLsL7-8L7QVoRGPolLiM7CDnmMFnRGPM8MfUmMFLlMVUllZLYbaQ2Ceo4OevD64vdXbvShXptQ0g474LRN0Lz-YM1bw62y8c&e=.pdf&nid=1226&tid=1309,official_ic_support_material_pdf,https://sgspzyq.suit-sz.edu.cn/jcdljszyqyscl/zzcl.htm,wrong_document_type
SZIIT,https://sgspzyq.suit-sz.edu.cn/gyrjkfjszyqyscl/zzcl.htm,official_industrial_software_support_material_page,https://sgspzyq.suit-sz.edu.cn/gyrjkfjszyqyscl/zzcl.htm,manual_review_required
SZIIT,https://sgspzyq.suit-sz.edu.cn/virtual_attach_file.vsb?afc=nUlWSfLzliUz6VUzzAkMlLPo7MkLNLlsnRUDnNQVnlCaU4U0gihFp2hmCIa0L1yZokhknSyDoR9ZLN7iM7QfLmUDL7-8MlMRLlW7MRvPoRMFLRT7UmviM8rFn7CsMNLaLYbaQ2Ceo4OevD64vdXbvShXptQ0g474LRv0Lz-4L1bw62r8c&e=.pdf&nid=1232&tid=1307,official_industrial_software_support_material_pdf,https://sgspzyq.suit-sz.edu.cn/gyrjkfjszyqyscl/zzcl.htm,wrong_document_type
GDIPU,https://www.gdipu.edu.cn/info/1057/27213.htm,official_second_phase_group_news,https://www.gdipu.edu.cn/info/1057/27213.htm,verified
GDIPU,https://www.gdipu.edu.cn/info/1057/21413.htm,official_second_phase_construction_news,https://www.gdipu.edu.cn/info/1057/21413.htm,verified
GDIPU,https://www.gdipu.edu.cn/__local/B/95/83/69304F0B1B11721E4BA357E1CF8_8BA9481A_9A0A33.pdf,official_2025_quality_report,https://www.gdipu.edu.cn/__local/B/95/83/69304F0B1B11721E4BA357E1CF8_8BA9481A_9A0A33.pdf,verified
GDIPU,https://xxgk.gdipu.edu.cn/__local/D/E1/2B/7AB8D050A26D80051E0E006E5E1_34B6ECD4_ED80C1.pdf,official_2024_quality_report,https://xxgk.gdipu.edu.cn/__local/D/E1/2B/7AB8D050A26D80051E0E006E5E1_34B6ECD4_ED80C1.pdf,verified
GDIPU,https://cqgc.gdipu.edu.cn/__local/0/BA/4B/B81A5BBB44BFD8F14829BD62981_3EEE2B6C_4063E3.pdf,official_2023_group_membership_report,https://cqgc.gdipu.edu.cn/__local/0/BA/4B/B81A5BBB44BFD8F14829BD62981_3EEE2B6C_4063E3.pdf,verified
GDIPU,https://jdx.gdipu.edu.cn/bygk1/xyjj.htm,official_mechanical_college_profile,https://jdx.gdipu.edu.cn/bygk1/xyjj.htm,verified
GDIPU,https://sp.gdipu.edu.cn/info/1151/6582.htm,official_chemical_biotechnology_major_page,https://sp.gdipu.edu.cn/info/1151/6582.htm,verified
GDIPU,https://sp.gdipu.edu.cn/info/1151/6602.htm,official_food_nutrition_major_page,https://sp.gdipu.edu.cn/info/1151/6602.htm,verified
GDIPU,https://sp.gdipu.edu.cn/info/1151/6572.htm,official_biopharmaceutical_major_page,https://sp.gdipu.edu.cn/info/1151/6572.htm,verified
GDIPU,https://jwc.gdipu.edu.cn/info/1063/4143.htm,official_2025_plan_preparation_notice,https://jwc.gdipu.edu.cn/info/1063/4143.htm,verified
GDIPU,https://jwc.gdipu.edu.cn/info/1063/4453.htm,official_2025_plan_evaluation_notice,https://jwc.gdipu.edu.cn/info/1063/4453.htm,verified
GDIPU,https://jwc.gdipu.edu.cn/system/_content/download.jsp?owner=1610676122&urltype=news.DownloadAttachUrl&wbfileid=ED4DD608A9FF30396671E8B73BECDC7E,official_2025_plan_detail_spreadsheet,https://jwc.gdipu.edu.cn/info/1063/4143.htm,access_blocked
GTXY,https://yurenhao.sizhengwang.cn/a/gztlzyjsxyjdgcxyjxgcdzb/260205/2332303.shtml,official_school_party_branch_second_phase_news,https://yurenhao.sizhengwang.cn/a/gztlzyjsxyjdgcxyjxgcdzb/260205/2332303.shtml,verified
GTXY,https://www.gtxy.edu.cn/xwzx/xxxw/content_25318,official_second_phase_progress_news,https://www.gtxy.edu.cn/xwzx/xxxw/content_25318,verified
GTXY,https://jyj.gz.gov.cn/attachment/7/7971/7971496/10683704.pdf,official_2026_budget_second_phase_project,https://jyj.gz.gov.cn/attachment/7/7971/7971496/10683704.pdf,verified
GTXY,https://www.gtxy.edu.cn/tdys,official_transport_college_home,https://www.gtxy.edu.cn/tdys,verified
GTXY,https://www.gtxy.edu.cn/tdys/zyjs/csgdjtyygl,official_lead_major_page,https://www.gtxy.edu.cn/tdys/zyjs/csgdjtyygl,verified
GTXY,https://www.gtxy.edu.cn/jwc,official_academic_affairs_home,https://www.gtxy.edu.cn/jwc,verified
GTXY,https://www.gtxy.edu.cn/s?sid=1&wd=2025%E7%BA%A7%E4%BA%BA%E6%89%8D%E5%9F%B9%E5%85%BB%E6%96%B9%E6%A1%88,official_site_search_2025_plan,https://www.gtxy.edu.cn/,not_found_official_2025
GTXY,https://www.gtxy.edu.cn/xwzx/xxxw/content_19636,official_2024_plan_review_news,https://www.gtxy.edu.cn/xwzx/xxxw/content_19636,wrong_year
GTXY,https://ds.gtxy.cn/suite/solver/classView.do?feature=blockItem&action=browse&blockKey=27944433&siteKey=27944426&key=34029420,official_2025_information_disclosure_report,https://www.gz.gov.cn/zwgk/zdly/gxxx/gxxxgkndbg/content/post_10760860.html,access_blocked
GDAIB,https://www.guangken.com.cn/html/web/xinwen/guangkenyaowen/1963038382414168065.html,official_controller_second_phase_news,https://www.guangken.com.cn/html/web/xinwen/guangkenyaowen/1963038382414168065.html,verified
GDAIB,https://edu.ycwb.com/2026-05/23/content_54135229.htm,authoritative_media_current_group_confirmation,https://edu.ycwb.com/2026-05/23/content_54135229.htm,verified
GDAIB,https://www.gdaib.edu.cn/auto/gdaibnews/ybdt/2023-04-10/45322.html,official_lead_major_evidence,https://www.gdaib.edu.cn/auto/gdaibnews/ybdt/2023-04-10/45322.html,verified
GDAIB,https://www.tech.net.cn/upfiles/zlbg2023_new/xx/guangdong/guangdong%20%2826%29.pdf,official_platform_2023_quality_report,https://www.tech.net.cn/column_rcpy/art.aspx?id=23581&type=2,verified
GDAIB,http://www.gdaib.edu.cn/,official_home_http,http://www.gdaib.edu.cn/,verified
GDAIB,https://www.gdaib.edu.cn/,official_home_https,https://www.gdaib.edu.cn/,access_blocked
GDAIB,http://www.gdaib.edu.cn/auto/jwc/,official_academic_affairs_home,http://www.gdaib.edu.cn/auto/jwc/,access_blocked
GDAIB,http://www.gdaib.edu.cn/auto/xxgkweb/,official_information_disclosure_home,http://www.gdaib.edu.cn/auto/xxgkweb/,access_blocked
GDIT,https://www.gdit.edu.cn/2026/0107/c6705a118054/page.htm,official_2025_quality_report_page,https://www.gdit.edu.cn/2026/0107/c6705a118054/page.htm,verified
GDIT,https://www.gdit.edu.cn/_upload/article/files/11/1d/f35a0ff94d4e905abbe1a342702a/f8eb72e5-b4b0-47c7-9a5d-2448b9b6acb1.pdf,official_2025_quality_report_pdf,https://www.gdit.edu.cn/2026/0107/c6705a118054/page.htm,verified
GDIT,https://www.tech.net.cn/upload/202511/27/202511271503569475.pdf,official_second_phase_funding,https://www.tech.net.cn/upload/202511/27/202511271503569475.pdf,verified
GDIT,https://www.gdit.edu.cn/jwc/main.htm,official_academic_affairs_home,https://www.gdit.edu.cn/jwc/main.htm,verified
GDIT,https://www.gdit.edu.cn/xxgk/jwjx/list.htm,official_information_disclosure_teaching,https://www.gdit.edu.cn/xxgk/jwjx/list.htm,verified
GDSDXY,https://www.tech.net.cn/upload/202511/27/202511271503569475.pdf,official_second_phase_funding,https://www.tech.net.cn/upload/202511/27/202511271503569475.pdf,verified
GDSDXY,https://www.eol.cn/guangdong/gdgd/202606/t20260617_2746035.shtml,school_attributed_current_group_news,https://www.eol.cn/guangdong/gdgd/202606/t20260617_2746035.shtml,verified
GDSDXY,https://rcpy.gdsdxy.edu.cn/,official_talent_plan_portal,https://www.gdsdxy.edu.cn/,verified
GDSDXY,https://bsdt.gdsdxy.edu.cn/sites/html/rcpy2019/21207/,official_2025_talent_plan_index,https://rcpy.gdsdxy.edu.cn/,verified
GDSDXY,https://bsdt.gdsdxy.edu.cn/attachment/sites/item/2025_08/06_11/b5d188f3e047bb2b.pdf,official_2025_plan_pdf,https://bsdt.gdsdxy.edu.cn/sites/html/rcpy2019/21207/,verified
GDGM,https://www.tech.net.cn/upload/202511/27/202511271503569475.pdf,official_second_phase_funding,https://www.tech.net.cn/upload/202511/27/202511271503569475.pdf,verified
GDGM,https://www.gdgm.edu.cn/2026/0106/c4157a63401/page.htm,official_2025_quality_report_page,https://www.gdgm.edu.cn/ndzlbg/list.htm,verified
GDGM,https://www.gdgm.edu.cn/_upload/article/files/7f/06/dcf08d7940e5a7fba7b8b2d8772c/ea3a505a-32a9-4df8-94f7-968ad07bc5ac.pdf,official_2025_quality_report_pdf,https://www.gdgm.edu.cn/2026/0106/c4157a63401/page.htm,verified
GDGM,https://www.gdgm.edu.cn/jwc/,official_academic_affairs_home,https://www.gdgm.edu.cn/jwc/,verified
GDGM,https://www.gdgm.edu.cn/jwc/274/list.htm,official_academic_affairs_work_news,https://www.gdgm.edu.cn/jwc/,verified
GDPT,https://www.tech.net.cn/upload/202511/27/202511271503569475.pdf,official_second_phase_funding,https://www.tech.net.cn/upload/202511/27/202511271503569475.pdf,verified
GDPT,https://www.gdpt.edu.cn/a_1/18881,official_new_round_group_news,https://www.gdpt.edu.cn/a_1/18881,verified
GDPT,https://www.gdpt.edu.cn/a_2/1734,official_current_group_membership_news,https://www.gdpt.edu.cn/a_2/1734,verified
GDPT,https://www.gdpt.edu.cn/a_13/1589,official_2025_talent_plan_index,https://www.gdpt.edu.cn/a_13/1589,verified
GDPT,https://www.gdpt.edu.cn/a_11/637,official_2025_quality_report_page,https://www.gdpt.edu.cn/a_11/637,verified
GDPT,https://img.gdpt.edu.cn/down/27116,official_2025_quality_report_pdf,https://www.gdpt.edu.cn/a_11/637,access_blocked
GDMEC,https://www.tech.net.cn/upload/202511/27/202511271503569475.pdf,official_second_phase_funding,https://www.tech.net.cn/upload/202511/27/202511271503569475.pdf,verified
GDMEC,https://www.gdmec.edu.cn/info/1055/148123.htm,official_second_round_group_news,https://www.gdmec.edu.cn/info/1055/148123.htm,verified
GDMEC,https://www.gdmec.edu.cn/info/1055/147383.htm,official_current_group_membership_news,https://www.gdmec.edu.cn/info/1055/147383.htm,verified
GDMEC,https://jw.gdmec.edu.cn/,official_academic_affairs_home,https://www.gdmec.edu.cn/,verified
GDMEC,https://jw.gdmec.edu.cn/jyjs1/rcpyfa.htm,official_talent_plan_archive,https://jw.gdmec.edu.cn/,verified
GDMEC,https://jw.gdmec.edu.cn/info/1059/3514.htm,official_2025_plan_preparation_notice,https://jw.gdmec.edu.cn/,verified
DGPT,https://www.tech.net.cn/upload/202511/27/202511271503569475.pdf,official_second_phase_funding,https://www.tech.net.cn/upload/202511/27/202511271503569475.pdf,verified
DGPT,https://www.dgpt.edu.cn/info/1002/15550.htm,official_second_round_group_news,https://www.dgpt.edu.cn/info/1002/15550.htm,verified
DGPT,https://www.dgpt.edu.cn/info/1002/14912.htm,official_second_round_application_news,https://www.dgpt.edu.cn/info/1002/14912.htm,verified
DGPT,https://www.dgpt.edu.cn/xygk/xxjj.htm,official_current_school_profile,https://www.dgpt.edu.cn/,verified
DGPT,https://zsxx.dgpt.edu.cn/zyjs.htm,official_current_major_index,https://www.dgpt.edu.cn/,verified
DGPT,https://dzxxgk.dgpt.edu.cn/jxzl/zysz.htm,official_talent_plan_archive,https://dzxxgk.dgpt.edu.cn/,verified
DGPT,https://dzxxgk.dgpt.edu.cn/info/1062/1771.htm,official_2025_talent_plan_page,https://dzxxgk.dgpt.edu.cn/jxzl/zysz.htm,verified
DGPT,https://dzxxgk.dgpt.edu.cn/system/_content/download.jsp?owner=1217006647&urltype=news.DownloadAttachUrl&wbfileid=12026785,official_2025_talent_plan_zip,https://dzxxgk.dgpt.edu.cn/info/1062/1771.htm,access_blocked
GDFD,https://www.tech.net.cn/upload/202511/27/202511271503569475.pdf,official_second_phase_funding,https://www.tech.net.cn/upload/202511/27/202511271503569475.pdf,verified
GDFD,https://cggl.gdyzy.edu.cn/portalwebController.do?goArticleDetail=&id=52a7eb099a38de8f019a48e2f7e306bc,official_current_new_double_high_group_procurement,https://www.gdyzy.edu.cn/,verified
GDFD,https://www.gdyzy.edu.cn/60zn/history.html,official_school_history,https://www.gdyzy.edu.cn/,verified
GDFD,https://www.gdyzy.edu.cn/web/loadWebPage.do?4401401_440116263_0_4,official_information_disclosure,https://www.gdyzy.edu.cn/,verified
GDFD,https://www.gdyzy.edu.cn/web/loadWebPage.do?4401401_6000503036614_44016420_0_4,official_2025_talent_plan_upper_page,https://www.gdyzy.edu.cn/,verified
GDFD,https://www.gdyzy.edu.cn/service?wdApplication=nr&wdService=getData&wdtest=false&path=../app/xw/data//upload/file/20260303/1772500985295024684/%E5%B9%BF%E4%B8%9C%E9%A3%9F%E5%93%81%E8%8D%AF%E5%93%81%E8%81%8C%E4%B8%9A%E5%AD%A6%E9%99%A22025%E7%BA%A7%E4%BA%BA%E6%89%8D%E5%9F%B9%E5%85%BB%E6%96%B9%E6%A1%88%EF%BC%88%E4%B8%8A%EF%BC%89.pdf,official_2025_talent_plan_upper_pdf,https://www.gdyzy.edu.cn/web/loadWebPage.do?4401401_6000503036614_44016420_0_4,verified
GDFD,https://www.gdyzy.edu.cn/web/loadWebPage.do?4401401_6000503036615_44016420_0_4,official_2025_talent_plan_lower_page,https://www.gdyzy.edu.cn/,verified
GDFD,https://www.gdyzy.edu.cn/service?wdApplication=nr&wdService=getData&wdtest=false&path=../app/xw/data//upload/file/20260303/1772501513424051570/%E5%B9%BF%E4%B8%9C%E9%A3%9F%E5%93%81%E8%8D%AF%E5%93%81%E8%81%8C%E4%B8%9A%E5%AD%A6%E9%99%A22025%E7%BA%A7%E4%BA%BA%E6%89%8D%E5%9F%B9%E5%85%BB%E6%96%B9%E6%A1%88%EF%BC%88%E4%B8%8B%EF%BC%89.pdf,official_2025_talent_plan_lower_pdf,https://www.gdyzy.edu.cn/web/loadWebPage.do?4401401_6000503036615_44016420_0_4,verified
ZSTP,https://www.tech.net.cn/upload/202511/27/202511271503569475.pdf,official_second_phase_funding,https://www.tech.net.cn/upload/202511/27/202511271503569475.pdf,verified
ZSTP,https://www.zstp.edu.cn/info/1043/92211.htm,official_current_new_double_high_group_news,https://www.zstp.edu.cn/,verified
ZSTP,https://www.zstp.edu.cn/__local/B/A4/F8/DA0A695481C9F52D69775A2D4BB_C5000B0E_539D9E.pdf,official_2025_quality_report,https://www.zstp.edu.cn/,verified
ZSTP,https://www.zstp.edu.cn/yqdx/zyyl.htm,official_current_major_index,https://www.zstp.edu.cn/,verified
ZSTP,https://www.zstp.edu.cn/sbwz/zyrc/index.html,official_talent_plan_archive,https://www.zstp.edu.cn/,verified
ZSTP,https://www.zstp.edu.cn/sbwz/zyrc/lst.html?item=zbzz_2025,official_2025_equipment_plans_index,https://www.zstp.edu.cn/sbwz/zyrc/index.html,verified
ZSTP,https://www.zstp.edu.cn/sbwz/zyrc/files/zbzz_2025__1.pdf,official_2025_talent_plan_pdf,https://www.zstp.edu.cn/sbwz/zyrc/lst.html?item=zbzz_2025,verified
ZSTP,https://www.zstp.edu.cn/sbwz/zyrc/files/zbzz_2025__2.pdf,official_2025_talent_plan_pdf,https://www.zstp.edu.cn/sbwz/zyrc/lst.html?item=zbzz_2025,verified
ZSTP,https://www.zstp.edu.cn/sbwz/zyrc/files/zbzz_2025__4.pdf,official_2025_talent_plan_pdf,https://www.zstp.edu.cn/sbwz/zyrc/lst.html?item=zbzz_2025,verified
ZSTP,https://www.zstp.edu.cn/sbwz/zyrc/files/zbzz_2025__6.pdf,official_2025_talent_plan_pdf,https://www.zstp.edu.cn/sbwz/zyrc/lst.html?item=zbzz_2025,verified
GCAC,https://www.tech.net.cn/upload/202511/27/202511271503569475.pdf,official_second_phase_funding,https://www.tech.net.cn/upload/202511/27/202511271503569475.pdf,verified
GCAC,https://apps.gcac.edu.cn/zl/2025jcjs/%E7%94%B3%E6%8A%A5%E6%9D%90%E6%96%99/%E5%B9%BF%E4%B8%9C%E7%9C%81%E6%95%99%E8%82%B2%E5%8E%85%E7%94%B3%E6%8A%A5%E4%B8%93%E6%A0%8F/4.%E9%80%9A%E7%94%A8%E8%88%AA%E7%A9%BA%E5%99%A8%E7%BB%93%E6%9E%84%E4%B8%8E%E4%BF%AE%E7%90%86/1.%E7%94%B3%E6%8A%A5%E8%A1%A8/%E9%80%9A%E7%94%A8%E8%88%AA%E7%A9%BA%E5%99%A8%E7%BB%93%E6%9E%84%E4%B8%8E%E4%BF%AE%E7%90%86-%E5%85%A8%E5%9B%BD%E4%BC%98%E7%A7%80%E6%95%99%E6%9D%90%EF%BC%88%E8%81%8C%E6%95%99%E4%B8%8E%E7%BB%A7%E6%95%99%E7%B1%BB%EF%BC%89%E7%94%B3%E6%8A%A5%E6%8E%A8%E8%8D%90%E8%AF%84%E5%AE%A1%E8%A1%A8%20.pdf,official_2025_new_double_high_group_evidence,https://apps.gcac.edu.cn/zl/2025jcjs/,verified
GCAC,https://apps.gcac.edu.cn/zl/2025zlgc/zzcl/%E9%82%93%E5%90%9B%E9%A6%99/1.%E7%9C%81%E7%BA%A7%E6%95%99%E6%94%B9%E9%9D%A9%E9%A1%B9%E7%9B%AE%E7%94%B3%E6%8A%A5%E4%B9%A6.pdf,official_aircraft_maintenance_group_membership,https://apps.gcac.edu.cn/zl/2025zlgc/,verified
GCAC,https://newws.gcac.edu.cn/jwcgzw/,official_academic_affairs_home,https://gcac.edu.cn/,verified
GCAC,https://newws.gcac.edu.cn/jwcgzw/xxgk.htm,official_talent_plan_index,https://newws.gcac.edu.cn/jwcgzw/,verified
GCAC,https://bb.gcac.edu.cn/webapps/blackboard/execute/courseMain?course_id=_2119_1,official_2025_talent_plan_course,https://newws.gcac.edu.cn/jwcgzw/xxgk.htm,access_blocked
SXFTC,https://www.sxftc.edu.cn/xxgk/xxjj.htm,official_current_school_profile,https://www.sxftc.edu.cn/,verified
SXFTC,https://www.sxftc.edu.cn/zsxx/xyjs/hjxy.htm,official_second_phase_accounting_group_evidence,https://www.sxftc.edu.cn/zsxx/,verified
SXFTC,https://www.sxftc.edu.cn/__local/7/58/C3/42ADC232063CB5B84384BD3D0D0_1DF8446F_C89200.pdf,official_2025_quality_report,https://www.sxftc.edu.cn/xxgk1.htm,verified
SXFTC,https://www.sxftc.edu.cn/info/1026/70553.htm,official_2025_talent_plan_review_news,https://www.sxftc.edu.cn/,verified
SXFTC,https://www.sxftc.edu.cn/xxgk1.htm,official_information_disclosure,https://www.sxftc.edu.cn/,verified
SXFTC,https://jw.sxftc.edu.cn/,official_teaching_system,https://www.sxftc.edu.cn/,access_blocked
SXGC,https://www.lfvtc.cn/__local/E/88/2C/F7CCAFD7FA858CA28C49544D96E_A6AA9FA6_2970BF.pdf,official_provincial_double_high_list_reproduced,https://www.lfvtc.cn/,verified
SXGC,https://www.sxgcxy.cn/__local/3/BF/82/A7D88F5FD5628E25BDA228EA79F_D3E4ACC0_1B78EE.pdf,official_current_enrollment_brochure,https://www.sxgcxy.cn/,verified
SXGC,https://www.sxgcxy.cn/__local/2/09/F3/A9CA2C04009783CE1172308E020_48B74C10_1504E6.pdf,official_2023_talent_plan_revised_2025,https://www.sxgcxy.cn/,wrong_year
SXSY,https://www.lfvtc.cn/__local/E/88/2C/F7CCAFD7FA858CA28C49544D96E_A6AA9FA6_2970BF.pdf,official_provincial_double_high_list_reproduced,https://www.lfvtc.cn/,verified
SXSY,https://www.sxsy.com.cn/,official_homepage,https://www.sxsy.com.cn/,access_blocked
LNMEC,https://www.ln.gov.cn/web/zwgkx/sjjhczbg/czys/bmys/202590/zfbm/2026020409325541508/2026021212064151246.pdf,official_provincial_2026_budget_and_double_high_goals,https://www.ln.gov.cn/,verified
LNMEC,https://www.lnmec.edu.cn/xxgk/lsyg.htm,official_history_and_second_phase_status,https://www.lnmec.edu.cn/,verified
LNMEC,https://zsjy.lnmec.edu.cn/info/1231/2262.htm,official_current_electrical_major_introduction,https://zsjy.lnmec.edu.cn/,verified
LNMEC,https://zsjy.lnmec.edu.cn/info/1231/2272.htm,official_current_mechanical_major_introduction,https://zsjy.lnmec.edu.cn/,verified
LNMEC,https://zsjy.lnmec.edu.cn/info/1231/2332.htm,official_current_instrumentation_major_introduction,https://zsjy.lnmec.edu.cn/,verified
LNMEC,https://www.lnmec.edu.cn/jyjx1/jxgl.htm,official_teaching_management_index,https://www.lnmec.edu.cn/,verified
LNMEC,https://jwc.lnmec.edu.cn/tzgg/1.htm,official_2025_teaching_notice_archive,https://jwc.lnmec.edu.cn/,verified
SYVTC,https://www.vtcsy.edu.cn/xygk/xyjj.htm,official_current_school_profile,https://www.vtcsy.edu.cn/,verified
SYVTC,https://www.vtcsy.com/__local/8/C3/B2/D1FB7CD99C481D5CE929CBB764A_B254F851_955279.pdf,official_2025_quality_report,https://www.vtcsy.com/,verified
SYVTC,https://www.vtcsy.edu.cn/__local/A/9D/BA/2E9D7286A3028F94AF4107925C8_64B3F291_54EB0E.pdf,official_enterprise_participation_2025_report,https://www.vtcsy.edu.cn/,verified
SYVTC,https://www.vtcsy.edu.cn/info/1561/20711.htm,official_2024_2025_information_disclosure_index,https://www.vtcsy.edu.cn/,verified
SYVTC,https://www.vtcsy.com/rcpy1/2.htm,official_talent_cultivation_index,https://www.vtcsy.com/,verified
DLVTC,https://fmet.dlvtc.edu.cn/web/guest/detail?articleId=FB7F8A54-28D5-BB4F-9F0B-47EFD632814C,official_2026_group_committee_and_members,https://fmet.dlvtc.edu.cn/,verified
DLVTC,https://zsb.dlvtc.edu.cn/web/guest/detail?articleId=29616322-0C52-C5F2-4B6E-101FB107E9D1,official_2025_admission_charter,https://zsb.dlvtc.edu.cn/,verified
DLVTC,https://www.dlvtc.edu.cn/web/guest/detail?articleId=4D8B8ECF-F04E-6B91-8135-D1758B79E2E7,official_2025_training_plan_revision_meeting,https://www.dlvtc.edu.cn/,verified
DLVTC,https://cms.dlvtc.edu.cn/UploadFile/11173/2024/1717029041507.pdf,official_older_training_plan_wrong_year,https://fmet.dlvtc.edu.cn/web/guest/3,verified
LNNZY,https://www.lnnzy.ln.cn/news/detail/19833.html,official_second_phase_national_group_procurement,https://www.lnnzy.ln.cn/,verified
LNNZY,https://www.ln.gov.cn/web/zwgkx/sjjhczbg/czys/bmys/202590/zfbm/2026020409325541508/2026021212064151246.pdf,official_liaoning_2026_budget_group_target,https://www.ln.gov.cn/,verified
LNNZY,https://zsw.lnnzy.ln.cn/index/index/article/18427.html,official_2025_admission_charter,https://zsw.lnnzy.ln.cn/,verified
LNNZY,https://www.lnnzy.ln.cn/jwc/index/index/article/19427.html,official_2025_training_plan_index,https://www.lnnzy.ln.cn/jwc/index/index/xxgk/,verified
LNNZY,https://www.lnnzy.ln.cn/static/upload/kindeditor/file/20251206/20251206011319_32337.pdf,official_2025_training_plan_pdf,https://www.lnnzy.ln.cn/jwc/index/index/article/19427.html,verified
LNPC,https://www.lnpc.edu.cn/_t18/183/listm.psp,official_current_school_profile_and_second_phase_group,https://www.lnpc.edu.cn/,verified
LNPC,https://www.lnpc.edu.cn/zs/2025/0528/c331a37536/page.htm,official_2025_admission_charter,https://www.lnpc.edu.cn/zs/,verified
LNPC,https://www.lnpc.edu.cn/xctzb/2025/0614/c849a37925/page.htm,official_2025_training_plan_revision_meeting,https://www.lnpc.edu.cn/,verified
LNPC,https://www.lnpc.edu.cn/jwc/syhgx1/list.htm,official_2025_training_plan_index,https://www.lnpc.edu.cn/jwc/,verified
LNPC,https://www.lnpc.edu.cn/jwc/2026/0420/c1032a47940/page.htm,official_2025_training_plan_detail,https://www.lnpc.edu.cn/jwc/syhgx1/list.htm,verified
LNPC,https://www.lnpc.edu.cn/_upload/article/files/3b/69/a373597644fba13888104a6a8476/667d57c6-07d0-465b-9bb6-490371dd6dd7.pdf,official_2025_training_plan_pdf,https://www.lnpc.edu.cn/jwc/2026/0420/c1032a47940/page.htm,verified
LNGPI,https://www.lngpi.edu.cn/info/1402/100752.htm,official_current_professional_group_news,https://www.lngpi.edu.cn/,verified
LNGPI,https://www.lngpi.edu.cn/25xiaoneizhongcengganburenmianrenyuanzhaopinxinxi.pdf,official_second_phase_staffing_document,https://www.lngpi.edu.cn/,verified
LNGPI,https://www.ln.gov.cn/web/zwgkx/sjjhczbg/czys/bmys/202590/zfbm/2026020409325541508/2026021212064151246.pdf,official_2026_double_high_budget,https://www.ln.gov.cn/,verified
LNGPI,https://www.lngpi.edu.cn/__local/8/B7/5C/D2FAC77348C1E33146416A5952F_16421F4D_2B6D1.pdf,official_2025_admission_charter,https://www.lngpi.edu.cn/,verified
LNGPI,https://www.lngpi.edu.cn/jwb/rcpyfa/jcclxy.htm,official_2025_training_plan_index,https://www.lngpi.edu.cn/jwb/rcpyfa.htm,verified
LNGPI,https://www.lngpi.edu.cn/jwb/info/1027/4694.htm,official_2025_training_plan_detail,https://www.lngpi.edu.cn/jwb/rcpyfa/jcclxy.htm,verified
LNGPI,https://www.lngpi.edu.cn/system/_content/download.jsp?urltype=news.DownloadAttachUrl&owner=1945313819&wbfileid=F39EC65E19FAC93AA2EFC60A3A91970E,official_2025_training_plan_pdf,https://www.lngpi.edu.cn/jwb/info/1027/4694.htm,access_blocked
CAII,https://www.tech.net.cn/upload/202511/27/202511271503569475.pdf,official_second_phase_funding,https://www.tech.net.cn/,verified
CAII,https://www.moe.gov.cn/srcsite/A03/s181/202402/t20240202_1114086.html,official_school_establishment,https://www.moe.gov.cn/,verified
CAII,https://www.caii.edu.cn/_upload/article/files/c3/4e/557717ce462cb9187faa9cc92c02/042bd1b4-37bc-4de1-9f07-c80c4ca31070.pdf,official_historical_high_level_group_report,https://www.caii.edu.cn/,verified
CAII,https://m.thepaper.cn/newsDetail_forward_33290457,authoritative_current_second_round_smart_manufacturing_group,https://www.caii.edu.cn/,verified
CAII,https://www.xinhuanet.com/edu/20251210/df80c1117e0745c3b166b8b605d313a2/c.html,authoritative_current_second_round_group_report,https://www.caii.edu.cn/,verified
CAII,https://gaokao.chsi.com.cn/zsgs/zhangcheng/listVerifedZszc--infoId-6649669440,official_2025_admission_charter,https://www.moe.gov.cn/,verified
CAII,https://www.caii.edu.cn/,official_portal_and_training_plan_search,https://www.caii.edu.cn/,access_blocked
CAII,https://xxgk.caii.edu.cn/,official_information_disclosure_and_training_plan_search,https://www.caii.edu.cn/,access_blocked
CAII,https://jw.caii.edu.cn/,official_teaching_system,https://www.caii.edu.cn/,verified
CVIT,https://www.tech.net.cn/upload/202511/27/202511271503569475.pdf,official_second_phase_funding,https://www.tech.net.cn/,verified
CVIT,https://www.cvit.edu.cn/info/1244/3223.htm,official_2025_work_plan,https://www.cvit.edu.cn/,verified
CVIT,https://www.cvit.edu.cn/info/1244/3253.htm,official_2026_budget_and_new_double_high_tasks,https://www.cvit.edu.cn/,verified
CVIT,https://www.cvit.edu.cn/__local/B/2B/D8/ABE9771A032B5A04DBD4CB865A6_2980D541_8EE7F3.pdf,official_2025_quality_report_and_group_members,https://www.cvit.edu.cn/,verified
CVIT,https://www.cvit.edu.cn/jyjx/zyrcpyfa.htm,official_training_plan_index,https://www.cvit.edu.cn/,verified
CVIT,https://www.cvit.edu.cn/jyjx/zyrcpyfa/2.htm,official_training_plan_index_page_2,https://www.cvit.edu.cn/,verified
CVIT,https://www.cvit.edu.cn/jyjx/zyrcpyfa/1.htm,official_training_plan_index_page_3,https://www.cvit.edu.cn/,verified
JTY,https://www.tech.net.cn/upload/202511/27/202511271503569475.pdf,official_second_phase_funding,https://www.tech.net.cn/,verified
JTY,https://www.jty.edu.cn/xxgk/xxjj.htm,official_current_school_profile,https://www.jty.edu.cn/,verified
JTY,https://yfzx.jty.edu.cn/__local/C/6F/B6/7D6A87B055EEDBBF3EE43B71575_D68DA2DC_99792B.pdf,official_2025_quality_report_and_second_round_group,https://www.jty.edu.cn/,verified
JTY,https://gtzhjs.jty.edu.cn/xygk/zyjs.htm,official_current_core_major_profile,https://www.jty.edu.cn/,verified
JTY,https://jwch.jty.edu.cn/xz.htm,official_training_plan_download_index,https://www.jty.edu.cn/,verified
JTY,https://jwch.jty.edu.cn/info/1007/1834.htm,official_2024_core_major_training_plan,https://www.jty.edu.cn/,verified
JTY,https://jwch.jty.edu.cn/system/_content/download.jsp?urltype=news.DownloadAttachUrl&owner=1806491833&wbfileid=4813902,official_2024_core_major_training_plan_pdf,https://www.jty.edu.cn/,verified
JLJY,https://www.jljy.edu.cn/xxgk/xxjj.htm,official_current_school_profile,https://www.jljy.edu.cn/,verified
JLJY,https://www.zgjtb.com/m/2026-01/29/content_504909.html,authoritative_current_second_round_group,https://www.zgjtb.com/,verified
JLJY,https://gcjxfy.jljy.edu.cn/xygk/xyjj.htm,official_current_mechanical_college_profile_and_group_members,https://www.jljy.edu.cn/,verified
JLJY,https://jwct.jljy.edu.cn/tzgg.htm,official_2025_training_plan_index,https://www.jljy.edu.cn/,verified
JLJY,https://jwct.jljy.edu.cn/info/1009/2391.htm,official_2025_training_plan_460201,https://www.jljy.edu.cn/,verified
JLJY,https://jwct.jljy.edu.cn/info/1009/2381.htm,official_2025_training_plan_460303,https://www.jljy.edu.cn/,verified
JLJY,https://jwct.jljy.edu.cn/info/1009/2371.htm,official_2025_training_plan_500203,https://www.jljy.edu.cn/,verified
JLJY,https://jwct.jljy.edu.cn/info/1009/2361.htm,official_2025_training_plan_460104,https://www.jljy.edu.cn/,verified
JLJY,https://jwct.jljy.edu.cn/info/1009/2351.htm,official_2025_training_plan_460305,https://www.jljy.edu.cn/,verified
JVCIT,https://www.jvcit.edu.cn/,official_current_school_portal,https://www.jvcit.edu.cn/,verified
JVCIT,https://jxqc.jvcit.edu.cn/info/1019/1880.htm,official_current_second_round_group_and_core_major,https://www.jvcit.edu.cn/,verified
JVCIT,https://www.jvcit.edu.cn/xxgk/zysz.htm,official_current_major_settings,https://www.jvcit.edu.cn/,verified
JVCIT,https://jwc.jvcit.edu.cn/zyjs/pyfa.htm,official_training_plan_index,https://www.jvcit.edu.cn/,verified
JVCIT,https://jwc.jvcit.edu.cn/info/1045/1633.htm,official_2025_combined_training_plan_page,https://www.jvcit.edu.cn/,verified
JVCIT,https://jwc.jvcit.edu.cn/system/_content/download.jsp?urltype=news.DownloadAttachUrl&owner=1847562385&wbfileid=12664089,official_2025_combined_training_plan_pdf,https://www.jvcit.edu.cn/,verified
HRBZY,https://www.hrbzy.edu.cn/xyjj/list.htm,official_current_school_profile_and_second_round_groups,https://www.hrbzy.edu.cn/,verified
HRBZY,https://www.hrbzy.edu.cn/_upload/article/files/3f/b6/604a675f4016b4627fecd9371331/d03b19c8-99de-490f-a317-67d580446c3d.pdf,official_2025_quality_report_group_members,https://www.hrbzy.edu.cn/,verified
HRBZY,https://www.hrbzy.edu.cn/xxgk/4e/52/c985a20050/page.htm,official_2025_major_settings_page,https://www.hrbzy.edu.cn/,verified
HRBZY,https://www.hrbzy.edu.cn/_upload/article/files/a5/a7/c92b0f134146bfba1fdce54db512/8b1985d1-2391-4076-b9f7-fa02c8be5311.pdf,official_2025_major_settings_pdf,https://www.hrbzy.edu.cn/,verified
HRBZY,http://rcpy.hrbzy.edu.cn:82/default.aspx?grade=2025%E7%BA%A7,official_2025_training_plan_index,https://www.hrbzy.edu.cn/,verified
HRBZY,http://rcpy.hrbzy.edu.cn:82/pageshow.aspx?id=893,official_2025_training_plan_260303,https://www.hrbzy.edu.cn/,access_blocked
HRBZY,http://rcpy.hrbzy.edu.cn:82/pageshow.aspx?id=888,official_2025_training_plan_260106,https://www.hrbzy.edu.cn/,access_blocked
HRBZY,http://rcpy.hrbzy.edu.cn:82/pageshow.aspx?id=889,official_2025_training_plan_ecommerce,https://www.hrbzy.edu.cn/,access_blocked
HRBZY,http://rcpy.hrbzy.edu.cn:82/pageshow.aspx?id=869,official_2025_training_plan_460306,https://www.hrbzy.edu.cn/,access_blocked
HNYJJ,https://www.hnyjj.org.cn/,official_current_school_portal,https://www.hnyjj.org.cn/,verified
HNYJJ,https://jw.hnyjj.org.cn/info/1055/1568.htm,official_new_round_double_high_group_and_core_major,https://www.hnyjj.org.cn/,verified
HNYJJ,https://www.hnyjj.org.cn/zysz/nxy/lsspscjs.htm,official_current_core_major_page,https://www.hnyjj.org.cn/,verified
HNYJJ,https://jw.hnyjj.org.cn/info/1045/1594.htm,official_2025_training_plan_page,https://www.hnyjj.org.cn/,verified
HNYJJ,https://jw.hnyjj.org.cn/system/_content/download.jsp?urltype=news.DownloadAttachUrl&owner=1696621054&wbfileid=7645434,official_2025_training_plan_archive,https://www.hnyjj.org.cn/,access_blocked
HLJP,https://www.hljp.edu.cn/info/1277/19094.htm,official_second_phase_double_high_group,https://www.hljp.edu.cn/,verified
HLJP,https://www.hljp.edu.cn/imt/info/1061/3796.htm,official_current_core_major_460103,https://www.hljp.edu.cn/,verified
HLJP,https://www.hljp.edu.cn/imt/info/1059/3711.htm,official_current_core_major_460104,https://www.hljp.edu.cn/,verified
HLJP,https://www.hljp.edu.cn/imt/info/1060/3797.htm,official_current_core_major_460306,https://www.hljp.edu.cn/,verified
HLJP,https://www.hljp.edu.cn/imt/info/1062/3795.htm,official_current_core_major_460305,https://www.hljp.edu.cn/,verified
HLJP,https://www.hljp.edu.cn/jw/rcpyfa2/tzrcpyfa.htm,official_training_plan_index,https://www.hljp.edu.cn/,verified
HLJP,https://www.hljp.edu.cn/jw/info/1099/2462.htm,official_2025_training_plan_460104,https://www.hljp.edu.cn/,verified
HLJP,https://www.hljp.edu.cn/__local/0/3B/F0/845DE2865AC5769F6E15BDC38F5_20B3E484_1481EB.pdf,official_2025_training_plan_pdf_460104,https://www.hljp.edu.cn/,verified
HICT,https://sz.hict.org.cn/article/844/844_1.htm,official_current_group_and_members,https://www.hict.org.cn/,verified
HICT,https://www.hict.org.cn/templates/article/twList.htm?lmid=1464&id=1458,official_training_plan_index,https://www.hict.org.cn/,verified
HICT,https://www.hict.org.cn/templates/detail/wzList.htm?xwid=11249&id=1458,official_2025_department_plan_page,https://www.hict.org.cn/,verified
HICT,https://www.hict.org.cn/HLJJZZYJSXY/upload/p1j8rs6rkr1pjhm757d434j1hh69.pdf,official_2025_training_plan_440601,https://www.hict.org.cn/,verified
HICT,https://www.hict.org.cn/HLJJZZYJSXY/upload/p1j8rs65i3v271r38von1dr51civ4.pdf,official_2025_training_plan_500201,https://www.hict.org.cn/,verified
HICT,https://www.hict.org.cn/HLJJZZYJSXY/upload/p1j8rs6f1relojlu1csl1o5j1mig6.pdf,official_2025_training_plan_440403,https://www.hict.org.cn/,verified
HICT,https://www.hict.org.cn/HLJJZZYJSXY/upload/p1j8rs6ak4o6hgkn4711cp5pon5.pdf,official_2025_training_plan_440602,https://www.hict.org.cn/,verified
HNGZY,https://www.hngzy.edu.cn/swzy/info/1372/5652.htm,official_current_national_group,https://www.hngzy.edu.cn/,verified
HNGZY,https://www.hngzy.edu.cn/rmtzx/info/1001/1048.htm,official_group_members,https://www.hngzy.edu.cn/,verified
HNGZY,https://www.hngzy.edu.cn/__local/1/18/7E/AF99773B5F90E11FC93C1DF7549_C8988BAD_31BC.pdf,official_2025_professional_registration_list,https://www.hngzy.edu.cn/,verified
HNGZY,https://www.hngzy.edu.cn/jxky/jxgl/rcpyfa.htm,official_training_plan_category,https://www.hngzy.edu.cn/,verified
HNGZY,https://www.hngzy.edu.cn/aop_component/webber/search/search/search/queryPage,official_site_search_api,https://www.hngzy.edu.cn/,verified
HTXY,https://www.htxy.net/__local/4/C8/AA/18C46FF86C25603C4E2DC63E3DB_E02FDF20_7C081.pdf,official_2026_budget_second_round_national_double_high,https://www.htxy.net/,verified
HTXY,https://www.htxy.net/__local/3/BB/3B/0C87400B40FCC1604417169F382_AF14FF98_B8B652.pdf,official_current_group_and_members_brochure,https://www.htxy.net/,verified
HTXY,https://www.htxy.net/jxky/jxhd.htm,official_teaching_activity_index,https://www.htxy.net/,verified
HTXY,https://www.htxy.net/info/1028/87071.htm,official_latest_training_plan_page_empty,https://www.htxy.net/,verified
HTXY,https://www.htxy.net/info/1028/75271.htm,official_2023_training_plan_page,https://www.htxy.net/,verified
HTXY,https://www.htxy.net/4-2024bandixiayusuidaozhuanyerencaipeiyangfangan.pdf,official_2024_training_plan_440305,https://www.htxy.net/,verified
HTXY,https://www.htxy.net/23-2024bantumugongchengjiancejishuzhuanyerencaipeiyangfangan.pdf,official_2024_training_plan_440306,https://www.htxy.net/,verified
STIEI,https://xxgk.stiei.edu.cn/_upload/article/files/37/84/d6da89d4416a91f39b7e1d3378b7/77ae5131-4e9b-41f3-ba10-c152ab54e379.pdf,official_2025_work_plan_second_round_groups,https://xxgk.stiei.edu.cn/,verified
STIEI,https://edu.sh.gov.cn/zyjy_zjzc/20260317/19f5577dbdbc41a895a33a3aa26bc919.html,official_current_integrated_circuit_group_core,https://edu.sh.gov.cn/,verified
STIEI,https://zsw.stiei.edu.cn/_upload/article/files/11/72/0da0d32a4c3189b17e379f24da48/7d3cc915-467d-4375-8ac0-679bbb8c398a.pdf,official_2026_group_members_and_core_brochure,https://zsw.stiei.edu.cn/,verified
STIEI,https://xyzyzdw.stiei.edu.cn/_upload/article/files/fd/3a/5d696e4748fc993965c8b97ca0b6/7b287730-8424-4e1b-8467-66e0ba4c90c3.pdf,official_2025_quality_report_group_core,https://xyzyzdw.stiei.edu.cn/,verified
STIEI,https://xxgk.stiei.edu.cn/_upload/article/files/a0/14/aa11aeb54b139ff768e7baa20cfa/2d8b8dac-fc72-4a14-9ff2-265be265de6e.pdf,official_2025_electronics_training_plan_compendium,https://xxgk.stiei.edu.cn/,verified
STIEI,https://xxgk.stiei.edu.cn/_upload/article/files/90/da/08ec7aea402a9652dfdedc527c67/58c32252-1ba9-4315-95d0-6fecf69b7b22.pdf,official_2025_mechanical_training_plan_compendium,https://xxgk.stiei.edu.cn/,verified
SADA,https://edu.sh.gov.cn/zyjy_zjzc/20250114/1ad3813c5b914d43b323be0ee6b360d9.html,official_2025_national_double_high_selection,https://edu.sh.gov.cn/,verified
SADA,https://edu.sh.gov.cn/zyjy_zjzc/20240326/7d5858d354de477bbaf5de21fcaefc30.html,official_group_name_and_prior_membership_context,https://edu.sh.gov.cn/,verified
SADA,https://edu.sh.gov.cn/edu-assets-20200601/files/jyzt_2025jkzsrx/2025%E5%B9%B4%E4%B8%8A%E6%B5%B7%E5%B7%A5%E8%89%BA%E7%BE%8E%E6%9C%AF%E8%81%8C%E4%B8%9A%E5%AD%A6%E9%99%A2%E6%8B%9B%E7%94%9F%E7%AB%A0%E7%A8%8B.pdf,official_2025_core_major_registration,https://edu.sh.gov.cn/,verified
SADA,https://xxgk.sada.edu.cn/kczsyjxjh/list.htm,official_course_and_teaching_plan_index,https://xxgk.sada.edu.cn/,verified
SPPC,https://www.sppc.edu.cn/xxgk/2025/1230/c2441a79450/page.htm,official_second_phase_group_selection_and_name,https://www.sppc.edu.cn/,verified
SPPC,https://www.sppc.edu.cn/news/2025/1123/c337a78673/page.psp,official_second_phase_group_confirmation,https://www.sppc.edu.cn/,verified
SPPC,https://www.sppc.edu.cn/news/2026/0306/c337a80141/page.htm,official_ai_major_group_membership,https://www.sppc.edu.cn/,verified
SPPC,https://www.sppc.edu.cn/aaed/2025/0320/c870a73528/page.htm,official_2025_training_plan_formulation_notice,https://www.sppc.edu.cn/,verified
SPPC,https://www.sppc.edu.cn/30/list49.psp,official_publishing_department_2025_plan_seminar,https://www.sppc.edu.cn/,verified
SPPC,https://www.sppc.edu.cn/2025/0424/c28a74361/page.htm,official_ai_department_2025_plan_review,https://www.sppc.edu.cn/,verified
AHCME,https://www.ahcme.edu.cn/info/1054/57485.htm,official_two_phase_three_group_confirmation,https://www.ahcme.edu.cn/,verified
AHCME,https://www.ahcme.edu.cn/xxgk1/xxjj.htm,official_current_three_national_group_confirmation,https://www.ahcme.edu.cn/,verified
AHCME,https://dq.ahcme.edu.cn/info/1093/5530.htm,official_industrial_robot_group_core,https://dq.ahcme.edu.cn/,verified
AHCME,https://www.ahcme.edu.cn/info/1179/1076.htm,official_new_energy_vehicle_double_high_core,https://www.ahcme.edu.cn/,verified
AHCME,https://jw.ahcme.edu.cn/rcpy/pyjh.htm,official_training_plan_index,https://jw.ahcme.edu.cn/,verified
AHCME,https://jw.ahcme.edu.cn/info/1062/5366.htm,official_industrial_robot_plan_page,https://jw.ahcme.edu.cn/,verified
AHCME,https://dq.ahcme.edu.cn/index/xyxw/30.htm,official_2025_electrical_program_plan_review,https://dq.ahcme.edu.cn/,verified
AHCME,https://xqhzc.ahcme.edu.cn/info/1055/2949.htm,official_new_energy_group_construction_context,https://xqhzc.ahcme.edu.cn/,verified
ABC,https://www.abc.edu.cn/jwc/report/images/2025-zlnb.pdf,official_2025_quality_report_second_phase_group_and_members,https://www.abc.edu.cn/,verified
ABC,https://xyh.abc.edu.cn/xyw/article/2227,official_second_phase_construction_plan_revision,https://xyh.abc.edu.cn/,verified
ABC,https://www.abc.edu.cn/jwc/xxy/243/149220.html,official_2025_training_plan_implementation_notice,https://www.abc.edu.cn/,verified
ABC,https://www.abc.edu.cn/jwc/upload/files/2022/6/171622662.pdf,official_wrong_year_training_plan_example,https://www.abc.edu.cn/,verified
ABC,https://www.abc.edu.cn/jwc/upload/files/2022/10/8102427202.pdf,official_wrong_year_group_plan_example,https://www.abc.edu.cn/,verified
AHSDXY,https://xxgk.ahsdxy.edu.cn/info/1007/1372.htm,official_2026_budget_second_phase_group_confirmation,https://xxgk.ahsdxy.edu.cn/,verified
AHSDXY,https://www.ahsdxy.edu.cn/info/1029/66854.htm,official_current_group_resource_library_procurement,https://www.ahsdxy.edu.cn/,verified
AHSDXY,https://jwc.ahsdxy.edu.cn/zwgk.htm,official_training_plan_index,https://jwc.ahsdxy.edu.cn/,verified
AHSDXY,https://jwc.ahsdxy.edu.cn/info/1040/2832.htm,official_wrong_year_new_energy_vehicle_plan,https://jwc.ahsdxy.edu.cn/,verified
HFVT,https://hzyxy.htc.edu.cn/info/1102/15683.htm,official_2025_training_plan_page,https://hzyxy.htc.edu.cn/gjgspzyq.htm,verified
HFVT,https://hzyxy.htc.edu.cn/info/1102/15673.htm,official_2025_training_plan_page,https://hzyxy.htc.edu.cn/gjgspzyq.htm,verified
HFVT,https://hzyxy.htc.edu.cn/info/1102/15663.htm,official_2025_training_plan_page,https://hzyxy.htc.edu.cn/gjgspzyq.htm,verified
HFVT,https://hzyxy.htc.edu.cn/info/1102/15653.htm,official_2025_training_plan_page,https://hzyxy.htc.edu.cn/gjgspzyq.htm,verified
HFVT,https://hzyxy.htc.edu.cn/info/1102/15643.htm,official_2025_training_plan_page,https://hzyxy.htc.edu.cn/gjgspzyq.htm,verified
WHIT,https://qcgc.whit.edu.cn/zysz/QCZZYSYJS.htm,official_second_phase_group_and_core,https://qcgc.whit.edu.cn/,verified
WHIT,https://qcgc.whit.edu.cn/ybjs/byjj.htm,official_current_college_profile,https://qcgc.whit.edu.cn/,verified
WHIT,https://jwc.whit.edu.cn/,official_teaching_affairs_home,https://www.whit.edu.cn/,verified
WHIT,https://xxgk.whit.edu.cn/,official_information_disclosure_home,https://www.whit.edu.cn/,verified
HBVTC,https://xbbjb.hbvtc.net/content/detail/6a7533e78162ccbc368b4569.html,official_current_second_phase_group,https://www.hbvtc.net/,verified
HBVTC,https://jdgcx.hbvtc.net/,official_school_college_home,https://www.hbvtc.net/,verified
HBVTC,https://jwc.hbvtc.net/,official_teaching_affairs_home,https://www.hbvtc.net/,verified
HBVTC,https://sgjs.hbvtc.net/,official_double_high_portal,https://www.hbvtc.net/,verified
FYVTC,https://gckjxy.fyvtc.edu.cn/xyxw/zxdt/547731.html,official_current_second_phase_group,https://www.fyvtc.edu.cn/,verified
FYVTC,https://gckjxy.fyvtc.edu.cn/,official_group_college_home,https://www.fyvtc.edu.cn/yxsz/index.html,verified
FYVTC,https://jwc.fyvtc.edu.cn/zljk/pyfa/index.html,official_training_plan_index,https://www.fyvtc.edu.cn/,verified
FYVTC,https://jwc.fyvtc.edu.cn/zljk/pyfa/498341.html,official_2025_combined_training_plan_page,https://jwc.fyvtc.edu.cn/zljk/pyfa/index.html,verified
FYVTC,https://jwc.fyvtc.edu.cn/download/6a22438be4b0ff29beacf8e0.pdf,official_2025_combined_training_plan_pdf,https://jwc.fyvtc.edu.cn/zljk/pyfa/498341.html,verified
FJCPC,https://www.fjcpc.edu.cn/zs/fjczjtzyxy2026nptgkzszc/list.htm,official_current_second_phase_groups,https://www.fjcpc.edu.cn/,verified
FJCPC,https://www.fjcpc.edu.cn/cz/_t391/2024/0401/c2840a93411/page.htm,official_current_navigation_group_members,https://www.fjcpc.edu.cn/cz/,verified
FJCPC,https://www.fjcpc.edu.cn/dl/2025/0628/c2302a100490/page.htm,official_current_road_bridge_group_members,https://www.fjcpc.edu.cn/dl/,verified
FJCPC,https://www.fjcpc.edu.cn/aq/2026/0326/c399a103757/page.htm,official_current_road_bridge_group_members,https://www.fjcpc.edu.cn/aq/,verified
FJCPC,https://www.fjcpc.edu.cn/jwc/hhxy/list.htm,official_2025_training_plan_index,https://www.fjcpc.edu.cn/,verified
FJCPC,https://www.fjcpc.edu.cn/jwc/tmgcxy/list.htm,official_2025_training_plan_index,https://www.fjcpc.edu.cn/,verified
FJCPC,https://www.fjcpc.edu.cn/jwc/aqyhjxy/list.htm,official_2025_training_plan_index,https://www.fjcpc.edu.cn/,verified
FJCPC,https://www.fjcpc.edu.cn/jwc/2025/0831/c3769a101239/page.htm,official_2025_training_plan_page,https://www.fjcpc.edu.cn/jwc/hhxy/list.htm,verified
FJCPC,https://www.fjcpc.edu.cn/jwc/2025/0831/c3769a101240/page.htm,official_2025_training_plan_page,https://www.fjcpc.edu.cn/jwc/hhxy/list.htm,verified
FJCPC,https://www.fjcpc.edu.cn/jwc/2025/0831/c3769a101237/page.htm,official_2025_training_plan_page,https://www.fjcpc.edu.cn/jwc/hhxy/list.htm,verified
FJCPC,https://www.fjcpc.edu.cn/jwc/2025/0831/c3774a101261/page.htm,official_2025_training_plan_page,https://www.fjcpc.edu.cn/jwc/tmgcxy/list.htm,verified
FJCPC,https://www.fjcpc.edu.cn/jwc/2025/0831/c3774a101266/page.htm,official_2025_training_plan_page,https://www.fjcpc.edu.cn/jwc/tmgcxy/list.htm,verified
FJCPC,https://www.fjcpc.edu.cn/jwc/2025/0831/c3774a101260/page.htm,official_2025_training_plan_page,https://www.fjcpc.edu.cn/jwc/tmgcxy/list.htm,verified
FJCPC,https://www.fjcpc.edu.cn/jwc/2025/0831/c3777a101235/page.htm,official_2025_training_plan_page,https://www.fjcpc.edu.cn/jwc/aqyhjxy/list.htm,verified
FJCPC,https://www.fjcpc.edu.cn/jwc/2025/0831/c3777a101236/page.htm,official_2025_training_plan_page,https://www.fjcpc.edu.cn/jwc/aqyhjxy/list.htm,verified
LMU,https://www.lmu.edu.cn/znzz/info/1070/5672.htm,official_current_second_phase_group,https://www.lmu.edu.cn/znzz/xwgg/xydt/50.htm,verified
LMU,https://www.lmu.edu.cn/znzz/info/1070/7212.htm,official_current_group_committee,https://www.lmu.edu.cn/znzz/,verified
LMU,https://www.lmu.edu.cn/znzz/xygk/zyjj.htm,official_current_major_index,https://www.lmu.edu.cn/znzz/,verified
LMU,https://www.lmu.edu.cn/jwc/zyrcpyfa.htm,official_2025_training_plan_index,https://www.lmu.edu.cn/jwc/,verified
LMU,https://www.lmu.edu.cn/jwc/info/1078/2197.htm,official_2025_training_plan_page,https://www.lmu.edu.cn/jwc/zyrcpyfa.htm,verified
FJPIT,https://www.fjpit.edu.cn/dw/2025/1231/c1857a128914/page.htm,official_current_second_phase_group,https://www.fjpit.edu.cn/,verified
FJPIT,https://www.fjpit.edu.cn/2026/0630/c4537a131921/page.htm,official_current_group_members_and_2026_plan,https://www.fjpit.edu.cn/4537/list.htm,verified
FJPIT,https://www.fjpit.edu.cn/4537/list.htm,official_training_plan_index,https://www.fjpit.edu.cn/,verified
FJPIT,https://www.fjpit.edu.cn/zs/2026/0603/c2021a130885/page.htm,official_current_group_core_major,https://www.fjpit.edu.cn/zs/,verified
FJPIT,https://www.fjpit.edu.cn/zs/2026/0603/c2021a130886/page.htm,official_current_group_major,https://www.fjpit.edu.cn/zs/,verified
FJPIT,https://www.fjpit.edu.cn/zs/2026/0603/c2021a130887/page.htm,official_current_group_major,https://www.fjpit.edu.cn/zs/,verified
FJPIT,https://www.fjpit.edu.cn/zs/2026/0603/c2021a130888/page.htm,official_current_group_major,https://www.fjpit.edu.cn/zs/,verified
FJPIT,https://www.fjpit.edu.cn/zs/2026/0603/c2021a130890/page.htm,official_current_group_major,https://www.fjpit.edu.cn/zs/,verified
QVTU,https://www.qvtu.edu.cn/xzbgs/info/1203/1722.htm,official_current_second_phase_group,https://www.qvtu.edu.cn/,verified
QVTU,https://www.qvtu.edu.cn/bs/xygk/xyjj.htm,official_current_group_layout,https://www.qvtu.edu.cn/bs/,verified
QVTU,https://www.qvtu.edu.cn/info/1066/8710.htm,official_current_group_major,https://www.qvtu.edu.cn/,verified
QVTU,https://www.qvtu.edu.cn/info/1072/8744.htm,official_current_group_major,https://www.qvtu.edu.cn/,verified
QVTU,https://www.qvtu.edu.cn/jiaowuchu/jxjs/rcpyfa.htm,official_training_plan_index,https://www.qvtu.edu.cn/jiaowuchu/,verified
QVTU,https://www.qvtu.edu.cn/jiaowuchu/info/1081/2848.htm,official_2025_training_plan_page,https://www.qvtu.edu.cn/jiaowuchu/jxjs/rcpyfa.htm,verified
FJZZIT,https://www.fjzzit.edu.cn/ztzlcs/zyjycgj26/sjxm/xm17/cgsp/202607/t20260716_91640.htm,official_current_second_phase_group,https://www.fjzzit.edu.cn/,verified
FJZZIT,https://www.fjzzit.edu.cn/ztzlcs/zyjycgj26/sjxm/xm17/hjzmcl/202607/t20260717_91690.htm,official_current_group_name,https://www.fjzzit.edu.cn/,verified
FJZZIT,https://www.fjzzit.edu.cn/jxx/yxgg/202607/t20260709_91528.htm,official_current_group_members,https://www.fjzzit.edu.cn/jxx/,verified
FJZZIT,https://www.fjzzit.edu.cn/jxx/bxgk/zysz/,official_training_plan_index,https://www.fjzzit.edu.cn/jxx/,verified
FJZZIT,https://www.fjzzit.edu.cn/jxx/bxgk/zysz/index_1.htm,official_training_plan_index_page_2,https://www.fjzzit.edu.cn/jxx/bxgk/zysz/,verified
FVTI,https://www.fvti.cn/144/listm.htm,official_current_school_profile,https://www.fvti.cn/,verified
FVTI,https://www.fvti.cn/2026/0701/c141a161566/pagem.htm,official_current_second_phase_group,https://www.fvti.cn/,verified
FVTI,https://www.fvti.cn/albb/2023/1020/c2948a148005/page.htm,official_current_group_core_major,https://www.fvti.cn/albb/,verified
FVTI,https://www.fvti.cn/albb/2023/1020/c2948a148001/page.htm,official_current_group_backbone_major,https://www.fvti.cn/albb/,verified
FVTI,https://www.fvti.cn/albb/2023/1020/c2948a148007/page.htm,official_current_group_major,https://www.fvti.cn/albb/,verified
FVTI,https://www.fvti.cn/albb/2023/1020/c2948a148002/page.htm,official_current_group_major,https://www.fvti.cn/albb/,verified
FVTI,https://www.fvti.cn/albb/2951/list.htm,official_training_plan_index,https://www.fvti.cn/albb/,verified
FVTI,https://www.fvti.cn/albb/4017/list2.htm,official_double_high_training_plan_index,https://www.fvti.cn/albb/4017/list.htm,verified
JXPU,https://www.jxpu.edu.cn/xxjj/xxgk.htm,official_current_school_profile,https://www.jxpu.edu.cn/,verified
JXPU,https://www.jxpu.edu.cn/info/1021/26480.htm,official_current_second_phase_progress,https://www.jxpu.edu.cn/,verified
JXPU,https://www.jxpu.edu.cn/info/1021/15484.htm,official_ship_group_membership,https://www.jxpu.edu.cn/,verified
JXPU,https://cbgcxy.jxpu.edu.cn/zysz/cbgcjszy.htm,official_ship_group_core_major,https://cbgcxy.jxpu.edu.cn/,verified
JXPU,https://cbgcxy.jxpu.edu.cn/zysz/cbdlgcjszy.htm,official_ship_group_core_major,https://cbgcxy.jxpu.edu.cn/,verified
JXPU,https://jxgcxy.jxpu.edu.cn/zyjs/skjs1.htm,official_ship_group_major,https://jxgcxy.jxpu.edu.cn/,verified
JXPU,https://jxgcxy.jxpu.edu.cn/zyjs/gycpzljcjs.htm,official_ship_group_major,https://jxgcxy.jxpu.edu.cn/,verified
JXPU,https://dqgcxy.jxpu.edu.cn/info/1231/2272.htm,official_ship_group_major,https://dqgcxy.jxpu.edu.cn/,verified
JXPU,https://xxgcxy.jxpu.edu.cn/xygk.htm,official_current_electronic_information_group,https://xxgcxy.jxpu.edu.cn/,verified
JXPU,https://dqgcxy.jxpu.edu.cn/xygk/xyjj.htm,official_electrical_college_group_members,https://dqgcxy.jxpu.edu.cn/,verified
JXPU,https://dqgcxy.jxpu.edu.cn/info/1233/2334.htm,official_2025_plan_attachment_page,https://dqgcxy.jxpu.edu.cn/,verified
JXPU,https://xxgcxy.jxpu.edu.cn/kjrh/jxhd.htm,official_training_plan_index,https://xxgcxy.jxpu.edu.cn/,verified
JXPU,https://dqgcxy.jxpu.edu.cn/jxky/wjxz.htm,official_training_plan_index,https://dqgcxy.jxpu.edu.cn/,verified
JXPU,https://zsw.jxpu.edu.cn/info/1094/3596.htm,official_2025_admission_major_list,https://zsw.jxpu.edu.cn/,verified
JXCFS,https://www.jxcfs.com/xygk/xyjs.htm,official_current_school_profile,https://www.jxcfs.com/,verified
JXCFS,https://jwc.jxcfs.com/info/1003/2676.htm,official_current_second_phase_progress,https://jwc.jxcfs.com/,verified
JXCFS,https://dsxy.jxcfs.com/info/1063/4353.htm,official_current_second_phase_group,https://dsxy.jxcfs.com/,verified
JXCFS,https://ibd.jxcfs.com/info/1046/2881.htm,official_current_group_core_major,https://ibd.jxcfs.com/,verified
JXCFS,https://jwc.jxcfs.com/xzzx.htm,official_training_plan_index,https://jwc.jxcfs.com/,verified
JXCFS,https://ibd.jxcfs.com/zlxz.htm,official_college_download_index,https://ibd.jxcfs.com/,verified
JXCFS,https://ibd.jxcfs.com/zsjy/zyjs.htm,official_current_major_index,https://ibd.jxcfs.com/,verified
JXYT,https://www.jxyy.edu.cn/info/1052/204491.htm,official_current_second_phase_group,https://www.jxyy.edu.cn/,verified
JXYT,https://www.jxyy.edu.cn/info/1053/206391.htm,official_current_group_core_directions,https://www.jxyy.edu.cn/,verified
JXYT,https://www.jxyy.edu.cn/__local/C/E0/BA/B1CDF9BE27168E9C6109F1C0F5C_E4DFDEB5_CB4FB5.pdf,official_quality_report_group_count,https://www.jxyy.edu.cn/,verified
JXYT,https://www.jxyy.edu.cn/jwc/index/xxgk.htm,official_training_plan_index,https://www.jxyy.edu.cn/jwc/,verified
JXYT,https://www.jxyy.edu.cn/jwc/info/1019/6275.htm,official_2025_training_plan_bundle,https://www.jxyy.edu.cn/jwc/,verified
JXYT,https://www.jxyy.edu.cn/zsw/info/1051/4016.htm,official_2025_major_list,https://www.jxyy.edu.cn/zsw/,verified
JXGM,https://sgbgs.jxgmxy.com/,official_current_double_high_site,https://www.jxgmxy.com/,verified
JXGM,https://sgbgs.jxgmxy.com/news-list-gyjqrjsgspzyq.html,official_current_group_page,https://sgbgs.jxgmxy.com/,verified
JXGM,https://jyc.jxgmxy.com/news-show-1753.html,official_current_group_member_list,https://jyc.jxgmxy.com/,verified
JXGM,https://jdgcx.jxgmxy.com/news-show-6830.html,official_2025_plan_review,https://jdgcx.jxgmxy.com/,verified
JXGM,https://jwc.jxgmxy.com/news-list-xiazaizhuanqu.html,official_training_plan_index,https://jwc.jxgmxy.com/,verified
JXGM,https://jwc.jxgmxy.com/news-show-953.html,official_training_plan_page,https://jwc.jxgmxy.com/,verified
JXHJ,https://jxhjxy.com/upload/zsc/contentmanage/article/pdf/2026/01/22/202601221113088367.pdf,official_current_admissions_brochure,https://www.jxhjxy.com/,verified
JXHJ,https://jxhjxy.com/lxy/zszy/lyjs,official_current_core_major_page,https://jxhjxy.com/lxy/,verified
JXHJ,https://jxhjxy.com/lxy/zszy/gccljs,official_current_group_member_page,https://jxhjxy.com/lxy/,verified
JXHJ,https://www.jxhjxy.com/xykx/jwc2/content_43118,official_2025_plan_revision_notice,https://www.jxhjxy.com/,verified
JXHJ,https://www.jxhjxy.com/xykx/xdlyxy2/content_43338,official_2025_plan_review,https://www.jxhjxy.com/,verified
JXHJ,https://www.jxhjxy.com/s?sid=1&wd=2025%E7%BA%A7%E4%BA%BA%E6%89%8D%E5%9F%B9%E5%85%BB%E6%96%B9%E6%A1%88,official_site_search,https://www.jxhjxy.com/,verified
JXXD,https://jiaowc.jxxdxy.edu.cn/news-show-937.html,official_training_plan_page,https://jiaowc.jxxdxy.edu.cn/,verified
YRCTI,https://www.yrcti.edu.cn/slgcxy/xygk/xyjj.htm,official_current_second_phase_group,https://www.yrcti.edu.cn/,verified
YRCTI,https://www.yrcti.edu.cn/jwc/info/1123/5468.htm,official_group_member_plan_bundle,https://www.yrcti.edu.cn/jwc/,verified
YRCTI,https://www.yrcti.edu.cn/jwc/list.jsp?urltype=tree.TreeTempUrl&wbtreeid=1121,official_training_plan_index,https://www.yrcti.edu.cn/jwc/,verified
YRCTI,https://www.yrcti.edu.cn/jwc/info/1121/5945.htm,official_2025_plan_attachment_page,https://www.yrcti.edu.cn/jwc/,verified
YRCTI,https://www.yrcti.edu.cn/jwc/info/1121/5936.htm,official_2025_plan_attachment_page,https://www.yrcti.edu.cn/jwc/,verified
YRCTI,https://www.yrcti.edu.cn/jwc/info/1121/5934.htm,official_2025_plan_attachment_page,https://www.yrcti.edu.cn/jwc/,verified
YRCTI,https://www.yrcti.edu.cn/jwc/info/1121/5933.htm,official_2025_plan_attachment_page,https://www.yrcti.edu.cn/jwc/,verified
YRCTI,https://www.yrcti.edu.cn/jwc/info/1121/5932.htm,official_2025_plan_attachment_page,https://www.yrcti.edu.cn/jwc/,verified
ZZRVTC,https://www.zzrvtc.edu.cn/xxgk/list.htm,official_current_second_phase_groups_and_members,https://www.zzrvtc.edu.cn/,verified
ZZRVTC,https://www.zzrvtc.edu.cn/jwgl2/3513/list.htm,official_training_plan_index,https://www.zzrvtc.edu.cn/jwgl2/,verified
ZZRVTC,https://www.zzrvtc.edu.cn/jwgl2/2025/1120/c3513a136920/page.htm,official_2025_plan_page,https://www.zzrvtc.edu.cn/jwgl2/,verified
ZZRVTC,https://www.zzrvtc.edu.cn/jwgl2/2026/0107/c3513a138910/page.htm,official_2025_plan_page,https://www.zzrvtc.edu.cn/jwgl2/,verified
ZZRVTC,https://www.zzrvtc.edu.cn/jwgl2/2026/0107/c3513a138908/page.htm,official_2025_plan_page,https://www.zzrvtc.edu.cn/jwgl2/,verified
ZZRVTC,https://www.zzrvtc.edu.cn/jwgl2/2025/1120/c3513a136919/page.htm,official_2025_plan_page,https://www.zzrvtc.edu.cn/jwgl2/,verified
ZZRVTC,https://www.zzrvtc.edu.cn/jwgl2/2025/1011/c3513a136083/page.htm,official_2025_plan_page,https://www.zzrvtc.edu.cn/jwgl2/,verified
ZZRVTC,https://www.zzrvtc.edu.cn/jwgl2/2025/1121/c3513a137050/page.htm,official_2025_plan_page,https://www.zzrvtc.edu.cn/jwgl2/,verified
ZZRVTC,https://www.zzrvtc.edu.cn/jwgl2/2025/1121/c3513a137049/page.htm,official_2025_plan_page,https://www.zzrvtc.edu.cn/jwgl2/,verified
ZZRVTC,https://www.zzrvtc.edu.cn/jwgl2/2025/1120/c3513a136924/page.htm,official_2025_plan_page,https://www.zzrvtc.edu.cn/jwgl2/,verified
ZZRVTC,https://www.zzrvtc.edu.cn/jwgl2/2025/1120/c3513a136923/page.htm,official_2025_plan_page,https://www.zzrvtc.edu.cn/jwgl2/,verified
ZZRVTC,https://www.zzrvtc.edu.cn/jwgl2/2025/1120/c3513a136918/page.htm,official_2025_plan_page,https://www.zzrvtc.edu.cn/jwgl2/,verified
XCITC,https://www.xcitc.edu.cn/info/1032/10392.htm,official_second_phase_admission,https://www.xcitc.edu.cn/,verified
XCITC,https://www.xcitc.edu.cn/info/1032/10264.htm,official_current_national_group,https://www.xcitc.edu.cn/,verified
XCITC,https://jd.xcitc.edu.cn/xygk/xyjj.htm,official_current_school_unit_profile,https://jd.xcitc.edu.cn/,verified
XCITC,https://jd.xcitc.edu.cn/info/1076/2235.htm,official_2025_plan_revision_review,https://jd.xcitc.edu.cn/,verified
XCITC,https://jwc.xcitc.edu.cn/rcpyfa.htm,official_training_plan_index,https://jwc.xcitc.edu.cn/,verified
XCITC,https://jwc.xcitc.edu.cn/info/1135/1410.htm,official_2025_group_plan_page,https://jwc.xcitc.edu.cn/,verified
XCITC,https://jd.xcitc.edu.cn/jiansuo.jsp?wbtreeid=1084&searchScope=0&currentnum=1&newskeycode2=5Lq65omN5Z%2B55YW75pa55qGI,official_site_search_training_plan,https://jd.xcitc.edu.cn/,verified
HNCA,https://www.hnca.edu.cn/px/wzzx/nygcxy/2024/0420/58713.html,official_group_construction,https://www.hnca.edu.cn/,verified
HNCA,https://www.hnca.edu.cn/px/wzzx/xyxw1/2025/1012/68826.html,official_2025_plan_revision_completion,https://www.hnca.edu.cn/,verified
HNCA,https://www.hnca.edu.cn/search.html?site_id=1&keyword=%E4%BA%BA%E6%89%8D%E5%9F%B9%E5%85%BB%E6%96%B9%E6%A1%88,official_site_search_training_plan,https://www.hnca.edu.cn/,verified
HNCA,https://www.hnca.edu.cn/search.html?site_id=1&keyword=%E7%A7%8D%E5%AD%90%E7%94%9F%E4%BA%A7%E4%B8%8E%E7%BB%8F%E8%90%A5,official_site_search_core_major,https://www.hnca.edu.cn/,verified
HNETC,https://www.henetc.edu.cn/info/1091/17033.htm,official_second_phase_group,https://www.henetc.edu.cn/,verified
HNETC,https://jsjgc.henetc.edu.cn/xygk/xyjj.htm,official_current_school_unit_profile,https://jsjgc.henetc.edu.cn/,verified
HNETC,https://www.henetc.edu.cn/info/1090/15073.htm,official_2025_plan_revision,https://www.henetc.edu.cn/,verified
HNETC,https://jsjgc.henetc.edu.cn/zyjs/rcpy.htm,official_training_plan_index,https://jsjgc.henetc.edu.cn/,verified
HNETC,https://www.henetc.edu.cn/info/1085/16420.htm,official_2025_quality_report,https://www.henetc.edu.cn/,verified
WTU,https://news.wtc.edu.cn/2025/1230/c5967a132587/page.htm,official_second_phase_groups,https://www.wtc.edu.cn/,verified
WTU,https://dx.wtc.edu.cn/249/list.htm,official_current_optoelectronics_group_members,https://dx.wtc.edu.cn/,verified
WTU,https://it.wtc.edu.cn/2025/0711/c5765a128032/page.htm,official_current_information_cluster,https://it.wtc.edu.cn/,verified
WTU,https://xxgk.wtc.edu.cn/2025/0802/c5490a128506/page.htm,official_information_security_core_major,https://www.wtc.edu.cn/,verified
WTU,https://it.wtc.edu.cn/5743/list.htm,official_ai_college_major_index,https://it.wtc.edu.cn/,verified
WSPC,https://www.wspc.edu.cn/info/1017/50767.htm,official_current_school_profile,https://www.wspc.edu.cn/,verified
WSPC,https://www.wspc.edu.cn/info/1023/1533.htm,official_current_shipbuilding_group_members,https://www.wspc.edu.cn/,verified
WSPC,https://www.wspc.edu.cn/info/1023/1532.htm,official_current_transportation_college_profile,https://www.wspc.edu.cn/,verified
WSPC,https://cbhygcxy.wspc.edu.cn/info/1021/5721.htm,official_2025_plan_review,https://cbhygcxy.wspc.edu.cn/,verified
WSPC,https://jwzx.wspc.edu.cn/,official_academic_affairs_index,https://jwzx.wspc.edu.cn/,verified
WSPC,https://cbhygcxy.wspc.edu.cn/jxgl/jxzl.htm,official_shipbuilding_teaching_materials_index,https://cbhygcxy.wspc.edu.cn/,verified
WSPC,https://dl.wspc.edu.cn/jxgz/zyjs.htm,official_transportation_major_construction_index,https://dl.wspc.edu.cn/,verified
XYVTC,https://www.hbxytc.cn/xxgk/xxjj.htm,official_current_school_profile,https://www.hbxytc.cn/,verified
XYVTC,https://www.hbxytc.cn/info/1021/32187.htm,official_2025_group_plan_review,https://www.hbxytc.cn/,verified
XYVTC,https://www.hbxytc.cn/info/1020/32274.htm,official_2025_school_plan_review,https://www.hbxytc.cn/,verified
XYVTC,https://qcgcxy.hbxytc.cn/info/1024/3400.htm,official_current_automotive_college_profile,https://qcgcxy.hbxytc.cn/,verified
XYVTC,https://qcgcxy.hbxytc.cn/info/1116/4645.htm,official_group_construction_news,https://qcgcxy.hbxytc.cn/,verified
XYVTC,https://www.hbxytc.cn/__local/A/7A/3A/0E9D2F72AE2CE2A03CEBA731770_BF142223_35E900.pdf,official_2025_enterprise_participation_report,https://www.hbxytc.cn/,verified
XYVTC,https://xywj.hbxytc.cn/__local/D/07/5B/18D926CAE5BC144D7EF64C841C4_955DE4C2_46AB0.pdf,official_current_academic_reorganization,https://xywj.hbxytc.cn/,verified
WHVCSE,https://www.whvcse.edu.cn/zjwr/xxgk.htm,official_current_school_profile,https://www.whvcse.edu.cn/,verified
WHVCSE,https://whvcse.edu.cn/info/2292/201018.htm,official_current_group_members,https://www.whvcse.edu.cn/,verified
WHVCSE,https://dz.whvcse.edu.cn/info/1059/8303.htm,official_2025_electronics_plan_review,https://dz.whvcse.edu.cn/,verified
WHVCSE,https://xxxy.whvcse.edu.cn/info/1056/6181.htm,official_2025_software_plan_analysis,https://xxxy.whvcse.edu.cn/,verified
WHVCSE,https://xxgk.whvcse.edu.cn/info/1003/10014.htm,official_information_disclosure_report,https://xxgk.whvcse.edu.cn/,verified
WHVCSE,https://xxgk.whvcse.edu.cn/xxgklm/jxzlxx/qxkskczms_sjjxxfzzxfbl_xxkxfzzxfbl.htm,official_public_training_plan_index,https://xxgk.whvcse.edu.cn/,verified
WHVCSE,https://gzjwc.whvcse.edu.cn/,official_academic_affairs_index,https://gzjwc.whvcse.edu.cn/,verified
HBTGPT,https://www.tgc.edu.cn/content-1025-70648-1.html,official_current_school_profile,https://www.tgc.edu.cn/,verified
HBTGPT,https://www.tgc.edu.cn/content-1020-83248-1.html,official_national_group_work_meeting,https://www.tgc.edu.cn/,verified
HBTGPT,https://www.tgc.edu.cn/list-1013-1.html,official_training_information_index,https://www.tgc.edu.cn/,verified
HBTGPT,https://jdgc.tgc.edu.cn/,official_mechanical_college_index,https://jdgc.tgc.edu.cn/,verified
HBTGPT,https://jdgc.tgc.edu.cn/list-1001-1.html,official_teaching_research_index,https://jdgc.tgc.edu.cn/,verified
HBTGPT,https://jdgc.tgc.edu.cn/content-1001-1502-1.html,official_2025_plan_review,https://jdgc.tgc.edu.cn/,verified
HBTGPT,https://jdgc.tgc.edu.cn/content-1001-1406-1.html,official_2025_plan_revision_start,https://jdgc.tgc.edu.cn/,verified
WHCP,https://www.whcp.edu.cn/5/main.psp,official_current_school_profile,https://www.whcp.edu.cn/,verified
WHCP,https://www.whcp.edu.cn/2026/0106/c1404a61764/page.htm,official_2025_national_group_confirmation,https://www.whcp.edu.cn/,verified
WHCP,https://qcxy.whcp.edu.cn/4320/list.htm,official_automotive_college_profile,https://qcxy.whcp.edu.cn/,verified
WHCP,https://qcxy.whcp.edu.cn/,official_automotive_college_index,https://qcxy.whcp.edu.cn/,verified
WHCP,https://www.whcp.edu.cn/2024/1231/c1192a57654/page.htm,official_group_path_report,https://www.whcp.edu.cn/,verified
WHCP,https://qcxy.whcp.edu.cn/_t30/2025/0428/c1825a58725/page.htm,official_2025_group_curriculum_news,https://qcxy.whcp.edu.cn/,verified
WHCP,https://qcxy.whcp.edu.cn/2025/0613/c1825a59439/page.htm,official_2025_new_energy_plan_research,https://qcxy.whcp.edu.cn/,verified
WHCP,https://jwzy.whcp.edu.cn/,official_academic_affairs_index,https://jwzy.whcp.edu.cn/,verified
WRU,https://www.wru.edu.cn/xxgk/xxjj.htm,official_current_school_profile,https://www.wru.edu.cn/,verified
WRU,https://sgjh.wru.edu.cn/,official_high_level_group_topic,https://sgjh.wru.edu.cn/,verified
WRU,https://jwc.wru.edu.cn/zyjs/rcpyfa.htm,official_training_plan_index,https://jwc.wru.edu.cn/,verified
WRU,https://jwc.wru.edu.cn/zyjs/rcpyfa/1.htm,official_training_plan_index_page_2,https://jwc.wru.edu.cn/,verified
WRU,https://thxy.wru.edu.cn/info/1009/3990.htm,official_current_new_double_high_group_news,https://thxy.wru.edu.cn/,verified
WRU,https://thxy.wru.edu.cn/info/1007/3887.htm,official_2025_group_plan_review,https://thxy.wru.edu.cn/,verified
WRU,https://thxy.wru.edu.cn/xygk/xyjj.htm,official_communication_college_profile,https://thxy.wru.edu.cn/,verified
WRU,https://thxy.wru.edu.cn/xygk/zyjs.htm,official_communication_major_index,https://thxy.wru.edu.cn/,verified
WHTCC,https://www.whtcc.edu.cn/info/1013/17045.htm,official_current_double_high_confirmation,https://www.whtcc.edu.cn/,verified
WHTCC,https://znzz.whtcc.edu.cn/info/1181/3075.htm,official_current_group_membership,https://znzz.whtcc.edu.cn/,verified
WHTCC,https://www.whtcc.edu.cn/info/1046/16293.htm,official_2025_group_profile,https://www.whtcc.edu.cn/,verified
WHTCC,https://jw.whtcc.edu.cn/fwygl/zyjs.htm,official_training_plan_index,https://jw.whtcc.edu.cn/,verified
WHTCC,https://znzz.whtcc.edu.cn/,official_group_college_index,https://znzz.whtcc.edu.cn/,verified
HBPI,https://jwc.hbvtc.edu.cn/info/1051/4077.htm,official_current_major_status,https://jwc.hbvtc.edu.cn/,verified
HBPI,https://www.hbvtc.edu.cn/info/1113/23398.htm,official_2025_group_membership,https://www.hbvtc.edu.cn/,verified
HBPI,https://jwc.hbvtc.edu.cn/zysz/rcpyfa.htm,official_2025_training_plan_index,https://jwc.hbvtc.edu.cn/,verified
HBPI,https://jwc.hbvtc.edu.cn/zysz/rcpyfa/7.htm,official_2025_training_plan_index_page_2,https://jwc.hbvtc.edu.cn/,verified
HBPI,https://hl.hbvtc.edu.cn/,official_nursing_college_index,https://hl.hbvtc.edu.cn/,verified
HBPI,https://sgjs.hbvtc.edu.cn/,official_double_high_portal,https://sgjs.hbvtc.edu.cn/,verified
CSMZ,https://www.csmzxy.edu.cn/,official_home,https://www.csmzxy.edu.cn/,verified
CSMZ,https://jwc.csmzxy.edu.cn/zyjs.htm,official_professional_construction,https://jwc.csmzxy.edu.cn/,verified
CSMZ,https://jwc.csmzxy.edu.cn/info/1023/4362.htm,official_2025_training_plan_index,https://jwc.csmzxy.edu.cn/,verified
CSMZ,https://www.moe.gov.cn/jyb_xwfb/s5147/202512/t20251218_1423785.html,official_second_phase_group_membership,https://www.moe.gov.cn/,verified
CSMZ,https://jyt.hunan.gov.cn/jyt/sjyt/xxgk/gzdt/zwdt/202512/t20251224_1172094.html,official_second_phase_school_status,https://jyt.hunan.gov.cn/,verified
CSMZ,https://job.csmzxy.edu.cn/attachment/csmzxy/ueditor/file/20240228/3457_2024%E6%AF%95%E4%B8%9A%E7%94%9F%E4%BF%A1%E6%81%AF%E6%89%8B%E5%86%8C.pdf,official_group_and_major_structure,https://job.csmzxy.edu.cn/,verified
CSMZ,https://pan.csmzxy.edu.cn/link/B2548C95215155F2285C89DB3FC0F8F0,official_2025_plan_modern_funeral,https://jwc.csmzxy.edu.cn/info/1023/4362.htm,verified
CSMZ,https://pan.csmzxy.edu.cn/link/02B529A685D9A4D91BCF1EA4C72ACBC8,official_2025_plan_cemetery_service,https://jwc.csmzxy.edu.cn/info/1023/4362.htm,verified
CSMZ,https://pan.csmzxy.edu.cn/link/37D16C7D7980D081A20F4BACAFA52435,official_2025_plan_funeral_equipment,https://jwc.csmzxy.edu.cn/info/1023/4362.htm,verified
CSMZ,https://pan.csmzxy.edu.cn/link/77C345A53EB60F905E2706951EA4C638,official_2025_plan_clinical_medicine,https://jwc.csmzxy.edu.cn/info/1023/4362.htm,verified
CSMZ,https://pan.csmzxy.edu.cn/link/F6B8446BD09F18B1CC1794619F03F351,official_2025_plan_smart_elderly_care,https://jwc.csmzxy.edu.cn/info/1023/4362.htm,verified
CSMZ,https://pan.csmzxy.edu.cn/link/29F3A65D9F406C291F45B4C375C6BA9E,official_2025_plan_rehabilitation,https://jwc.csmzxy.edu.cn/info/1023/4362.htm,verified
CSMZ,https://pan.csmzxy.edu.cn/link/E396CD9F28DE081DE5F564741B0D3341,official_2025_plan_nursing,https://jwc.csmzxy.edu.cn/info/1023/4362.htm,verified
CSMZ,https://pan.csmzxy.edu.cn/link/350F894AFAA0A02C429EEB99FC0365AF,official_2025_plan_computer_network_interactive_media,https://jwc.csmzxy.edu.cn/info/1023/4362.htm,verified
CSMZ,https://pan.csmzxy.edu.cn/link/B59C2B34F6285B323FCE0CD647798FBC,official_2025_plan_computer_network_cloud_network,https://jwc.csmzxy.edu.cn/info/1023/4362.htm,verified
HNAE,https://hnae.edu.cn/,official_home,https://www.moe.gov.cn/srcsite/A03/s181/202406/t20240612_1135123.html,verified
HNAE,https://www.moe.gov.cn/srcsite/A03/s181/202406/t20240612_1135123.html,official_institution_status,https://www.moe.gov.cn/,verified
HNAE,https://www.tech.net.cn/upfiles/zlbg2023/xx/hunan/hunan%20%2829%29.pdf,official_group_structure_2023,https://www.tech.net.cn/,verified
HNAE,https://www.tech.net.cn/upfiles/zlbg2022/xx/hunan/hunan%20%2828%29.pdf,official_group_membership_2022,https://www.tech.net.cn/,verified
HNAE,https://hnqc.kypt.chaoxing.com/,official_teaching_project_platform,https://hnqc.kypt.chaoxing.com/,verified
HNAE,https://hnqc.kypt.chaoxing.com/showNewsFulltext?id=173&newstype=25&currentPage=4&new_workbenches=0&ckenc=3c61ef90672b3e5fcdaa42e8d9a6de75,official_2025_training_plan_project,https://hnqc.kypt.chaoxing.com/,verified
HNIVC,https://www.hunangy.com/,official_home,https://www.hunangy.com/,verified
HNIVC,https://www.hunangy.com/jixie/xygk/xyjs.htm,official_group_membership,https://www.hunangy.com/jixie/xygk/xyjs.htm,verified
HNIVC,https://www.hunangy.com/jwc/,teaching_affairs,https://www.hunangy.com/jwc/,verified
HNIVC,https://www.hunangy.com/jwc/rcpy/rcpyfa.htm,training_plan_index,https://www.hunangy.com/jwc/,verified
CAVTC,https://www.cavtc.cn/,official_home,https://www.cavtc.cn/,verified
CAVTC,https://www.cavtc.cn/xygk/xyjj.htm,official_institution_profile,https://www.cavtc.cn/xygk/xyjj.htm,verified
CAVTC,https://fjdzzyk.cavtc.cn/info/1093/3886.htm,official_second_phase_group_membership,https://fjdzzyk.cavtc.cn/info/1093/3886.htm,verified
CAVTC,https://jww.cavtc.cn/zyrcpyfa.htm,training_plan_index,https://jww.cavtc.cn/zyrcpyfa.htm,verified
CAVTC,https://jww.cavtc.cn/zyrcpyfa/a2025jzyrcpyfa_/hkjxzzzyq.htm,official_2025_group_training_plans,https://jww.cavtc.cn/zyrcpyfa/a2025jzyrcpyfa_/hkjxzzzyq.htm,verified
HNBEMC,https://www.hnbemc.edu.cn/,official_home,https://www.hnbemc.edu.cn/,verified
HNBEMC,https://www.hnbemc.edu.cn/channel/25/2017/0721/detail-24652.html,official_institution_profile,https://www.hnbemc.edu.cn/channel/25/2017/0721/detail-24652.html,verified
HNBEMC,https://jwc.hnbemc.edu.cn/channel/354/2025/0925/detail-68661.html,official_2025_training_plan_index,https://jwc.hnbemc.edu.cn/channel/354/2025/0925/detail-68661.html,verified
HNACVC,https://www.hnmeida.com.cn/,official_home,https://www.hnmeida.com.cn/,verified
HNACVC,https://www.hnmeida.com.cn/xxgk/info/1041/1432.htm,official_second_phase_group,https://www.hnmeida.com.cn/xxgk/info/1041/1432.htm,verified
HNACVC,https://www.hnmeida.com.cn/znzz/info/1244/4070.htm,official_group_membership,https://www.hnmeida.com.cn/znzz/info/1244/4070.htm,verified
HNACVC,https://www.hnmeida.com.cn/jwc/info/1085/2554.htm,official_2025_training_plan_index,https://www.hnmeida.com.cn/jwc/info/1085/2554.htm,verified
HNACVC,https://www.hnmeida.com.cn/xxysxy/info/1003/3757.htm,official_2025_training_plan_page,https://www.hnmeida.com.cn/jwc/info/1085/2554.htm,verified
HNACVC,https://www.hnmeida.com.cn/sgysxy/info/1117/2474.htm,official_2025_training_plan_page,https://www.hnmeida.com.cn/jwc/info/1085/2554.htm,verified
HNACVC,https://www.hnmeida.com.cn/sgysxy/info/1117/2464.htm,official_2025_training_plan_page,https://www.hnmeida.com.cn/jwc/info/1085/2554.htm,verified
HNACVC,https://www.hnmeida.com.cn/sgysxy/info/1117/2484.htm,official_2025_training_plan_page,https://www.hnmeida.com.cn/jwc/info/1085/2554.htm,verified
HNACVC,https://www.hnmeida.com.cn/sgysxy/info/1117/2494.htm,official_2025_training_plan_page,https://www.hnmeida.com.cn/jwc/info/1085/2554.htm,verified
HNACVC,https://www.hnmeida.com.cn/__local/C/7C/3A/54B6471B0B073550F4F08BB4C81_09ED4E4C_141B33.pdf,official_2025_training_plan,https://www.hnmeida.com.cn/jwc/info/1085/2554.htm,verified
HNACVC,https://www.hnmeida.com.cn/__local/4/47/83/362416E128317E38CBC34C3833E_9BEB1E8C_DFB98.pdf,official_2025_training_plan,https://www.hnmeida.com.cn/jwc/info/1085/2554.htm,verified
HNACVC,https://www.hnmeida.com.cn/__local/B/58/FE/18BF2FEDE4B513C3CBC64D5D4DE_EEBF3D3F_10BBC4.pdf,official_2025_training_plan,https://www.hnmeida.com.cn/jwc/info/1085/2554.htm,verified
HNACVC,https://www.hnmeida.com.cn/__local/A/DF/AD/412B94D4CDDE282ACB4D8019984_93DEF0D7_FF14E.pdf,official_2025_training_plan,https://www.hnmeida.com.cn/jwc/info/1085/2554.htm,verified
HNACVC,https://www.hnmeida.com.cn/__local/1/42/82/593F3D20364191ADDB2DCD0A15A_896DDB85_1133B4.pdf,official_2025_training_plan,https://www.hnmeida.com.cn/jwc/info/1085/2554.htm,verified
CSCTC,https://www.hncpu.com/,official_home,https://www.hncpu.com/,verified
CSCTC,https://www.hncpu.com/__local/4/5B/F1/5F2F1BC6C4DDFAA6CB420F9111D_AEB45EB7_5FB5CD.pdf,official_2025_quality_report,https://www.hncpu.com/__local/4/5B/F1/5F2F1BC6C4DDFAA6CB420F9111D_AEB45EB7_5FB5CD.pdf,verified
CSCTC,https://jwc.hncpu.com/info/1043/1932.htm,official_2025_training_plan_index,https://jwc.hncpu.com/info/1043/1932.htm,verified
HNMMC,https://www.hnmmc.cn/,official_home,https://www.hnmmc.cn/,verified
HNMMC,https://www.hnmmc.cn/2026/0224/c1176a52309/page.htm,official_group_membership,https://www.hnmmc.cn/2026/0224/c1176a52309/page.htm,verified
HNMMC,https://jwc.hnmmc.cn/2025n/list.htm,official_2025_training_plan_index,https://jwc.hnmmc.cn/2025n/list.htm,verified
HNMMC,https://jwc.hnmmc.cn/_upload/article/files/ce/1e/1906ae624fedb99f9e60aa81dd01/1e668326-679f-4696-9c5f-a30b681d62f0.pdf,official_2025_training_plan,https://jwc.hnmmc.cn/2025/1212/c1443a51725/page.htm,verified
HNMMC,https://jwc.hnmmc.cn/_upload/article/files/f3/87/8982b9f34f5bac53b45dd8699f1c/1041a0d0-0f4c-4401-9c03-073c81cd0303.pdf,official_2025_training_plan,https://jwc.hnmmc.cn/2025/1215/c1442a51732/page.htm,verified
HNMMC,https://jwc.hnmmc.cn/_upload/article/files/98/72/4dd5ceca45618b99f3a04bfb94b4/85611557-7cc9-4ddf-b575-4eecf3f2faa4.pdf,official_2025_training_plan,https://jwc.hnmmc.cn/2025/1205/c1447a51654/page.htm,verified
HNMMC,https://jwc.hnmmc.cn/_upload/article/files/22/86/44b351e142d6b0d334ecaf41aaa9/3fd04763-1338-494d-bd80-93344fb87d38.pdf,official_2025_training_plan,https://jwc.hnmmc.cn/2025/1211/c1444a51710/page.htm,verified
HNMMC,https://jwc.hnmmc.cn/_upload/article/files/b5/03/0d49e55d4a9cbf318b2c6d09a20e/4fa26f05-124a-4aa8-9f54-d68ff22dd55d.pdf,official_2025_training_plan,https://jwc.hnmmc.cn/2025/1211/c1445a51702/page.htm,verified
HNJTVC,https://www.hnjtzy.com.cn/,official_home,https://www.hnjtzy.com.cn/,verified
HNJTVC,https://www.hnjtzy.com.cn/info/1551/93471.htm,official_second_phase_group,https://www.hnjtzy.com.cn/info/1551/93471.htm,verified
HNJTVC,https://www.hnjtzy.com.cn/info/1431/89781.htm,official_group_membership,https://www.hnjtzy.com.cn/info/1431/89781.htm,verified
HNJTVC,https://www.hnjtzy.com.cn/info/1721/87671.htm,official_2025_training_plan_index,https://www.hnjtzy.com.cn/info/1721/87671.htm,verified
HNJTVC,https://lq.hnjtzy.com.cn/info/1077/1489.htm,official_2025_training_plan_page_images,https://www.hnjtzy.com.cn/info/1721/87671.htm,verified
HNJTVC,https://lq.hnjtzy.com.cn/info/1077/1488.htm,official_2025_training_plan_page_images,https://www.hnjtzy.com.cn/info/1721/87671.htm,verified
HNJTVC,https://lq.hnjtzy.com.cn/info/1077/1486.htm,official_2025_training_plan_page_images,https://www.hnjtzy.com.cn/info/1721/87671.htm,verified
HNJTVC,https://lq.hnjtzy.com.cn/info/1077/1491.htm,official_2025_training_plan_page_images,https://www.hnjtzy.com.cn/info/1721/87671.htm,verified
HNJTVC,https://lq.hnjtzy.com.cn/info/1077/1490.htm,official_2025_training_plan_page_images,https://www.hnjtzy.com.cn/info/1721/87671.htm,verified
HNJTVC,https://lq.hnjtzy.com.cn/info/1077/1487.htm,official_2025_training_plan_page_images,https://www.hnjtzy.com.cn/info/1721/87671.htm,verified
HNCVTC,https://www.hnhgzy.com/,official_home,https://www.hnhgzy.com/,verified
HNCVTC,https://www.hnhgzy.com/zyyswgcxy/xygk/xyjj/index.htm,official_second_phase_group_and_membership,https://www.hnhgzy.com/zyyswgcxy/xygk/xyjj/index.htm,verified
HNCVTC,https://www.hnhgzy.com/docs/2025-01/d68141bca21144979a779ae08c25e0d9.pdf,official_group_count_evidence,https://www.hnhgzy.com/docs/2025-01/d68141bca21144979a779ae08c25e0d9.pdf,verified
HNCVTC,https://www.hnhgzy.com/jwc/rcpy/index1.htm,official_2025_training_plan_index,https://www.hnhgzy.com/jwc/rcpy/index1.htm,verified
HNCVTC,https://www.hnhgzy.com/jwc/rcpy/index2.htm,official_2025_training_plan_index,https://www.hnhgzy.com/jwc/rcpy/index2.htm,verified
HNCVTC,https://www.hnhgzy.com/jwc/rcpy/ad060457f93e43c4b4eef17a9272aac8.htm,official_2025_training_plan,https://www.hnhgzy.com/jwc/rcpy/index1.htm,verified
HNCVTC,https://www.hnhgzy.com/jwc/rcpy/6c25e5aad9644a8dab62b12bd2678e03.htm,official_2025_training_plan,https://www.hnhgzy.com/jwc/rcpy/index1.htm,verified
HNCVTC,https://www.hnhgzy.com/jwc/rcpy/dc67df2e0155409eaeeae1b66cc44936.htm,official_2025_training_plan,https://www.hnhgzy.com/jwc/rcpy/index2.htm,verified
HNCVTC,https://www.hnhgzy.com/jwc/rcpy/7b221ad935cf4c3c9bdb65dac2e24034.htm,official_2025_training_plan,https://www.hnhgzy.com/jwc/rcpy/index2.htm,verified
HNCVTC,https://www.hnhgzy.com/jwc/rcpy/c07af16fcf9044f4b87ec3f276f9e6db.htm,official_2025_training_plan,https://www.hnhgzy.com/jwc/rcpy/index2.htm,verified
YYVTC,https://www.yyzy.cn/,official_homepage,https://www.yyzy.cn/,verified
HCEB,https://jwc.hceb.edu.cn/info/1301/12621.htm,official_2025_training_plan,https://jwc.hceb.edu.cn/rcpy/a2025jrcpyfa/1.htm,verified
HCEB,https://jwc.hceb.edu.cn/info/1301/12531.htm,official_2025_training_plan,https://jwc.hceb.edu.cn/rcpy/a2025jrcpyfa.htm,verified
HVUST,https://www.hvust.edu.cn/news/newsDetail/27162,official_second_phase_group,https://www.hvust.edu.cn/news/newsDetail/27162,verified
HVUST,https://www.hvust.edu.cn/news/newsDetail/25085,official_group_membership,https://www.hvust.edu.cn/news/newsDetail/25085,verified
HVUST,https://www.hvust.edu.cn/news/newsDetail/27183,official_2025_training_plan_notice,https://www.hvust.edu.cn/news/newsDetail/27183,verified
CAP,https://www.cap.edu.cn/jwc/rcpy/zkjy.htm,official_training_plan_index,https://www.cap.edu.cn/jwc/rcpy/zkjy.htm,verified
CAP,https://www.cap.edu.cn/zsw2022/xyzy1/hkwxcyxy.htm,official_current_major_index,https://www.cap.edu.cn/zsw2022/xyzy1/hkwxcyxy.htm,verified
SCPU,https://www.scpu.edu.cn/,official_home,https://www.scpu.edu.cn/,verified
SCPU,https://www.scpu.edu.cn/info/1063/155351.htm,official_second_phase_status,https://www.scpu.edu.cn/info/1063/155351.htm,verified
SCPU,https://www.scpu.edu.cn/__local/9/5A/0D/F77E202FC4CE28AC4FAABE31E85_F117E5C5_791769.pdf,official_group_membership_report,https://www.scpu.edu.cn/__local/9/5A/0D/F77E202FC4CE28AC4FAABE31E85_F117E5C5_791769.pdf,verified
SCPU,https://www.scpu.edu.cn/zhaoshengjiuye/zysz.htm,official_current_major_index,https://www.scpu.edu.cn/zhaoshengjiuye/zysz.htm,verified
SCPU,https://www.scpu.edu.cn/jwx/,official_teaching_affairs,https://www.scpu.edu.cn/jwx/,verified
CDP,https://www.cdp.edu.cn/,official_home,https://www.cdp.edu.cn/,verified
CDP,https://www.cdp.edu.cn/__local/6/45/AB/895333058E4408375B26A605700_ED4359C1_16FC79.pdf,official_second_phase_list,https://www.cdp.edu.cn/__local/6/45/AB/895333058E4408375B26A605700_ED4359C1_16FC79.pdf,verified
CDP,https://www.cdp.edu.cn/__local/8/73/92/844B1C062795A46E81F3F7E2BFB_FC8C4F22_999B88.pdf,official_group_membership_report,https://www.cdp.edu.cn/__local/8/73/92/844B1C062795A46E81F3F7E2BFB_FC8C4F22_999B88.pdf,verified
CDP,https://www.cdp.edu.cn/jwc/rcpyfagsl.htm,official_training_plan_index,https://www.cdp.edu.cn/jwc/rcpyfagsl.htm,verified
CDP,https://www.cdp.edu.cn/__local/D/EB/2A/40D8FD96BEA7267C2226F503B3E_4C31DD62_24BB63.pdf,official_2025_training_plan_guidance,https://www.cdp.edu.cn/__local/D/EB/2A/40D8FD96BEA7267C2226F503B3E_4C31DD62_24BB63.pdf,verified
CDP,https://www.cdp.edu.cn/zjc/zyjs1/rgznxy.htm,official_current_major_index,https://www.cdp.edu.cn/zjc/zyjs1/rgznxy.htm,verified
SPTC,https://www.sptc.edu.cn/,official_home,https://www.sptc.edu.cn/,verified
SPTC,https://www.sptc.edu.cn/__local/5/F0/9F/C30947AFF8635069409C944D05F_26097E8A_22CCE0.pdf,official_2026_budget_group_status,https://www.sptc.edu.cn/__local/5/F0/9F/C30947AFF8635069409C944D05F_26097E8A_22CCE0.pdf,verified
SPTC,https://www.sptc.edu.cn/info/1045/7947.htm,official_second_phase_status,https://www.sptc.edu.cn/info/1045/7947.htm,verified
SPTC,https://jk.sptc.edu.cn/info/1068/2379.htm,official_group_development,https://jk.sptc.edu.cn/info/1068/2379.htm,verified
SPTC,https://jk.sptc.edu.cn/xygk/xyjs.htm,official_current_major_index,https://jk.sptc.edu.cn/xygk/xyjs.htm,verified
SPTC,https://jwc.sptc.edu.cn/rcpy1/rcpyfa.htm,official_training_plan_index,https://jwc.sptc.edu.cn/rcpy1/rcpyfa.htm,verified
SPTC,https://zlgl.sptc.edu.cn/info/1078/1428.htm,official_quality_report,https://zlgl.sptc.edu.cn/info/1078/1428.htm,verified
CDTC,https://www.cdtc.edu.cn/,official_home,https://www.cdtc.edu.cn/,verified
CDTC,https://www.cdtc.edu.cn/info/1036/62685.htm,official_current_name,https://www.cdtc.edu.cn/info/1036/62685.htm,verified
CDTC,https://www.cdtc.edu.cn/rcpy/rcpygk.htm,official_current_major_index,https://www.cdtc.edu.cn/rcpy/rcpygk.htm,verified
CDTC,https://fzgc.cdtc.edu.cn/jxky/zy/xdfzjs.htm,official_group_major,https://fzgc.cdtc.edu.cn/jxky/zy/xdfzjs.htm,verified
CDTC,https://fzgc.cdtc.edu.cn/jxky/zy/fzpjyymy.htm,official_group_major,https://fzgc.cdtc.edu.cn/jxky/zy/fzpjyymy.htm,verified
CDTC,https://fzxy.cdtc.edu.cn/info/1011/19004.htm,official_group_major,https://fzxy.cdtc.edu.cn/info/1011/19004.htm,verified
CDTC,https://fzxy.cdtc.edu.cn/info/1163/16794.htm,official_2025_plan_review,https://fzxy.cdtc.edu.cn/info/1163/16794.htm,verified
CDTC,https://jwc.cdtc.edu.cn/,official_teaching_affairs,https://jwc.cdtc.edu.cn/,verified
SCPCFE,https://www.scpcfe.cn/,official_home,https://www.scpcfe.cn/,verified
SCPCFE,https://www.scpcfe.cn/xxgk/xygk.htm,official_current_school_profile,https://www.scpcfe.cn/xxgk/xygk.htm,verified
SCPCFE,https://www.scpcfe.cn/adm/info/1082/2376.htm,official_current_group_profile,https://www.scpcfe.cn/adm/info/1082/2376.htm,verified
SCPCFE,https://www.scpcfe.cn/cs/info/1093/3772.htm,official_group_development,https://www.scpcfe.cn/cs/info/1093/3772.htm,verified
SCPCFE,https://www.scpcfe.cn/ea/xxgk/rcpyfa.htm,official_training_plan_index,https://www.scpcfe.cn/ea/xxgk/rcpyfa.htm,verified
SCPCFE,https://www.scpcfe.cn/__local/7/63/EB/3331692E23713C138C089101E0E_FE3DFB69_79BE1F.pdf,official_quality_report,https://www.scpcfe.cn/__local/7/63/EB/3331692E23713C138C089101E0E_FE3DFB69_79BE1F.pdf,verified
SVTCC,https://www.svtcc.edu.cn/,official_home,https://www.svtcc.edu.cn/,verified
SVTCC,https://www.svtcc.edu.cn/xygk/xyjj.htm,official_current_school_profile,https://www.svtcc.edu.cn/xygk/xyjj.htm,verified
SVTCC,https://www.svtcc.edu.cn/info/1011/13341.htm,official_second_phase_status,https://www.svtcc.edu.cn/info/1011/13341.htm,verified
SVTCC,https://news.svtcc.edu.cn/info/1003/13290.htm,official_current_group_status,https://news.svtcc.edu.cn/info/1003/13290.htm,verified
SVTCC,https://jwc.svtcc.edu.cn/info/1140/1229.htm,official_2025_training_plan_index,https://jwc.svtcc.edu.cn/info/1140/1229.htm,verified
SVTCC,https://jwc.svtcc.edu.cn/2025banchengshiguidaocheliangyingyongjishuzhuanyerencaipeiyangfangan.pdf,official_2025_training_plan,https://jwc.svtcc.edu.cn/2025banchengshiguidaocheliangyingyongjishuzhuanyerencaipeiyangfangan.pdf,verified
SVTCC,https://jwc.svtcc.edu.cn/2025banchengshiguidaojiaotongjidianjishuzhuanyerencaipeiyangfangan.pdf,official_2025_training_plan,https://jwc.svtcc.edu.cn/2025banchengshiguidaojiaotongjidianjishuzhuanyerencaipeiyangfangan.pdf,verified
SVTCC,https://jwc.svtcc.edu.cn/2025banchengshiguidaojiaotongyunyingguanlizhuanyerencaipeiyangfangan.pdf,official_2025_training_plan,https://jwc.svtcc.edu.cn/2025banchengshiguidaojiaotongyunyingguanlizhuanyerencaipeiyangfangan.pdf,verified
LZPC,https://www.lzy.edu.cn/,official_home,https://www.lzy.edu.cn/,verified
LZPC,https://www.lzy.edu.cn/info/1221/1645.htm,official_school_profile,https://www.lzy.edu.cn/info/1221/1645.htm,verified
LZPC,https://www.lzy.edu.cn/info/1260/18029.htm,official_second_phase_status,https://www.lzy.edu.cn/info/1260/18029.htm,verified
LZPC,https://bjxy.lzy.edu.cn/info/1048/3056.htm,official_group_membership,https://bjxy.lzy.edu.cn/info/1048/3056.htm,verified
LZPC,https://jwc.lzy.edu.cn/,teaching_affairs,https://jwc.lzy.edu.cn/,verified
LZPC,https://jwc.lzy.edu.cn/info/1004/1315.htm,official_2025_plan_compilation_news,https://jwc.lzy.edu.cn/info/1004/1315.htm,verified
LZPC,https://bjxy.lzy.edu.cn/info/1053/2992.htm,official_2025_cohort_evidence,https://bjxy.lzy.edu.cn/info/1053/2992.htm,verified
LZPC,https://zsc.lzy.edu.cn/__local/D/E9/F7/1400D573C015D2EFCBDA825D981_86EDCAF2_2B600.pdf,official_2025_enrollment_plan,https://zsc.lzy.edu.cn/__local/D/E9/F7/1400D573C015D2EFCBDA825D981_86EDCAF2_2B600.pdf,verified
SCAC,https://www.scac.edu.cn/,official_home,https://www.scac.edu.cn/,verified
SCAC,https://zwhzbx.scac.edu.cn/xxgk1.htm,official_current_school_profile,https://zwhzbx.scac.edu.cn/xxgk1.htm,verified
SCAC,https://zwhzbx.scac.edu.cn/zlbg-year2025.pdf,official_2025_quality_report,https://zwhzbx.scac.edu.cn/zlbg-year2025.pdf,verified
SCAC,https://www.scac.edu.cn/jwc/,teaching_affairs,https://www.scac.edu.cn/jwc/,verified
SCAC,https://www.scac.edu.cn/jwc/zyjs.htm,official_training_plan_index,https://www.scac.edu.cn/jwc/zyjs.htm,verified
SCAC,https://www.scac.edu.cn/jwc/info/1112/1613.htm,official_2024_training_plan_page,https://www.scac.edu.cn/jwc/info/1112/1613.htm,verified
SCAC,https://sbgcx.scac.edu.cn/zyjs/jzsbgcjszy.htm,official_second_round_member_profile,https://sbgcx.scac.edu.cn/zyjs/jzsbgcjszy.htm,verified
CQUET,https://www.cquet.edu.cn/,official_home,https://www.cquet.edu.cn/,verified
CQUET,https://www.cquet.edu.cn/xxgk.htm,official_current_school_profile,https://www.cquet.edu.cn/xxgk.htm,verified
CQUET,https://rgzn.cquet.edu.cn/info/1011/5094.htm,official_information_security_group_profile,https://rgzn.cquet.edu.cn/info/1011/5094.htm,verified
CQUET,https://imas.cqcet.edu.cn/info/1073/13650.htm,official_integrated_circuit_group_application,https://imas.cqcet.edu.cn/info/1073/13650.htm,verified
CQUET,https://rgzn.cquet.edu.cn/xwdt/xydt1/64.htm,official_2025_plan_compilation_news,https://rgzn.cquet.edu.cn/xwdt/xydt1/64.htm,verified
CQUET,https://jwc.cquet.edu.cn/info/1201/9346.htm,official_2025_program_list,https://jwc.cquet.edu.cn/info/1201/9346.htm,verified
CQUET,https://jwc.cquet.edu.cn/,teaching_affairs,https://jwc.cquet.edu.cn/,verified
CQUET,https://oaa.cqcet.edu.cn/,legacy_teaching_affairs,https://oaa.cqcet.edu.cn/,verified
CQIPC,https://www.cqipc.edu.cn/,official_home,https://www.cqipc.edu.cn/,verified
CQIPC,https://xxgk.cqipc.edu.cn/xxgkml/xxjbqk.htm,official_current_school_profile,https://xxgk.cqipc.edu.cn/xxgkml/xxjbqk.htm,verified
CQIPC,https://jxxy.cqipc.edu.cn/info/1165/8292.htm,official_mechanical_group_profile,https://jxxy.cqipc.edu.cn/info/1165/8292.htm,verified
CQIPC,https://jxxy.cqipc.edu.cn/info/1177/7508.htm,official_mechanical_core_profile,https://jxxy.cqipc.edu.cn/info/1177/7508.htm,verified
CQIPC,https://cl.cqipc.edu.cn/info/1117/7202.htm,official_vehicle_group_profile,https://cl.cqipc.edu.cn/info/1117/7202.htm,verified
CQIPC,https://cl.cqipc.edu.cn/zyjs/zyjs.htm,official_vehicle_member_index,https://cl.cqipc.edu.cn/zyjs/zyjs.htm,verified
CQIPC,https://cl.cqipc.edu.cn/info/1175/7183.htm,official_connected_vehicle_profile,https://cl.cqipc.edu.cn/info/1175/7183.htm,verified
CQIPC,https://cl.cqipc.edu.cn/info/1176/7184.htm,official_vehicle_repair_profile,https://cl.cqipc.edu.cn/info/1176/7184.htm,verified
CQIPC,https://cl.cqipc.edu.cn/info/1178/7186.htm,official_vehicle_manufacturing_profile,https://cl.cqipc.edu.cn/info/1178/7186.htm,verified
CQIPC,https://jwc.cqipc.edu.cn/,teaching_affairs,https://jwc.cqipc.edu.cn/,verified
CQIPC,https://xxgk.cqipc.edu.cn/info/1218/4922.htm,official_2025_program_list,https://xxgk.cqipc.edu.cn/info/1218/4922.htm,verified
CQIPC,https://xxgk.cqipc.edu.cn/xxgkml/gzdt.htm,official_quality_report_index,https://xxgk.cqipc.edu.cn/xxgkml/gzdt.htm,verified
CQVIE,https://www.cqpue.edu.cn/,official_current_home,https://www.cqpue.edu.cn/,verified
CQVIE,https://zsxt.cqpue.edu.cn/pub/desktopend/listcolleage,official_current_program_index,https://zsxt.cqpue.edu.cn/pub/desktopend/listcolleage,verified
CSWU,https://www.cswu.cn/,official_home,https://www.cswu.cn/,verified
CSWU,https://www.cswu.cn/2026/0627/c33a93109/page.htm,official_current_school_profile,https://www.cswu.cn/2026/0627/c33a93109/page.htm,verified
CSWU,https://www.cswu.cn/bmdt_4469/list12.psp,official_second_round_group_news,https://www.cswu.cn/bmdt_4469/list12.psp,verified
CSWU,https://www.cswu.cn/zhky/320/list.htm,official_group_core_profile,https://www.cswu.cn/zhky/320/list.htm,verified
CSWU,https://www.cswu.cn/zhky/2022/1024/c325a65658/page.htm,official_group_member_evidence,https://www.cswu.cn/zhky/2022/1024/c325a65658/page.htm,verified
CSWU,https://www.cswu.cn/zhky/2025/0704/c346a88709/page.htm,official_2025_plan_review,https://www.cswu.cn/zhky/2025/0704/c346a88709/page.htm,verified
CSWU,https://www.cswu.cn/zhky/main.htm,official_healthcare_college,https://www.cswu.cn/zhky/main.htm,verified
CSWU,https://zs.cswu.cn/2025/0611/c1594a88411/page.htm,official_2025_program_list,https://zs.cswu.cn/2025/0611/c1594a88411/page.htm,verified
CQEPC,https://www.cqepc.com.cn/,official_home,https://www.cqepc.com.cn/,verified
CQEPC,https://www.cqepc.com.cn/jxgl/zdxk/zysz.htm,official_group_member_list,https://www.cqepc.com.cn/jxgl/zdxk/zysz.htm,verified
CQEPC,https://www.cqepc.com.cn/info/1134/10338.htm,official_2025_plan_archive,https://www.cqepc.com.cn/info/1134/10338.htm,verified
CQTBI,https://www.cqtbi.edu.cn/,official_home,https://www.cqtbi.edu.cn/,verified
CQTBI,https://www.cqtbi.edu.cn/info/1497/22507.htm,official_group_profile,https://www.cqtbi.edu.cn/info/1497/22507.htm,verified
CQTBI,https://www.cqtbi.edu.cn/info/1497/24496.htm,official_2025_plan_revision_news,https://www.cqtbi.edu.cn/info/1497/24496.htm,verified
CQTBI,https://jwc.cqtbi.edu.cn/,teaching_affairs,https://jwc.cqtbi.edu.cn/,verified
CQTBI,https://jwc.cqtbi.edu.cn/index/qbwz.htm,teaching_affairs_all_posts,https://jwc.cqtbi.edu.cn/index/qbwz.htm,verified
CQSXZY,https://www.cqsxzy.edu.cn/,official_home,https://www.cqsxzy.edu.cn/,verified
CQSXZY,https://www.cqsxzy.edu.cn/dwkjxy/,official_animal_science_college,https://www.cqsxzy.edu.cn/dwkjxy/,verified
CQSXZY,https://www.cqsxzy.edu.cn/dwkjxy/xygk/xyjj.htm,official_second_round_group_profile,https://www.cqsxzy.edu.cn/dwkjxy/xygk/xyjj.htm,verified
CQSXZY,https://www.cqsxzy.edu.cn/dwkjxy/info/1016/6496.htm,official_2025_cohort_programs,https://www.cqsxzy.edu.cn/dwkjxy/info/1016/6496.htm,verified
CQSXZY,https://www.cqsxzy.edu.cn/dwkjxy/info/1016/10416.htm,official_second_round_group_plan_review,https://www.cqsxzy.edu.cn/dwkjxy/info/1016/10416.htm,verified
CQSXZY,https://www.cqsxzy.edu.cn/jwc/jxjs/zyjs.htm,teaching_affairs_professional_construction,https://www.cqsxzy.edu.cn/jwc/jxjs/zyjs.htm,verified
CQSDZY,https://www.cqsdzy.edu.cn/,official_home,https://www.cqsdzy.edu.cn/,verified
CQSDZY,https://www.cqsdzy.edu.cn/jwc/,teaching_affairs,https://www.cqsdzy.edu.cn/jwc/,verified
CQSDZY,https://www.cqsdzy.edu.cn/jwc/rcpy.htm,teaching_affairs_talent_training,https://www.cqsdzy.edu.cn/jwc/rcpy.htm,verified
CQSDZY,https://www.cqsdzy.edu.cn/jwc/ssjg.jsp?wbtreeid=1001,official_site_search,https://www.cqsdzy.edu.cn/jwc/,verified
CQHT,https://www.cqepc.cn/,official_home,https://www.cqepc.cn/,verified
CQHT,https://jiaowu.cqepc.cn/,teaching_affairs,https://jiaowu.cqepc.cn/,verified
CQHT,https://jiaowu.cqepc.cn/channel_18156.html,teaching_affairs_latest_public_talent_training,https://jiaowu.cqepc.cn/channel_18156.html,verified
CQHT,https://dianzi.cqepc.cn/,official_electronics_college,https://dianzi.cqepc.cn/,verified
CQHT,https://dianzi.cqepc.cn/channel_17642.html,official_core_major_profile,https://dianzi.cqepc.cn/channel_17642.html,verified
CQJZC,https://www.cqjzc.edu.cn/,official_home,https://www.cqjzc.edu.cn/,verified
CQJZC,https://www.cqjzc.edu.cn/info/1025/6020.htm,official_second_round_group_summary,https://www.cqjzc.edu.cn/info/1025/6020.htm,verified
CQJZC,https://www.cqjzc.edu.cn/jwc/rcpy/jtys/a2025brcpyfa.htm,teaching_affairs_2025_talent_training,https://www.cqjzc.edu.cn/jwc/rcpy/jtys/a2025brcpyfa.htm,verified
CQJZC,https://www.cqjzc.edu.cn/jwc/info/1085/2071.htm,official_2025_plan_page,https://www.cqjzc.edu.cn/jwc/info/1085/2071.htm,verified
CQJZC,https://www.cqjzc.edu.cn/jwc/info/1085/2068.htm,official_2025_plan_page,https://www.cqjzc.edu.cn/jwc/info/1085/2068.htm,verified
CQJZC,https://www.cqjzc.edu.cn/jwc/info/1085/2067.htm,official_2025_plan_page,https://www.cqjzc.edu.cn/jwc/info/1085/2067.htm,verified
CQJZC,https://www.cqjzc.edu.cn/jwc/info/1085/2066.htm,official_2025_plan_page,https://www.cqjzc.edu.cn/jwc/info/1085/2066.htm,verified
CQJZC,https://www.cqjzc.edu.cn/jtys/info/1030/2658.htm,official_rail_programs_activity,https://www.cqjzc.edu.cn/jtys/info/1030/2658.htm,verified
GZCPU,https://www.gzcpu.edu.cn/,official_home,https://www.gzcpu.edu.cn/,verified
GZCPU,https://jwc.gzcpu.edu.cn/jxgl/jxjh.htm,teaching_affairs_2025_talent_training,https://jwc.gzcpu.edu.cn/jxgl/jxjh.htm,verified
GZCPU,https://jwc.gzcpu.edu.cn/info/1132/6229.htm,official_2025_plan_page,https://jwc.gzcpu.edu.cn/info/1132/6229.htm,verified
GZCPU,https://jwc.gzcpu.edu.cn/info/1132/6259.htm,official_2025_plan_page,https://jwc.gzcpu.edu.cn/info/1132/6259.htm,verified
GZCPU,https://jwc.gzcpu.edu.cn/info/1132/6389.htm,official_2025_plan_page,https://jwc.gzcpu.edu.cn/info/1132/6389.htm,verified
GZCPU,https://jwc.gzcpu.edu.cn/info/1132/6249.htm,official_2025_plan_page,https://jwc.gzcpu.edu.cn/info/1132/6249.htm,verified
GZCPU,https://jwc.gzcpu.edu.cn/info/1132/6569.htm,official_2025_plan_page,https://jwc.gzcpu.edu.cn/info/1132/6569.htm,verified
GZCPU,https://jwc.gzcpu.edu.cn/info/1132/6289.htm,official_2025_plan_page,https://jwc.gzcpu.edu.cn/info/1132/6289.htm,verified
GZCPU,https://jwc.gzcpu.edu.cn/info/1132/6309.htm,official_2025_plan_page,https://jwc.gzcpu.edu.cn/info/1132/6309.htm,verified
GZCPU,https://jwc.gzcpu.edu.cn/info/1132/6459.htm,official_2025_plan_page,https://jwc.gzcpu.edu.cn/info/1132/6459.htm,verified
GZCPU,https://jwc.gzcpu.edu.cn/info/1132/6579.htm,official_2025_plan_page,https://jwc.gzcpu.edu.cn/info/1132/6579.htm,verified
GZCPU,https://jwc.gzcpu.edu.cn/info/1132/6529.htm,official_2025_plan_page,https://jwc.gzcpu.edu.cn/info/1132/6529.htm,verified
GZQY,https://www.gzqy.cn/,official_home,https://www.gzqy.cn/,verified
GZQY,https://www.gzqy.cn/xxgcx/xbgk/xbjj.htm,official_second_round_group_profile,https://www.gzqy.cn/xxgcx/xbgk/xbjj.htm,verified
GZQY,https://www.gzqy.cn/jwc/jxgl/zyrcpyfagl.htm,teaching_affairs_talent_training_index,https://www.gzqy.cn/jwc/jxgl/zyrcpyfagl.htm,verified
GZQY,https://www.gzqy.cn/jwc/info/1049/1829.htm,official_2025_plan_page,https://www.gzqy.cn/jwc/info/1049/1829.htm,verified
GZKY,https://www.gzky.edu.cn/,official_home,https://www.gzky.edu.cn/,verified
GZKY,https://www.gzky.edu.cn/jdxy/info/1034/3368.htm,official_second_round_group_profile,https://www.gzky.edu.cn/jdxy/info/1034/3368.htm,verified
GZKY,https://www.gzky.edu.cn/jwc/rcpy.htm,teaching_affairs_talent_training_index,https://www.gzky.edu.cn/jwc/rcpy.htm,verified
GZKY,https://www.gzky.edu.cn/jwc/info/1022/2897.htm,official_2025_plan_page,https://www.gzky.edu.cn/jwc/info/1022/2897.htm,verified
GZKY,https://www.gzky.edu.cn/jwc/info/1022/2899.htm,official_2025_plan_page,https://www.gzky.edu.cn/jwc/info/1022/2899.htm,verified
GZKY,https://www.gzky.edu.cn/jwc/info/1022/2898.htm,official_2025_plan_page,https://www.gzky.edu.cn/jwc/info/1022/2898.htm,verified
GZKY,https://www.gzky.edu.cn/jwc/info/1022/2900.htm,official_2025_plan_page,https://www.gzky.edu.cn/jwc/info/1022/2900.htm,verified
GZKY,https://www.gzky.edu.cn/jwc/info/1022/2901.htm,official_2025_plan_page,https://www.gzky.edu.cn/jwc/info/1022/2901.htm,verified
KMYZ,https://www.kmyz.edu.cn/,official_home,https://www.kmyz.edu.cn/,verified
KMYZ,https://www.kmyz.edu.cn/info/1751/72531.htm,official_second_round_group_summary,https://www.kmyz.edu.cn/info/1751/72531.htm,verified
KMYZ,https://www.kmyz.edu.cn/jwc/pyfa.htm,teaching_affairs_talent_training_index,https://www.kmyz.edu.cn/jwc/pyfa.htm,verified
KMYZ,https://www.kmyz.edu.cn/jwc/zyxz.htm,teaching_affairs_download_index,https://www.kmyz.edu.cn/jwc/zyxz.htm,verified
KMYZ,https://www.kmyz.edu.cn/jwc/info/1028/2543.htm,official_old_plan_page,https://www.kmyz.edu.cn/jwc/info/1028/2543.htm,verified
KMYZ,https://www.kmyz.edu.cn/jwc/info/1028/2503.htm,official_old_plan_page,https://www.kmyz.edu.cn/jwc/info/1028/2503.htm,verified
KMYZ,https://www.kmyz.edu.cn/cehuixueyuan/xygk/xyjj.htm,official_surveying_group_profile,https://www.kmyz.edu.cn/cehuixueyuan/xygk/xyjj.htm,verified
KMYZ,https://www.kmyz.edu.cn/yjykyxy/info/1025/8140.htm,official_metallurgy_college_profile,https://www.kmyz.edu.cn/yjykyxy/info/1025/8140.htm,verified
YNNE,https://www.ynny.edu.cn/,official_home,https://www.ynny.edu.cn/,verified
YNNE,https://www.ynny.edu.cn/xygk/xyjj.htm,official_current_profile,https://www.ynny.edu.cn/xygk/xyjj.htm,verified
YNNE,https://www.ynny.edu.cn/info/1461/16398.htm,official_second_round_group_summary,https://www.ynny.edu.cn/info/1461/16398.htm,verified
YNNE,https://www.ynny.edu.cn/gljg/dzgl/jwc/bmjj.htm,teaching_affairs_profile,https://www.ynny.edu.cn/gljg/dzgl/jwc/bmjj.htm,verified
YNNE,https://www.ynny.edu.cn/gljg/dzgl/jwc/jxgg.htm,teaching_affairs_announcements,https://www.ynny.edu.cn/gljg/dzgl/jwc/jxgg.htm,verified
YNNE,https://www.ynny.edu.cn/gljg/dzgl/jwc/jxzl.htm,teaching_quality_index,https://www.ynny.edu.cn/gljg/dzgl/jwc/jxzl.htm,verified
YNNE,https://www.ynny.edu.cn/info/1041/14251.htm,official_2025_plan_revision_meeting,https://www.ynny.edu.cn/info/1041/14251.htm,verified
YNJTC,https://www.ynjtc.com/,official_home,https://www.ynjtc.com/,verified
YNJTC,https://www.ynjtc.com/xxgk/xxjj.htm,official_current_profile,https://www.ynjtc.com/xxgk/xxjj.htm,verified
YNJTC,https://www.ynjtc.com/info/1050/7977.htm,official_group_core_members,https://www.ynjtc.com/info/1050/7977.htm,verified
YNJTC,https://jwc.ynjtc.com/glwj.htm,teaching_affairs_plan_index,https://www.ynjtc.com/,verified
YNJTC,https://jwc.ynjtc.com/info/1009/2581.htm,official_2025_plan_page,https://jwc.ynjtc.com/info/1009/2581.htm,verified
YNJTC,https://jwc.ynjtc.com/info/1009/2561.htm,official_2025_plan_page,https://jwc.ynjtc.com/info/1009/2561.htm,verified
YNJTC,https://jwc.ynjtc.com/info/1009/2861.htm,official_2025_plan_page,https://jwc.ynjtc.com/info/1009/2861.htm,verified
YNJTC,https://jwc.ynjtc.com/info/1009/1588.htm,official_old_plan_page,https://jwc.ynjtc.com/info/1009/1588.htm,verified
YNJTC,https://jwc.ynjtc.com/info/1009/1628.htm,official_old_plan_page,https://jwc.ynjtc.com/info/1009/1628.htm,verified
YNMEC,https://www.ynmec.edu.cn/xxgk/xxjj,official_current_profile,https://www.ynmec.edu.cn/xxgk/xxjj,verified
YNMEC,https://www.ynmec.edu.cn/jdkx/content_27086,official_second_round_group,https://www.ynmec.edu.cn/jdkx/content_27086,verified
YNMEC,https://www.ynmec.edu.cn/lsnyxy/yxgk/xygk,official_college_profile,https://www.ynmec.edu.cn/lsnyxy/yxgk/xygk,verified
YNMEC,https://www.ynmec.edu.cn/lsnyxy/yxgk/zyjs/content_26862,official_group_core_major,https://www.ynmec.edu.cn/lsnyxy/yxgk/zyjs/content_26862,verified
YNMEC,https://www.ynmec.edu.cn/tzgg/jwgg/content_26980,official_2025_plan_page,https://www.ynmec.edu.cn/tzgg/jwgg/content_26980,verified
YNMEC,https://www.ynmec.edu.cn/Upload/main/ContentManage/Article/File/2026/05/28/202605281619445104.pdf,official_2025_plan_pdf,https://www.ynmec.edu.cn/tzgg/jwgg/content_26980,verified
NNVTU,https://www.nnvtu.edu.cn/xxgk1/xxjj.htm,official_current_profile,https://www.nnvtu.edu.cn/xxgk1/xxjj.htm,verified
NNVTU,https://ai.nnvtu.edu.cn/zyjs1/rjjs.htm,official_group_core_major,https://ai.nnvtu.edu.cn/zyjs1/rjjs.htm,verified
NNVTU,https://ai.nnvtu.edu.cn/zyjs1/dsjjsyyy.htm,official_group_member,https://ai.nnvtu.edu.cn/zyjs1/dsjjsyyy.htm,verified
NNVTU,https://ai.nnvtu.edu.cn/zyjs1/rgznjsfw.htm,official_group_member,https://ai.nnvtu.edu.cn/zyjs1/rgznjsfw.htm,verified
NNVTU,https://ai.nnvtu.edu.cn/zyjs1/wlwyyjs.htm,official_group_member,https://ai.nnvtu.edu.cn/zyjs1/wlwyyjs.htm,verified
NNVTU,https://ai.nnvtu.edu.cn/zyjs1/xxaqygl.htm,official_group_member,https://ai.nnvtu.edu.cn/zyjs1/xxaqygl.htm,verified
NNVTU,https://ai.nnvtu.edu.cn/zyjs1/ydtxjs.htm,official_group_member,https://ai.nnvtu.edu.cn/zyjs1/ydtxjs.htm,verified
NNVTU,https://jzxy.nnvtu.edu.cn/zyjs.htm,official_group_members,https://jzxy.nnvtu.edu.cn/zyjs.htm,verified
NNVTU,https://jwc.nnvtu.edu.cn/jwwxb/zyjs/pyfa.htm,teaching_affairs_plan_index,https://jwc.nnvtu.edu.cn/jwwxb/zyjs/pyfa.htm,verified
NNVTU,https://jwc.nnvtu.edu.cn/info/1215/5178.htm,official_2025_plan_page,https://jwc.nnvtu.edu.cn/info/1215/5178.htm,verified
NNVTU,https://jwc.nnvtu.edu.cn/info/1215/4860.htm,official_old_plan_page,https://jwc.nnvtu.edu.cn/info/1215/4860.htm,verified
GXJZY,https://www.gxjzy.com/zjjy/xxjj.htm,official_current_profile,https://www.gxjzy.com/zjjy/xxjj.htm,verified
GXJZY,https://www.gxjzy.com/info/1026/11262.htm,official_2025_quality_report_page,https://www.gxjzy.com/info/1026/11262.htm,verified
GXJZY,https://www.gxjzy.com/system/_content/download.jsp?urltype=news.DownloadAttachUrl&owner=1865687789&wbfileid=15667091,official_2025_quality_report_pdf,https://www.gxjzy.com/info/1026/11262.htm,verified
GXJZY,https://www.gxjzy.com/rcpy/rcpyfa.htm,official_2025_plan_page,https://www.gxjzy.com/rcpy/rcpyfa.htm,verified
GXJZY,https://www.gxjzy.com/system/_content/download.jsp?urltype=news.DownloadAttachUrl&owner=1865687789&wbfileid=15666871,official_2025_group_plan_pdf,https://www.gxjzy.com/rcpy/rcpyfa.htm,verified
LZPU,https://www.lzpu.edu.cn/xxgk/xxjj,official_current_profile,https://www.lzpu.edu.cn/xxgk/xxjj,verified
LZPU,https://www.lzpu.edu.cn/xxgk1/xxgkzn/content_102322,official_2025_quality_report_page,https://www.lzpu.edu.cn/xxgk1/xxgkzn/content_102322,verified
LZPU,https://www.lzpu.edu.cn/upload/main/contentmanage/article/pdf/2026/01/12/202601120826553756.pdf,official_2025_quality_report_pdf,https://www.lzpu.edu.cn/xxgk1/xxgkzn/content_102322,verified
LZPU,https://www.lzpu.edu.cn/jd/zyjs/bkbx/content_89936,official_group_core_major,https://www.lzpu.edu.cn/jd/zyjs/bkbx/content_89936,verified
LZPU,https://www.lzpu.edu.cn/jd/zyjs/bkbx/content_98177,official_group_member,https://www.lzpu.edu.cn/jd/zyjs/bkbx/content_98177,verified
LZPU,https://www.lzpu.edu.cn/dzxx/zyjs/content_103364,official_group_member,https://www.lzpu.edu.cn/dzxx/zyjs/content_103364,verified
LZPU,https://www.lzpu.edu.cn/jwysxglc/xxgk/rpfa,teaching_affairs_plan_index,https://www.lzpu.edu.cn/jwysxglc/xxgk/rpfa,verified
LZPU,https://www.lzpu.edu.cn/jwysxglc/xxgk/rpfa/content_99551,official_2025_plan_page,https://www.lzpu.edu.cn/jwysxglc/xxgk/rpfa/content_99551,verified
LZPU,https://www.lzpu.edu.cn/upload/jwysxglc/contentmanage/article/file/2025/09/11/%E9%99%84%E4%BB%B61%EF%BC%9A2025%E7%BA%A7%E8%81%8C%E4%B8%9A%E6%9C%AC%E7%A7%91%E4%B8%93%E4%B8%9A%E4%BA%BA%E6%89%8D%E5%9F%B9%E5%85%BB%E6%96%B9%E6%A1%88.rar,official_2025_plan_archive,https://www.lzpu.edu.cn/jwysxglc/xxgk/rpfa/content_99551,verified
GXSDXY,https://www.gxsdxy.cn/xxgk1/xxjj.htm,official_current_profile,https://www.gxsdxy.cn/xxgk1/xxjj.htm,verified
GXSDXY,https://www.gxsdxy.cn/dlgcxy/info/1221/45912.htm,official_group_core_evidence,https://www.gxsdxy.cn/dlgcxy/info/1221/45912.htm,verified
GXSDXY,https://www.gxsdxy.cn/info/3292/282602.htm,official_2025_group_plan_page,https://www.gxsdxy.cn/info/3292/282602.htm,verified
GXSDXY,https://www.gxsdxy.cn/__local/0/C7/DF/496B1228BCE5EED175A8FD16267_6B28D73E_30FF03.pdf,official_2025_group_plan_pdf,https://www.gxsdxy.cn/info/3292/282602.htm,verified
GXZJY,https://zsw.gxzjy.edu.cn/index.php?act=view&article_id=2wxaG5PVjBle&module=article&param=29&sys=home,official_current_profile,https://zsw.gxzjy.edu.cn/index.php?act=view&article_id=2wxaG5PVjBle&module=article&param=29&sys=home,verified
GXZJY,https://zsw.gxzjy.edu.cn/index.php?act=view&article_id=4yPpGlaZob2A&module=article&param=20&sys=home,official_group_members_page,https://zsw.gxzjy.edu.cn/index.php?act=view&article_id=4yPpGlaZob2A&module=article&param=20&sys=home,verified
GXZJY,https://zsw.gxzjy.edu.cn/index.php?act=view&article_id=2p3aYnWqjq17&module=article&param=42&sys=home,official_2025_major_list,https://zsw.gxzjy.edu.cn/index.php?act=view&article_id=2p3aYnWqjq17&module=article&param=42&sys=home,verified
XIHANG,https://www.xihang.com.cn/137/list.htm,official_current_profile,https://www.xihang.com.cn/137/list.htm,verified
XIHANG,https://www.xihang.com.cn/hkwxgcxy/2024/0304/c576a83432/page.htm,official_group_core_major,https://www.xihang.com.cn/hkwxgcxy/2024/0304/c576a83432/page.htm,verified
XIHANG,https://www.xihang.com.cn/hkzzgcxy/2026/0819/c856a101116/page.htm,official_second_round_group_core,https://www.xihang.com.cn/hkzzgcxy/2026/0819/c856a101116/page.htm,verified
XIHANG,https://www.xihang.com.cn/jwc/rcpyfa/list.htm,teaching_affairs_plan_index,https://www.xihang.com.cn/jwc/rcpyfa/list.htm,verified
XIHANG,https://www.xihang.com.cn/jwc/2024/0524/c2028a85156/page.htm,official_old_plan_page,https://www.xihang.com.cn/jwc/rcpyfa/list.htm,verified
SNPU,https://www.snpu.edu.cn/,official_current_homepage,https://www.snpu.edu.cn/,verified
SNPU,https://www.snpu.edu.cn/info/1901/255821.htm,official_second_round_groups,https://www.snpu.edu.cn/info/1901/255821.htm,verified
SNPU,https://jxgc.snpu.edu.cn/rcpy/zysz.htm,official_mechanical_major_index,https://jxgc.snpu.edu.cn/rcpy/zysz.htm,verified
SNPU,https://jxgc.snpu.edu.cn/info/1068/2958.htm,official_mechanical_core_major,https://jxgc.snpu.edu.cn/rcpy/zysz.htm,verified
SNPU,https://dqgc.snpu.edu.cn/rcpy/zyjs.htm,official_electrical_major_index,https://dqgc.snpu.edu.cn/rcpy/zyjs.htm,verified
SNPU,https://dqgc.snpu.edu.cn/info/1023/2244.htm,official_electrical_core_major,https://dqgc.snpu.edu.cn/rcpy/zyjs.htm,verified
SNPU,https://jwc.snpu.edu.cn/jszx/rcpyfa.htm,teaching_affairs_plan_index,https://jwc.snpu.edu.cn/jszx/rcpyfa.htm,verified
SNPU,https://jwc.snpu.edu.cn/info/1077/4081.htm,official_2025_plan_principles,https://jwc.snpu.edu.cn/jszx/rcpyfa.htm,verified
SNPU,https://www.snpu.edu.cn/info/1046/24311.htm,official_2025_plan_review_meeting,https://www.snpu.edu.cn/info/1046/24311.htm,verified
YLVTC,https://fzgh.ylvtc.cn/info/1118/1297.htm,official_second_round_application_groups,https://fzgh.ylvtc.cn/info/1118/1297.htm,verified
YLVTC,https://swgcfy.ylvtc.cn/info/1106/8899.htm,official_second_round_horticulture_group,https://swgcfy.ylvtc.cn/info/1106/8899.htm,verified
YLVTC,https://slgcfy.ylvtc.cn/info/1142/8987.htm,official_second_round_water_group_core,https://slgcfy.ylvtc.cn/info/1142/8987.htm,verified
YLVTC,https://jwc.ylvtc.cn/info/1011/2682.htm,official_2025_plan_index,https://jwc.ylvtc.cn/info/1011/2682.htm,verified
SXRI,https://www.sxri.net/,official_current_homepage,https://www.sxri.net/,verified
SXRI,https://sg.sxri.net/2025/0731/c1832a106528/page.htm,official_second_round_groups_notice,https://sg.sxri.net/2025/0731/c1832a106528/page.htm,verified
SXRI,https://gtxy.sxri.net/3642/list.htm,official_high_speed_group_members,https://gtxy.sxri.net/3642/list.htm,verified
SXRI,https://cgxy.sxri.net/xyjj/list.htm,official_urban_rail_group_members,https://cgxy.sxri.net/xyjj/list.htm,verified
SXRI,https://jwc.sxri.net/,teaching_affairs_homepage,https://jwc.sxri.net/,verified
SXRI,https://jwc.sxri.net/3946/list.htm,teaching_affairs_professional_construction,https://jwc.sxri.net/3946/list.htm,verified
BPU,https://www.bpu.edu.cn/,official_current_homepage,https://www.bpu.edu.cn/,verified
BPU,https://www.bpu.edu.cn/info/1052/10854.htm,official_second_round_group_members,https://www.bpu.edu.cn/info/1052/10854.htm,verified
BPU,https://www.bpu.edu.cn/jwc/index.htm,teaching_affairs_homepage,https://www.bpu.edu.cn/jwc/index.htm,verified
BPU,https://www.bpu.edu.cn/info/1094/10242.htm,official_biological_major_introduction,https://www.bpu.edu.cn/info/1094/10242.htm,verified
BPU,https://www.bpu.edu.cn/jwc/info/1003/1426.htm,official_automotive_major_introduction,https://www.bpu.edu.cn/jwc/info/1003/1426.htm,verified
BPU,https://www.bpu.edu.cn/info/1094/10241.htm,official_ai_electronics_major_introduction,https://www.bpu.edu.cn/info/1094/10241.htm,verified
BPU,https://www.bpu.edu.cn/jwc/yaopinshengwujishuzhuanyerencaipeiyangfangan.pdf,official_template_pdf,https://www.bpu.edu.cn/jwc/index.htm,verified
BPU,https://www.bpu.edu.cn/jwc/zhinengwanglianqichejishuzhuanyerencaipeiyangfangan.pdf,official_old_plan_pdf,https://www.bpu.edu.cn/jwc/index.htm,verified
BPU,https://www.bpu.edu.cn/jwc/shipinjianyanjiancejishuzhuanyerencaipeiyangfangan.pdf,official_old_plan_pdf,https://www.bpu.edu.cn/jwc/index.htm,verified
BJCZY,https://www.bjczy.edu.cn/,official_current_homepage,https://www.bjczy.edu.cn/,verified
BJCZY,https://news.bjczy.edu.cn/folder216/folder218/2025-12-21/h1qy29HuQ1xn50NA.html,official_second_round_groups,https://news.bjczy.edu.cn/folder216/folder218/2025-12-21/h1qy29HuQ1xn50NA.html,verified
BJCZY,https://www.bjczy.edu.cn/gallery/folder64/2025-12-29/78HejUU8wHeTgiI3.html,official_2025_plan_index,https://www.bjczy.edu.cn/gallery/folder64/2025-12-29/78HejUU8wHeTgiI3.html,verified
BJCZY,https://file.bjczy.edu.cn/download/material?uri=ZG9jdW1lbnQvMjAyNS8xMi8yOS8wOTFkZTY2N2EzMDk3MjEzNzBhNjU1ZDliYjQ1OTEzNC5wZGY%3D&type=document&extension=pdf&name=2025%E7%89%88%E4%BA%BA%E6%89%8D%E5%9F%B9%E5%85%BB%E6%96%B9%E6%A1%88++%E9%AB%98%E8%81%8C%E4%B8%89%E5%B9%B4%E5%88%B6%EF%BC%88%E4%B8%8A%E5%86%8C%EF%BC%89.pdf,official_2025_plan_bundle,https://www.bjczy.edu.cn/gallery/folder64/2025-12-29/78HejUU8wHeTgiI3.html,verified
BJCZY,https://file.bjczy.edu.cn/download/material?uri=ZG9jdW1lbnQvMjAyNS8xMi8yOS83MThhNGNjMTM5MjE3YjFiZThiZDU2M2ViNzMzNGNmNy5wZGY%3D&type=document&extension=pdf&name=2025%E7%89%88%E4%BA%BA%E6%89%8D%E5%9F%B9%E5%85%BB%E6%96%B9%E6%A1%88++%E9%AB%98%E8%81%8C%E4%B8%89%E5%B9%B4%E5%88%B6%EF%BC%88%E4%B8%8B%E5%86%8C%EF%BC%89.pdf,official_2025_plan_bundle,https://www.bjczy.edu.cn/gallery/folder64/2025-12-29/78HejUU8wHeTgiI3.html,verified
BIEM,https://www.biem.edu.cn/,official_current_homepage,https://www.biem.edu.cn/,verified
BIEM,https://www.biem.edu.cn/info/1047/17127.htm,official_second_round_group_members,https://www.biem.edu.cn/info/1047/17127.htm,verified
BIEM,https://jwc.biem.edu.cn/,teaching_affairs_homepage,https://jwc.biem.edu.cn/,verified
BIEM,https://jwc.biem.edu.cn/jxzy.htm,teaching_resources_index,https://jwc.biem.edu.cn/jxzy.htm,verified
BIEM,https://gcjsxy.biem.edu.cn/,artificial_intelligence_college_homepage,https://gcjsxy.biem.edu.cn/,verified
BIEM,https://gcjsxy.biem.edu.cn/zyj/rgznjsyy/zyjs.htm,official_major_introduction,https://gcjsxy.biem.edu.cn/,verified
BIEM,https://gcjsxy.biem.edu.cn/zyj/dsjjs/zyjs.htm,official_major_introduction,https://gcjsxy.biem.edu.cn/,verified
BIEM,https://gcjsxy.biem.edu.cn/zyj/xxaqjsyy/zyjs.htm,official_major_introduction,https://gcjsxy.biem.edu.cn/,verified
BIEM,https://gcjsxy.biem.edu.cn/zyj/dzxxgcjs/zyjs.htm,official_major_introduction,https://gcjsxy.biem.edu.cn/,verified
BVCLSS,https://www.bvclss.cn/,official_current_homepage,https://www.bvclss.cn/,verified
BVCLSS,https://www.bvclss.cn/pc/index/newsdetail?sid=540&id=7415,official_current_group_members,https://www.bvclss.cn/pc/index/newsdetail?sid=540&id=7415,verified
BVCLSS,https://www.bvclss.cn/pc/index/nypdf?sid=554&sonid=564,official_training_plan_index,https://www.bvclss.cn/pc/index/nypdf?sid=554&sonid=564,verified
BVCLSS,https://www.bvclss.cn/pc/index/nydetail?sid=554&sonid=564&id=5960,official_2024_plan_index,https://www.bvclss.cn/pc/index/nypdf?sid=554&sonid=564,verified
BVCLSS,https://www.bvclss.cn/upload/file/20241008/7a700d7b1aecba542efbf91967455d7d.pdf,official_old_plan_pdf,https://www.bvclss.cn/pc/index/nydetail?sid=554&sonid=564&id=5960,verified
BVCLSS,https://www.bvclss.cn/upload/file/20241008/87e952f0fd093c3ca6eb0ca16514d211.pdf,official_old_plan_pdf,https://www.bvclss.cn/pc/index/nydetail?sid=554&sonid=564&id=5960,verified
BVCLSS,https://www.bvclss.cn/upload/file/20241008/732c9422c75ea9c87724acf971fdf804.pdf,official_old_plan_pdf,https://www.bvclss.cn/pc/index/nydetail?sid=554&sonid=564&id=5960,verified
BVCLSS,https://www.bvclss.cn/pc/index/newsdetail?sid=540&id=6748,official_2025_plan_approval_news,https://www.bvclss.cn/pc/index/newsdetail?sid=540&id=6748,verified
BJYPC,https://www.bjypc.edu.cn/,official_current_homepage,https://www.bjypc.edu.cn/,verified
BJYPC,https://www.bjypc.edu.cn/zjgzlfz/index.htm,official_high_quality_development_index,https://www.bjypc.edu.cn/zjgzlfz/index.htm,verified
BJYPC,https://www.bjypc.edu.cn/xxcmysxy/,official_group_college_homepage,https://www.bjypc.edu.cn/xxcmysxy/,verified
BJYPC,https://www.bjypc.edu.cn/xxcmysxy/xwdt/xyxw/a3d2c2af58fe4e78a5bd1dcd60cadec8.htm,official_current_group_members,https://www.bjypc.edu.cn/xxcmysxy/xwdt/xyxw/a3d2c2af58fe4e78a5bd1dcd60cadec8.htm,verified
BJYPC,https://www.bjypc.edu.cn/jwc/index.htm,teaching_affairs_homepage,https://www.bjypc.edu.cn/jwc/index.htm,verified
BJYPC,https://www.bjypc.edu.cn/jwc/xzzx/index.htm,teaching_affairs_download_center,https://www.bjypc.edu.cn/jwc/index.htm,verified
BJYPC,https://www.bjypc.edu.cn/jwc/cyxz/index.htm,teaching_affairs_common_downloads,https://www.bjypc.edu.cn/jwc/index.htm,verified
TJLIVTC,https://www.tjlivtc.edu.cn/,official_current_homepage,https://www.tjlivtc.edu.cn/,verified
TJLIVTC,https://www.tjlivtc.edu.cn/show.jsp?classid=201008021044268327&id=202301092135102635,official_current_profile,https://www.tjlivtc.edu.cn/,verified
TJLIVTC,https://zs.tjlivtc.edu.cn/show.jsp?classid=201107201010437349&informationid=202604080908572205,official_current_group_members,https://www.tjlivtc.edu.cn/,verified
TJLIVTC,https://qgjwb.tjlivtc.edu.cn/,teaching_affairs_homepage,https://www.tjlivtc.edu.cn/,verified
TJLIVTC,https://qgjwb.tjlivtc.edu.cn/prod-api/system/fileName/getfileType?pageNum=1&pageSize=1000&fileType=5&Name=,official_training_plan_api,https://qgjwb.tjlivtc.edu.cn/,verified
TJLIVTC,https://qgjwb.tjlivtc.edu.cn/prod-api/profile/upload/2025/07/31/2024%E7%BA%A7%E5%85%89%E4%BC%8F%E5%B7%A5%E7%A8%8B%E6%8A%80%E6%9C%AF%E4%B8%93%E4%B8%9A%E4%BA%BA%E6%89%8D%E5%9F%B9%E5%85%BB%E6%96%B9%E6%A1%88.pdf,official_old_plan_pdf,https://qgjwb.tjlivtc.edu.cn/,verified
TBVTC,https://www.tbvtc.edu.cn/,official_current_homepage,https://www.tbvtc.edu.cn/,verified
TBVTC,https://www.tbvtc.edu.cn/xygk/xyjj.htm,official_current_profile,https://www.tbvtc.edu.cn/,verified
TBVTC,https://www.tbvtc.edu.cn/info/1036/4302.htm,official_second_round_group,https://www.tbvtc.edu.cn/,verified
TBVTC,https://hjyhg.tbvtc.edu.cn/zyjs/syhgjs.htm,official_core_major_page,https://www.tbvtc.edu.cn/info/1036/4302.htm,verified
TBVTC,https://jwc.tbvtc.edu.cn/,teaching_affairs_homepage,https://www.tbvtc.edu.cn/,verified
TBVTC,https://jwc.tbvtc.edu.cn/zyrcpyfa1.htm,official_training_plan_index,https://jwc.tbvtc.edu.cn/,verified
TBVTC,https://zsb.tbvtc.edu.cn/info/1029/1369.htm,official_current_major_brochure,https://zsb.tbvtc.edu.cn/,verified
TTTC,https://www.tttc.edu.cn/,official_current_homepage,https://www.tttc.edu.cn/,verified
TTTC,https://info.tttc.edu.cn/fj/zlnb2025.pdf,official_2025_quality_report_group_members,https://www.tttc.edu.cn/,verified
TTTC,https://jiaowu.tttc.edu.cn/,teaching_affairs_homepage,https://www.tttc.edu.cn/,verified
TTTC,https://auto.tttc.edu.cn/xinny/rcpy.htm,official_training_plan_index,https://auto.tttc.edu.cn/,verified
TTTC,https://auto.tttc.edu.cn/znwlqcjs/rcpy.htm,official_training_plan_index,https://auto.tttc.edu.cn/,verified
TTTC,https://auto.tttc.edu.cn/qcjcywxjs/rcpy1.htm,official_training_plan_index,https://auto.tttc.edu.cn/,verified
TTTC,https://jxx.tttc.edu.cn/info/1133/1253.htm,official_old_plan_page,https://jxx.tttc.edu.cn/,verified
TTTC,https://auto.tttc.edu.cn/file/xny2024.pdf,official_old_plan_pdf,https://auto.tttc.edu.cn/xinny/rcpy.htm,verified
TTTC,https://auto.tttc.edu.cn/file/znwl2024.pdf,official_old_plan_pdf,https://auto.tttc.edu.cn/znwlqcjs/rcpy.htm,verified
TTTC,https://jxx.tttc.edu.cn/file/qczz2024.pdf,official_old_plan_pdf,https://jxx.tttc.edu.cn/info/1133/1253.htm,verified
TTTC,https://auto.tttc.edu.cn/file/qcjc2024.pdf,official_old_plan_pdf,https://auto.tttc.edu.cn/qcjcywxjs/rcpy1.htm,verified
HBCIT,https://www.hbcit.edu.cn/,official_current_homepage,https://www.hbcit.edu.cn/,verified
HBCIT,https://www.hbcit.edu.cn/info/1004/13742.htm,official_second_round_school_confirmation,https://www.hbcit.edu.cn/,verified
HBCIT,https://www.hbcit.edu.cn/info/1023/1010.htm,official_group_and_legacy_members,https://www.hbcit.edu.cn/,verified
HBCIT,https://www.hbcit.edu.cn/info/1007/15143.htm,official_current_intelligent_manufacturing_group_report,https://www.hbcit.edu.cn/,verified
HBCIT,https://zs.hbcit.edu.cn/cover-shpf649s/gangtiezhinengyejinjishu,official_current_major_page,https://www.hbcit.edu.cn/,verified
HBCIT,https://zs.hbcit.edu.cn/cover-3587903l/zhinengzhizaogongchengjishu%28xuezhisinian%29,official_current_major_page,https://www.hbcit.edu.cn/,verified
HBCIT,https://jwc.hbcit.edu.cn/,teaching_affairs_homepage,https://www.hbcit.edu.cn/,verified
HBCIT,https://jwc.hbcit.edu.cn/zlxz.htm,official_download_index,https://jwc.hbcit.edu.cn/,verified
HBCIT,https://clgcxy.hbcit.edu.cn/info/1092/2375.htm,official_old_plan_page,https://clgcxy.hbcit.edu.cn/,verified
HEVUTE,https://www.hevute.edu.cn/,official_current_homepage,https://www.hevute.edu.cn/,verified
HEVUTE,https://www.hevute.edu.cn/sylm/xxxwbf/9e67d6316801421a94ad4ab99bd4dfdd.htm,official_second_round_group_and_plan_review,https://www.hevute.edu.cn/,verified
HEVUTE,https://www.hevute.edu.cn/jdxweb/,official_current_department_and_members,https://www.hevute.edu.cn/,verified
HEVUTE,https://www.hevute.edu.cn/sylm/xxxwbf/0b04138e9c7e4b46a378d3d23039535f.htm,official_2025_undergraduate_plan_review,https://www.hevute.edu.cn/,verified
HEVUTE,https://www.hevute.edu.cn/jyjx/pyfa/index.htm,official_training_plan_index,https://www.hevute.edu.cn/,verified
HEVUTE,https://www.hevute.edu.cn/docs/2024-06/614e89c46d0841d5b11fe844e91e0354.pdf,official_old_plan_pdf,https://www.hevute.edu.cn/jyjx/pyfa/index.htm,verified
HEVUTE,https://www.hevute.edu.cn/docs/2024-11/f9e84ccc66504c0abb0a52e473f7ae07.pdf,official_old_plan_pdf,https://www.hevute.edu.cn/jyjx/pyfa/index.htm,verified
HEVUTE,https://www.hevute.edu.cn/docs/2024-06/cb354628615c4d4095502a1342cf4a6a.pdf,official_old_plan_pdf,https://www.hevute.edu.cn/jyjx/pyfa/index.htm,verified
HEVUTE,https://www.hevute.edu.cn/jdxweb/zyjs/jxsjzdjzdh_bk/index.htm,official_current_major_page,https://www.hevute.edu.cn/jdxweb/,verified
HEVUTE,https://www.hevute.edu.cn/jdxweb/zyjs/znzzgcjs_bk/index.htm,official_current_major_page,https://www.hevute.edu.cn/jdxweb/,verified
HEVUTE,https://www.hevute.edu.cn/jdxweb/zyjs/jxdzgcjs_bk/index.htm,official_current_major_page,https://www.hevute.edu.cn/jdxweb/,verified
HEVUTE,https://www.hevute.edu.cn/jdxweb/zyjs/zbznhjsbk/index.htm,official_current_major_page,https://www.hevute.edu.cn/jdxweb/,verified
SJZPC,https://www.sjzpc.edu.cn/,official_current_homepage,https://www.sjzpc.edu.cn/,verified
SJZPC,https://www.sjzpc.edu.cn/info/1022/72261.htm,official_second_round_double_high_progress,https://www.sjzpc.edu.cn/,verified
SJZPC,https://www.sjzpc.edu.cn/info/1022/6971.htm,official_named_national_group,https://www.sjzpc.edu.cn/,verified
SJZPC,https://www.sjzpc.edu.cn/info/1991/66071.htm,official_current_core_department,https://www.sjzpc.edu.cn/,verified
SJZPC,https://www.sjzpc.edu.cn/info/2011/66091.htm,official_current_group_member_department,https://www.sjzpc.edu.cn/,verified
SJZPC,https://www.sjzpc.edu.cn/info/2061/66411.htm,official_2025_plan_page,https://www.sjzpc.edu.cn/,verified
SJZPC,https://www.sjzpc.edu.cn/virtual_attach_file.vsb?afc=KLl7Osoz7PUz9iUx4CaMm-8U4fRM7LJsMm9bU4TRL87aM8L0gihFp2hmCIa0Mkhkn1yDLSy8ozGsUz9boRNYnN7sLz7PollsUzCiMN7ioRfFLmAVozvinmVFL4GaozGJv2nto4OeosM/_jTN_jT/vsAbgDTJQty0LmGDLSyDMmUPLSbw6208c&oid=2136892607&tid=2061&nid=66411&e=.pdf,official_2025_plan_pdf,https://www.sjzpc.edu.cn/info/2061/66411.htm,verified
HBCPC,https://www.hebcpc.cn/,official_current_homepage,https://www.hebcpc.cn/,verified
HBCPC,https://www.hebcpc.cn/info/1003/1001.htm,official_current_profile_second_round_group,https://www.hebcpc.cn/,verified
HBCPC,https://www.hebcpc.cn/info/1024/1863.htm,official_2025_quality_report_second_round_group,https://www.hebcpc.cn/,manual_review_required
HBCPC,https://www.hebcpc.cn/zhiyaonew/info/1021/1012.htm,official_current_department_and_six_majors,https://www.hebcpc.cn/zhiyaonew/,verified
HBCPC,https://www.hebcpc.cn/zhiyaonew/info/1185/1275.htm,official_2025_training_plan_review,https://www.hebcpc.cn/zhiyaonew/,verified
HBCPC,https://www.hebcpc.cn/zhiyaonew/info/1190/1353.htm,official_current_major_page,https://www.hebcpc.cn/zhiyaonew/,verified
HBCPC,https://www.hebcpc.cn/zhiyaonew/info/1190/1349.htm,official_current_major_page,https://www.hebcpc.cn/zhiyaonew/,verified
HBCPC,https://www.hebcpc.cn/zhiyaonew/info/1190/1352.htm,official_current_major_page,https://www.hebcpc.cn/zhiyaonew/,verified
HBCPC,https://www.hebcpc.cn/zhiyaonew/info/1190/1351.htm,official_current_major_page,https://www.hebcpc.cn/zhiyaonew/,verified
HBCPC,https://www.hebcpc.cn/zhiyaonew/info/1190/1350.htm,official_current_major_page,https://www.hebcpc.cn/zhiyaonew/,verified
HBCPC,https://www.hebcpc.cn/zhiyaonew/ssjgy.jsp?wbtreeid=1001&searchScope=0&newskeycode2=MjAyNee6pyDoja%2Flk4HnlJ%2FkuqfmioDmnK8g5Lq65omN5Z%2B55YW75pa55qGI,official_exact_2025_plan_search,https://www.hebcpc.cn/zhiyaonew/,verified
HBCPC,https://www.hebcpc.cn/zhiyaonew/ssjgy.jsp?wbtreeid=1001&searchScope=0&newskeycode2=MjAyNee6pyDoja%2Flk4HnlJ%2FnianmioDmnK8g5Lq65omN5Z%2B55YW75pa55qGI,official_exact_2025_plan_search,https://www.hebcpc.cn/zhiyaonew/,verified
HBCPC,https://www.hebcpc.cn/zhiyaonew/ssjgy.jsp?wbtreeid=1001&searchScope=0&newskeycode2=MjAyNee6pyDljJblrabliLboja%2FmioDmnK8g5Lq65omN5Z%2B55YW75pa55qGI,official_exact_2025_plan_search,https://www.hebcpc.cn/zhiyaonew/,verified
HBCPC,https://www.hebcpc.cn/zhiyaonew/ssjgy.jsp?wbtreeid=1001&searchScope=0&newskeycode2=MjAyNee6pyDoja%2FnianliLbliYLmioDmnK8g5Lq65omN5Z%2B55YW75pa55qGI,official_exact_2025_plan_search,https://www.hebcpc.cn/zhiyaonew/,verified
HBCPC,https://www.hebcpc.cn/zhiyaonew/ssjgy.jsp?wbtreeid=1001&searchScope=0&newskeycode2=MjAyNee6pyDkuK3oja%2FliLboja8g5Lq65omN5Z%2B55YW75pa55qGI,official_exact_2025_plan_search,https://www.hebcpc.cn/zhiyaonew/,verified
HBCPC,https://www.hebcpc.cn/zhiyaonew/ssjgy.jsp?wbtreeid=1001&searchScope=0&newskeycode2=MjAyNee6pyDkuK3oja%2FmnZDnlJ%2FkuqfkuI7liqDlt6Ug5Lq65omN5Z%2B55YW75pa55qGI,official_exact_2025_plan_search,https://www.hebcpc.cn/zhiyaonew/,verified
HBSI,https://www.hbsi.edu.cn/xygk/xxjj.htm,official_second_round_group_profile,https://www.hbsi.edu.cn/xygk/xxjj.htm,verified
HBSI,https://www.hbsi.edu.cn/rjgcx/xbjj.htm,official_current_department_profile,https://www.hbsi.edu.cn/rjgcx/xbjj.htm,verified
HBSI,https://www.hbsi.edu.cn/rjgcx/zysz.htm,official_current_major_index,https://www.hbsi.edu.cn/rjgcx/zysz.htm,verified
HBSI,https://www.hbsi.edu.cn/rjgcx/info/1197/2280.htm,official_group_plan_review_news,https://www.hbsi.edu.cn/rjgcx/info/1197/2280.htm,verified
HBSI,https://www.hbsi.edu.cn/ssjgy.jsp?wbtreeid=1001&searchScope=0&newskeycode2=5Lq65omN5Z%2B55YW75pa55qGIIOS6uuW3peaZuuiDveaKgOacr%2BW6lOeUqA%3D%3D,official_exact_plan_search,https://www.hbsi.edu.cn/,verified
HBSI,https://www.hbsi.edu.cn/ssjgy.jsp?wbtreeid=1001&searchScope=0&newskeycode2=5Lq65omN5Z%2B55YW75pa55qGIIOWkp%2BaVsOaNruaKgOacrw%3D%3D,official_exact_plan_search,https://www.hbsi.edu.cn/,verified
HBSI,https://www.hbsi.edu.cn/ssjgy.jsp?wbtreeid=1001&searchScope=0&newskeycode2=5Lq65omN5Z%2B55YW75pa55qGIIOi9r%2BS7tuaKgOacrw%3D%3D,official_exact_plan_search,https://www.hbsi.edu.cn/,verified
TSIVU,https://www.tsgzy.edu.cn/col/1385428627828/2025/12/31/1767171101452.html,official_second_round_group_announcement,https://www.tsgzy.edu.cn/,verified
TSIVU,https://www.tsgzy.edu.cn/col/1385428627828/2026/04/20/1776674510054.html,official_current_group_case,https://www.tsgzy.edu.cn/,verified
TSIVU,https://www.tsgzy.edu.cn/col/1384827320734/index.html,official_current_professional_overview,https://www.tsgzy.edu.cn/,verified
TSIVU,https://www.tsgzy.edu.cn/col/1567734675040/index.html,official_training_plan_index,https://www.tsgzy.edu.cn/col/1567734675040/index.html,verified
TSIVU,https://www.tsgzy.edu.cn/col/1567734675040/2023/09/01/1693531716807.html,official_2023_plan_bundle_page,https://www.tsgzy.edu.cn/col/1567734675040/index.html,verified
TSIVU,https://zdh.tsgzy.edu.cn/col/1461564413319/2023/09/14/1694674993266.html,official_core_major_page,https://zdh.tsgzy.edu.cn/,verified
SIRT,https://www.sirt.edu.cn/a/2025/10/23/F365C47EFD5C4940ACB9F4525E89120B.html,official_second_round_group_announcement,https://www.sirt.edu.cn/,verified
SIRT,https://www.sirt.edu.cn/a/2025/06/20/9B9A9F804D28417F81366E0F37F187DF.html,official_current_group_members,https://www.sirt.edu.cn/,verified
SIRT,https://www.sirt.edu.cn/a/jyjx/zyjs/,official_current_major_index,https://www.sirt.edu.cn/a/jyjx/zyjs/,verified
SIRT,https://www.sirt.edu.cn/a/zhuanyejianshe/peiyangfangan/,official_training_plan_section_access_blocked,https://www.sirt.edu.cn/,verified
SIRT,https://www.sirt.edu.cn/dynamic/search.jsp?keyword=2025%E7%BA%A7+%E6%B5%8B%E7%BB%98%E5%9C%B0%E7%90%86%E4%BF%A1%E6%81%AF%E6%8A%80%E6%9C%AF+%E4%BA%BA%E6%89%8D%E5%9F%B9%E5%85%BB%E6%96%B9%E6%A1%88,official_exact_2025_plan_search,https://www.sirt.edu.cn/,verified
SJZIEI,http://www.sjziei.edu.cn/info/1026/9446.htm,official_national_double_high_deployment,https://www.sjziei.edu.cn/,verified
SJZIEI,http://www.sjziei.edu.cn/info/1028/9765.htm,official_current_group_members,https://www.sjziei.edu.cn/,verified
SJZIEI,http://www.sjziei.edu.cn/jwc/rcpyfa.htm,official_training_plan_index,https://www.sjziei.edu.cn/jwc/,verified
SJZIEI,http://www.sjziei.edu.cn/jwc/info/1043/1837.htm,official_2019_electronic_information_plan_bundle,https://www.sjziei.edu.cn/jwc/rcpyfa.htm,verified
HEJTVC,https://www.hejtxy.edu.cn/entry/v2/sub/9b946e38938d0f02b8d750ac5f57ded4/typeId/dab054ea74469111f109ed626f94262a438e,official_second_round_group_members,https://www.hejtxy.edu.cn/,verified
HEJTVC,https://www.hebjtxy.cn/engine2/data/api-v2/detail/data/ee2de49575ed3111ef0be357e38c1d12ac85/c5bae81077734111ef0be63547a965498542/c5b9887f27734111ef0be637b14dea2aa530,official_current_major_codes,https://www.hebjtxy.cn/wlglx,verified
HEJTVC,https://www.hebjtxy.cn/engine2/data/api-v2/detail/data/e6c9404a566b4111ef0be35343424e6787ed/e5299ff15d17e111f00a67f457146a1fc4c7/9be317a44d182111f00a67f38d0e754f4cd8,official_2025_training_plan_detail,https://www.hebjtxy.cn/hbjtjwc,verified
SJZPT,https://www.sjzpt.edu.cn/columns/733f461c-94bc-4c78-8f23-bc789772e6ec/index.html,official_current_school_profile,https://www.sjzpt.edu.cn/,verified
SJZPT,https://www.sjzpt.edu.cn/columns/a2fba609-1ff1-4d08-82a7-dbd3d8aad330/202601/29/88c523f6-437a-41c2-aeda-b0128a780933.html,official_national_double_high_group,https://www.sjzpt.edu.cn/,verified
SJZPT,https://dianzi.sjzpt.edu.cn/columns/d9dbd683-e8e3-49a2-8071-74526f7a9294/202505/08/5c8609f8-d732-11f0-86e0-080058000005.html,official_group_count_and_industry_scope,https://dianzi.sjzpt.edu.cn/,verified
SJZPT,https://dianzi.sjzpt.edu.cn/columns/a52f9799-435a-42d6-9aba-8ee43cd59c1d/index.html,official_department_major_setting,https://dianzi.sjzpt.edu.cn/,manual_review_required
SJZPT,https://jiaowu.sjzpt.edu.cn/columns/d856bbe6-245f-4d36-bd73-3ece99d20ee4/202510/15/540314bb-da5a-11f0-86e0-080058000005.html,official_2025_training_plan_bundle,https://jiaowu.sjzpt.edu.cn/,verified
SJZPT,https://www.sjzpt.edu.cn/columns/13152acb-710f-4438-bef0-9d1f6dba5f57/202607/02/3fe6fdca-b94b-40d4-a9a3-00326c7a0df5.html,official_double_high_resource_procurement,https://www.sjzpt.edu.cn/,verified
HEBPU,https://www.hebpu.edu.cn/info/1079/8669.htm,official_second_round_national_group,https://www.hebpu.edu.cn/,verified
HEBPU,https://hxgcx.hebpu.edu.cn/rcpy/yyhgjs_bk_.htm,official_group_member_application_chemical,https://hxgcx.hebpu.edu.cn/,verified
HEBPU,https://hxgcx.hebpu.edu.cn/rcpy/xdjxhgjs_bk_.htm,official_group_member_modern_fine_chemical,https://hxgcx.hebpu.edu.cn/,verified
HEBPU,https://hxgcx.hebpu.edu.cn/rcpy/sthjgcjs_bk_.htm,official_group_member_ecological_environment,https://hxgcx.hebpu.edu.cn/,verified
HEBPU,https://hxgcx.hebpu.edu.cn/rcpy/hgznzzgcjs_bk_.htm,official_group_member_chemical_intelligent_manufacturing,https://hxgcx.hebpu.edu.cn/,verified
HEBPU,https://www.hebpu.edu.cn/search.jsp?wbtreeid=1001&searchScope=0&currentnum=1&newskeycode2=MjAyNee6p%2BS6uuaJjeWfueWFu%2BaWueahiA%3D%3D,official_main_site_2025_plan_search,https://www.hebpu.edu.cn/,verified
HEBPU,https://hxgcx.hebpu.edu.cn/ssjgy.jsp?wbtreeid=1001&searchScope=0&currentnum=1&newskeycode2=MjAyNee6p%2BS6uuaJjeWfueWFu%2BaWueahiA%3D%3D,official_department_2025_plan_search,https://hxgcx.hebpu.edu.cn/,verified
HEBPU,https://hxgcx.hebpu.edu.cn/zyxz.htm,official_department_download_index,https://hxgcx.hebpu.edu.cn/,verified
JSAHVC,https://www.jsahvc.edu.cn/4758/list.htm,official_current_group_members,https://www.jsahvc.edu.cn/4758/list.htm,verified
JSAHVC,https://www.jsahvc.edu.cn/,official_homepage,https://www.jsahvc.edu.cn/,verified
JSAHVC,https://www.jsahvc.edu.cn/_upload/article/files/f3/12/a9509e5a4241a2ee6eb0ac5cc9d6/e09df618-4197-4fa9-a43b-aa26ab56027a.pdf,official_2025_international_plan_out_of_scope,https://www.jsahvc.edu.cn/,verified
JSAFC,https://www.jsafc.edu.cn/info/1060/20221.htm,official_second_round_national_groups,https://www.jsafc.edu.cn/,verified
JSAFC,https://sgjs.jsafc.edu.cn/,official_double_high_index,https://www.jsafc.edu.cn/,verified
JSAFC,https://nyx.jsafc.edu.cn/zyjs1.htm,official_agronomy_major_index,https://nyx.jsafc.edu.cn/,verified
JSAFC,https://zsw.jsafc.edu.cn/xyzy.htm,official_current_major_index,https://zsw.jsafc.edu.cn/,verified
JSAFC,https://jwc.jsafc.edu.cn/,official_teaching_affairs_homepage,https://jwc.jsafc.edu.cn/,verified
JSAFC,https://sgjs.jsafc.edu.cn/infonew.jsp?urltype=news.NewsContentUrl&wbtreeid=1037&wbnewsid=1739,official_2025_group_task_map_access_restricted,https://sgjs.jsafc.edu.cn/,manual_review_required
JSAFC,https://sgjs.jsafc.edu.cn/infonew.jsp?urltype=news.NewsContentUrl&wbtreeid=1037&wbnewsid=1740,official_2025_group_task_map_access_restricted,https://sgjs.jsafc.edu.cn/,manual_review_required
WXUT,https://www.wxut.edu.cn/info/1028/171681.htm,official_second_round_cnc_group,https://www.wxut.edu.cn/,verified
WXUT,https://www.wxut.edu.cn/info/1027/75991.htm,official_second_round_iot_group,https://www.wxut.edu.cn/,verified
WXUT,https://zs.wxut.edu.cn/yxxl/jxgcxy.htm,official_mechanical_major_index,https://zs.wxut.edu.cn/,verified
WXUT,https://zs.wxut.edu.cn/yxxl/wlwgcxy.htm,official_iot_major_index,https://zs.wxut.edu.cn/,verified
WXUT,https://jw.wxut.edu.cn/,official_teaching_affairs_homepage,https://www.wxut.edu.cn/,verified
WXUT,https://jw.wxut.edu.cn/rpfa.htm,official_training_plan_index,https://jw.wxut.edu.cn/,verified
JSSVC,https://www.jssvc.edu.cn/xww/xxyw/202602/t20260225_461488.shtml,official_second_round_national_group,https://www.jssvc.edu.cn/,verified
JSSVC,https://www.jssvc.edu.cn/xxgg/202512/P020260109372185039916.pdf,official_2025_quality_report_member_table,https://www.jssvc.edu.cn/,verified
JSSVC,https://xxgk.jssvc.edu.cn/jxzlxx/,official_2025_training_plan_index,https://xxgk.jssvc.edu.cn/,verified
JSSVC,https://xxgk.jssvc.edu.cn/jxzlxx/qxzyrcpyfa/,official_training_plan_category,https://xxgk.jssvc.edu.cn/,verified
JSSVC,https://jdgcxy.jssvc.edu.cn/xsgz/zsjy/202505/t20250516_389314.html,official_current_mechanical_major_index,https://jdgcxy.jssvc.edu.cn/,verified
JSJZI,https://www.jsviat.edu.cn/13/list.htm,official_history_second_round_status,https://www.jsviat.edu.cn/13/list.htm,verified
JSJZI,https://jwc.jsviat.edu.cn/pyfa_6729/list.htm,official_2025_training_plan_index,https://jwc.jsviat.edu.cn/pyfa_6729/list.htm,verified
JSJZI,https://jwc.jsviat.edu.cn/2025/0929/c6729a148576/page.htm,official_2025_smart_construction_group_plan,https://jwc.jsviat.edu.cn/2025/0929/c6729a148576/page.htm,verified
NJCIT,https://xxgk.njcit.cn/rcpyfa/list.htm,official_2025_training_plan_index,https://xxgk.njcit.cn/rcpyfa/list.htm,verified
NJCIT,https://xxgk.njcit.cn/2025/1024/c4596a159329/page.htm,official_2025_training_plan_page,https://xxgk.njcit.cn/2025/1024/c4596a159329/page.htm,verified
NJCIT,https://xxgk.njcit.cn/2025/1024/c4596a159326/page.htm,official_2025_training_plan_page,https://xxgk.njcit.cn/2025/1024/c4596a159326/page.htm,verified
NJCIT,https://xxgk.njcit.cn/2025/1024/c4596a159338/page.htm,official_2025_training_plan_page,https://xxgk.njcit.cn/2025/1024/c4596a159338/page.htm,verified
NJCIT,https://xxgk.njcit.cn/2025/1024/c4596a159299/page.htm,official_2025_training_plan_page,https://xxgk.njcit.cn/2025/1024/c4596a159299/page.htm,verified
XZCIT,https://www.xzcit.cn/zyjs/list.htm,official_second_round_group_and_members,https://www.xzcit.cn/zyjs/list.htm,verified
XZCIT,https://jwc.xzcit.cn/1226/list.htm,official_training_plan_index,https://jwc.xzcit.cn/1226/list.htm,verified
XZCIT,https://jwc.xzcit.cn/2025/0113/c1226a56458/page.htm,official_2024_training_plan_index,https://jwc.xzcit.cn/2025/0113/c1226a56458/page.htm,verified
XZCIT,https://jwc.xzcit.cn/2024/0506/c1226a54461/page.htm,official_legacy_training_plan_page,https://jwc.xzcit.cn/2024/0506/c1226a54461/page.htm,verified
XZCIT,https://www.xzcit.cn/2025/0704/c277a60641/page.htm,official_2025_training_plan_revision_news,https://www.xzcit.cn/2025/0704/c277a60641/page.htm,verified
JMI,https://www.jmi.edu.cn/e5/de/c2678a58846/page.htm,official_second_round_group_page,https://www.jmi.edu.cn/e5/de/c2678a58846/page.htm,verified
JMI,https://jw.jmi.edu.cn/2120/list.htm,official_training_plan_index,https://jw.jmi.edu.cn/2120/list.htm,verified
JMI,https://jw.jmi.edu.cn/a7/6b/c2120a108395/page.htm,official_2025_training_plan_page,https://jw.jmi.edu.cn/a7/6b/c2120a108395/page.htm,verified
JMI,https://jw.jmi.edu.cn/_upload/article/files/9c/f9/c1c611d143de8854c35ae7332710/768e7d46-ab96-4fc8-82d1-511ede94b56a.pdf,official_2023_group_membership_and_plans,https://jw.jmi.edu.cn/_upload/article/files/9c/f9/c1c611d143de8854c35ae7332710/768e7d46-ab96-4fc8-82d1-511ede94b56a.pdf,verified
JMI,https://zgc.jmi.edu.cn/a7/69/c2105a108393/page.htm,official_2025_quality_report_page,https://zgc.jmi.edu.cn/a7/69/c2105a108393/page.htm,verified
JMI,https://zgc.jmi.edu.cn/_upload/article/files/da/e1/06983b17442f85472b5d38c9134f/fc70561c-0618-4eb3-8117-7381e8ad64ea.pdf,official_2025_quality_report_pdf,https://zgc.jmi.edu.cn/_upload/article/files/da/e1/06983b17442f85472b5d38c9134f/fc70561c-0618-4eb3-8117-7381e8ad64ea.pdf,verified
NIIT,https://news.niit.edu.cn/1a/7f/c5805a72319/page.htm,official_second_round_group_announcement,https://news.niit.edu.cn/1a/7f/c5805a72319/page.htm,verified
NIIT,https://xxgk.niit.edu.cn/1a/c7/c2445a72391/page.htm,official_2025_quality_report_page,https://xxgk.niit.edu.cn/1a/c7/c2445a72391/page.htm,verified
NIIT,https://xxgk.niit.edu.cn/_upload/article/files/73/42/813381754755a765e12ba14a4897/79e9b196-6ece-4575-83fa-1527ead6cbd6.pdf,official_2025_quality_report_pdf,https://xxgk.niit.edu.cn/_upload/article/files/73/42/813381754755a765e12ba14a4897/79e9b196-6ece-4575-83fa-1527ead6cbd6.pdf,verified
NIIT,https://www.niit.edu.cn/7f/89/c4126a32649/page.htm,official_current_programs_page,https://www.niit.edu.cn/7f/89/c4126a32649/page.htm,verified
NIIT,https://scs.niit.edu.cn/0d/5b/c7248a68955/page.htm,official_ai_college_profile,https://scs.niit.edu.cn/0d/5b/c7248a68955/page.htm,verified
NIIT,https://xxgk.niit.edu.cn/2437/list.htm,official_training_plan_index,https://xxgk.niit.edu.cn/2437/list.htm,verified
NIIT,https://xxgk.niit.edu.cn/f9/65/c2437a63845/page.htm,official_2024_training_plan_page,https://xxgk.niit.edu.cn/f9/65/c2437a63845/page.htm,verified
SZAI,https://www.szai.edu.cn/xxgk/info/1066/11585.htm,official_2025_training_plan_page,https://www.szai.edu.cn/xxgk/info/1066/11585.htm,verified
SZAI,https://www.szai.edu.cn/system/_content/download.jsp?owner=1488139853&urltype=news.DownloadAttachUrl&wbfileid=16460301,official_2025_training_plan_attachment,https://www.szai.edu.cn/xxgk/info/1066/11585.htm,verified
SZAI,https://www.szai.edu.cn/__local/9/A5/F4/3FC5F0D827D592CBC9B4E929616_D97A701A_D55953.pdf,official_2025_quality_report_pdf,https://www.szai.edu.cn/xxgk/info/1066/11583.htm,verified
SZAI,https://www.szai.edu.cn/__local/A/E0/6A/0850C8CCA0AA4C7D18180E7AA8E_FBD86CAD_70BDC3.pdf?e=.pdf,official_2023_group_membership_report,https://www.szai.edu.cn/xxgk/info/1066/11034.htm,verified
SZAI,https://www.szai.edu.cn/xxgk/info/1063/11584.htm,official_2025_program_list,https://www.szai.edu.cn/xxgk/info/1063/11584.htm,verified
NJRTS,https://xxgk.njrts.edu.cn/xxgksx/jxzl.htm,official_quality_report_index,https://xxgk.njrts.edu.cn/xxgksx/jxzl.htm,verified
NJRTS,https://xxgk.njrts.edu.cn/info/1065/3345.htm,official_2025_quality_report,https://xxgk.njrts.edu.cn/info/1065/3345.htm,verified
NJRTS,https://xxgk.njrts.edu.cn/__local/6/61/8A/9B7C7DC0A15F335FBD74E1112BF_F81C4F44_2B81300.pdf,official_2025_quality_report_pdf,https://xxgk.njrts.edu.cn/info/1065/3345.htm,verified
NJRTS,https://www.njrts.edu.cn/zysz/tdysxy.htm,official_railway_transport_group_page,https://www.njrts.edu.cn/zysz/tdysxy.htm,verified
NJRTS,https://www.njrts.edu.cn/zysz/cgysyjtxy.htm,official_urban_rail_group_members_page,https://www.njrts.edu.cn/zysz/cgysyjtxy.htm,verified
NJRTS,https://www.njrts.edu.cn/info/1027/31376.htm,official_urban_rail_group_plan_news,https://www.njrts.edu.cn/info/1027/31376.htm,verified
NJRTS,https://xxgk.njrts.edu.cn/info/1065/3329.htm,official_2025_major_codes,https://xxgk.njrts.edu.cn/info/1065/3329.htm,verified
NJRTS,https://xxgk.njrts.edu.cn/xxgksx/xkzy.htm,official_training_plan_index,https://xxgk.njrts.edu.cn/xxgksx/xkzy.htm,verified
NJRTS,https://xxgk.njrts.edu.cn/info/1068/3343.htm,official_2025_training_plan_page,https://xxgk.njrts.edu.cn/info/1068/3343.htm,verified
NJRTS,https://xxgk.njrts.edu.cn/system/_content/download.jsp?urltype=news.DownloadAttachUrl&owner=1595356883&wbfileid=14961480,official_2025_training_plan_zip,https://xxgk.njrts.edu.cn/info/1068/3343.htm,access_blocked
JVIC,https://www.jvic.edu.cn/xdwl/5344/list.htm,official_college_profile,https://www.jvic.edu.cn/xdwl/5344/list.htm,verified
JVIC,https://www.jvic.edu.cn/xdwl/5346/list.htm,official_double_high_group_section,https://www.jvic.edu.cn/xdwl/5346/list.htm,verified
JVIC,https://www.jvic.edu.cn/xdwl/2026/0528/c5365a141914/page.htm,official_major_profile,https://www.jvic.edu.cn/xdwl/2026/0528/c5365a141914/page.htm,verified
JVIC,https://www.jvic.edu.cn/xdwl/2026/0528/c5365a141912/page.htm,official_major_profile,https://www.jvic.edu.cn/xdwl/2026/0528/c5365a141912/page.htm,verified
JVIC,https://www.jvic.edu.cn/xdwl/2026/0528/c5365a141909/page.htm,official_major_profile,https://www.jvic.edu.cn/xdwl/2026/0528/c5365a141909/page.htm,verified
JVIC,https://www.jvic.edu.cn/_upload/article/files/b9/b9/433193cd4588a3bd33c431ae547e/04d0d473-978e-4791-bda7-cb17d3bafd51.pdf,official_2025_training_plan_bundle_checked,https://www.jvic.edu.cn/_upload/article/files/b9/b9/433193cd4588a3bd33c431ae547e/04d0d473-978e-4791-bda7-cb17d3bafd51.pdf,verified
JVIC,https://www.jssjw.gov.cn/art/2025/11/11/art_1951_111925.html,education_quality_rectification_evidence,https://www.jssjw.gov.cn/art/2025/11/11/art_1951_111925.html,verified
JVIC,https://www.jvic.edu.cn/xxgk/810/list.htm,official_major_setting_index,https://www.jvic.edu.cn/xxgk/810/list.htm,verified
JVIC,https://www.jvic.edu.cn/jwc/,official_teaching_affairs,https://www.jvic.edu.cn/jwc/,verified
JSIT,https://www.jsit.edu.cn/info/1008/28492.htm,official_second_phase_group_evidence,https://www.jsit.edu.cn/info/1008/28492.htm,verified
JSIT,https://www.jsit.edu.cn/__local/0/8A/69/DB777B21D011D607FFDBA068CB8_97C95BC2_315B64.pdf,official_group_member_table,https://www.jsit.edu.cn/__local/0/8A/69/DB777B21D011D607FFDBA068CB8_97C95BC2_315B64.pdf,verified
JSIT,https://www.jsit.edu.cn/jwc/info/1029/2862.htm,official_2025_training_plan_page,https://www.jsit.edu.cn/jwc/info/1029/2862.htm,verified
JSIT,https://www.jsit.edu.cn/__local/C/EE/F4/DD5832D6353B1811E38A4F60F40_C5C0E7D0_1F8DA3.pdf,official_2025_training_plan_bundle,https://www.jsit.edu.cn/jwc/info/1029/2862.htm,verified
JSIT,https://www.jsit.edu.cn/wdzxy/xygk/xygk.htm,official_college_profile,https://www.jsit.edu.cn/wdzxy/xygk/xygk.htm,verified
JSIT,https://www.jsit.edu.cn/wdzxy/info/1059/3145.htm,official_group_current_professional_evidence,https://www.jsit.edu.cn/wdzxy/info/1059/3145.htm,verified
JSFPC,https://foodsci.jsfpc.edu.cn/579/list.htm,official_current_group_and_member_profile,https://foodsci.jsfpc.edu.cn/579/list.htm,verified
JSFPC,https://www.jsfpc.edu.cn/2026/0401/c3318a86121/page.htm,official_second_phase_group_progress,https://www.jsfpc.edu.cn/2026/0401/c3318a86121/page.htm,verified
JSFPC,https://foodsci.jsfpc.edu.cn/2026/0530/c614a88374/page.htm,official_group_teaching_committee,https://foodsci.jsfpc.edu.cn/2026/0530/c614a88374/page.htm,verified
JSFPC,https://jw.jsfpc.edu.cn/rcpyfa/list.htm,official_training_plan_index,https://jw.jsfpc.edu.cn/rcpyfa/list.htm,verified
JSFPC,https://jw.jsfpc.edu.cn/2026/0401/c2934a86056/page.htm,official_2025_training_plan_page,https://jw.jsfpc.edu.cn/2026/0401/c2934a86056/page.htm,verified
JSFPC,https://jw.jsfpc.edu.cn/_upload/article/files/0c/9f/ef026153497486283e5b3bed1134/03637d10-ca1d-489b-a69d-8e4cf4077bb9.pdf,official_2025_training_plan_bundle,https://jw.jsfpc.edu.cn/2026/0401/c2934a86056/page.htm,verified
YPI,https://zgb.ypi.edu.cn/2026/0427/c4071a106944/page.htm,official_current_double_high_group_evidence,https://zgb.ypi.edu.cn/2026/0427/c4071a106944/page.htm,verified
YPI,https://hgxy.ypi.edu.cn/2026/0629/c4292a109963/page.htm,official_current_group_member_directions,https://hgxy.ypi.edu.cn/2026/0629/c4292a109963/page.htm,verified
YPI,https://hgxy.ypi.edu.cn/2025/0722/c4304a104605/page.htm,official_new_group_major_profile,https://hgxy.ypi.edu.cn/2025/0722/c4304a104605/page.htm,verified
YPI,https://jwc.ypi.edu.cn/,official_teaching_affairs,https://jwc.ypi.edu.cn/,verified
SGMART,https://www.sgmart.edu.cn/info/1114/26526.htm,official_second_phase_double_high_group,https://www.sgmart.edu.cn/info/1114/26526.htm,verified
SGMART,https://ddi.sgmart.edu.cn/info/1184/4286.htm,official_current_group_progress_and_directions,https://ddi.sgmart.edu.cn/info/1184/4286.htm,verified
SGMART,https://xxgk.sgmart.edu.cn/jxzl/rcpyfa.htm,official_2025_training_plan_index,https://xxgk.sgmart.edu.cn/jxzl/rcpyfa.htm,verified
SGMART,https://xxgk.sgmart.edu.cn/info/1072/2658.htm,official_2025_training_plan_page,https://xxgk.sgmart.edu.cn/jxzl/rcpyfa.htm,manual_review_required
SIIT,https://www.siit.edu.cn/2554/list.htm,official_current_school_profile,https://www.siit.edu.cn/2554/list.htm,verified
SIIT,https://www.siit.edu.cn/2026/0629/c4325a112823/page.htm,official_second_phase_double_high_group,https://www.siit.edu.cn/2026/0629/c4325a112823/page.htm,verified
SIIT,https://zs.siit.edu.cn/2026/0301/c3289a110135/page.htm,official_current_double_high_majors_and_codes,https://zs.siit.edu.cn/2026/0301/c3289a110135/page.htm,verified
SIIT,https://zs.siit.edu.cn/2025/0223/c3287a102326/page.htm,official_2025_admission_majors_and_codes,https://zs.siit.edu.cn/2025/0223/c3287a102326/page.htm,verified
SIIT,https://dzgcx.siit.edu.cn/367/listm.htm,official_current_department_major_directors,https://dzgcx.siit.edu.cn/367/listm.htm,verified
SIIT,https://www.siit.edu.cn/2025/1110/c3575a108179/page.htm,official_2024_2025_information_disclosure_report,https://www.siit.edu.cn/2025/1110/c3575a108179/page.htm,verified
SIIT,https://jwc.siit.edu.cn/rcpyfa/list.htm,official_training_plan_index,https://www.siit.edu.cn/2025/1110/c3575a108179/page.htm,manual_review_required
SIIT,https://jwc.siit.edu.cn/2025/0718/c4129a106413/page.htm,official_indexed_2025_training_plan_page,https://jwc.siit.edu.cn/rcpyfa/list.htm,manual_review_required
TRZY,https://www.trzy.edu.cn/xxgkg/xxjj.htm,official_current_school_profile,https://www.trzy.edu.cn/xxgkg/xxjj.htm,verified
TRZY,https://xxgkw.trzy.edu.cn/info/1024/1101.htm,official_2025_quality_report_and_second_phase_group,https://xxgkw.trzy.edu.cn/info/1024/1101.htm,verified
TRZY,https://www.trzy.edu.cn/info/1087/71312.htm,official_current_group_project,https://www.trzy.edu.cn/info/1087/71312.htm,verified
TRZY,https://www.trzy.edu.cn/rcpy/zyszz/yxy.htm,official_pharmacy_college_major_index,https://www.trzy.edu.cn/rcpy/zyszz/yxy.htm,verified
TRZY,https://www.trzy.edu.cn/info/1094/1185.htm,official_pharmacy_major_profiles,https://www.trzy.edu.cn/rcpy/zyszz/yxy.htm,verified
TRZY,https://xxgkw.trzy.edu.cn/info/1026/1125.htm,official_2024_2025_information_disclosure_report,https://xxgkw.trzy.edu.cn/info/1026/1125.htm,verified
TRZY,https://jxgzb.trzy.edu.cn/jxgl/zyjs.htm,official_training_plan_index,https://jxgzb.trzy.edu.cn/jxgl/zyjs.htm,verified
TRZY,https://jxgzb.trzy.edu.cn/info/1037/1125.htm,official_2025_training_plan_entry,https://jxgzb.trzy.edu.cn/jxgl/zyjs.htm,manual_review_required
GXCVTC,https://www.gxjsxy.cn/info/1021/1001.htm,official_current_school_profile,https://www.gxjsxy.cn/info/1021/1001.htm,verified
GXCVTC,https://www.gxjsxy.cn/info/1521/114102.htm,official_current_double_high_group_procurement,https://www.gxjsxy.cn/info/1521/114102.htm,verified
GXCVTC,https://www.gxjsxy.cn/info/1481/108222.htm,official_2025_group_training_plan_review,https://www.gxjsxy.cn/info/1481/108222.htm,verified
GXCVTC,https://www.gxjsxy.cn/szyjtxy/info/1061/14661.htm,official_2026_group_training_plan_review,https://www.gxjsxy.cn/szyjtxy/info/1061/14661.htm,verified
GXCVTC,https://www.gxjsxy.cn/info/1521/108622.htm,official_group_member_course_procurement,https://www.gxjsxy.cn/info/1521/108622.htm,verified
GXCVTC,https://www.gxjsxy.cn/szyjtxy/zsjy/zyjs.htm,official_current_department_major_index,https://www.gxjsxy.cn/szyjtxy/zsjy/zyjs.htm,verified
GXCVTC,https://www.gxjsxy.cn/szyjtxy/info/1281/13431.htm,official_current_municipal_engineering_profile,https://www.gxjsxy.cn/szyjtxy/zsjy/zyjs.htm,verified
GXCVTC,https://www.gxjsxy.cn/szyjtxy/info/1281/13441.htm,official_current_road_bridge_profile,https://www.gxjsxy.cn/szyjtxy/zsjy/zyjs.htm,verified
GXCVTC,https://www.gxjsxy.cn/szyjtxy/info/1281/13451.htm,official_current_civil_testing_profile,https://www.gxjsxy.cn/szyjtxy/zsjy/zyjs.htm,verified
GXCVTC,https://www.gxjsxy.cn/szyjtxy/info/1281/13461.htm,official_current_road_cost_profile,https://www.gxjsxy.cn/szyjtxy/zsjy/zyjs.htm,verified
GXCVTC,https://www.gxjsxy.cn/__local/4/82/8D/7EE88F2C14EF833DB60E091E673_5F1127D9_3AA1FC.pdf,official_old_municipal_training_plan,https://www.gxjsxy.cn/szyjtxy/zsjy/zyjs.htm,manual_review_required
GXCVTC,https://www.gxjsxy.cn/__local/0/92/62/B3CC9447BB733FCA345EBA6F5B0_FEAEEB51_27182B.pdf,official_old_road_bridge_training_plan,https://www.gxjsxy.cn/szyjtxy/zsjy/zyjs.htm,manual_review_required
GXCVTC,https://www.gxjsxy.cn/__local/9/5D/8C/54B0A224032A5CEB2667C1445CD_59FABBC8_3233A8.pdf,official_old_road_cost_training_plan,https://www.gxjsxy.cn/szyjtxy/zsjy/zyjs.htm,manual_review_required
GXCVTC,https://www.gxjsxy.cn/__local/3/E0/C3/041C774FE83522E59F50F2C6F19_6DBDC1BA_43850E.pdf,official_year_ambiguous_civil_testing_training_plan,https://www.gxjsxy.cn/szyjtxy/zsjy/zyjs.htm,manual_review_required
GXCVTC,https://www.gxjsxy.cn/__local/3/24/09/9400962E2C0AE43FFF8706F3F22_6076E4BC_3DFDC7.pdf,official_old_urban_rural_planning_training_plan,https://www.gxjsxy.cn/info/1521/108622.htm,manual_review_required
JSSC,https://www.jssc.edu.cn/,official_school_home,https://www.jssc.edu.cn/,verified
JSSC,https://www.jssc.edu.cn/2025/1015/c98a63207/page.htm,official_group_launch_meeting,https://www.jssc.edu.cn/2025/1015/c98a63207/page.htm,verified
JSSC,https://www.jssc.edu.cn/zczx/2026/0514/c2988a65262/page.htm,official_second_phase_group_procurement,https://www.jssc.edu.cn/zczx/2026/0514/c2988a65262/page.htm,verified
JSSC,https://paper.jyb.cn/zgjyb/h5/html5/2025-04/01/node_144741.htm,official_education_newspaper_membership_evidence,https://paper.jyb.cn/zgjyb/h5/html5/2025-04/01/content_144747_18398710.htm,verified
JSSC,https://www.jssc.edu.cn/jiaowuchu/2025/0718/c3968a62382/page.htm,official_2025_training_plan_index,https://www.jssc.edu.cn/jiaowuchu/2025/0718/c3968a62382/page.htm,verified
JSSC,https://www.jssc.edu.cn/cbhyx/2025/0718/c3967a62374/page.htm,official_ship_college_2025_training_plan_page,https://www.jssc.edu.cn/jiaowuchu/2025/0718/c3968a62382/page.htm,verified
JSSC,https://www.jssc.edu.cn/_upload/article/files/fd/64/8119d08d4f708923f07dfccdfa0a/fb79923b-69e7-4088-b329-1e4108603f0f.pdf,official_ship_college_2025_training_plan_pdf,https://www.jssc.edu.cn/cbhyx/2025/0718/c3967a62374/page.htm,verified
JSSC,https://www.jssc.edu.cn/ljgcx/2025/0717/c3540a62357/page.htm,official_engine_college_2025_training_plan_page,https://www.jssc.edu.cn/jiaowuchu/2025/0718/c3968a62382/page.htm,verified
JSSC,https://www.jssc.edu.cn/_upload/article/files/26/99/a911ee564f169069cda1fa793253/7896f949-2ecf-478c-8d7d-8b6575a19325.pdf,official_engine_college_2025_training_plan_pdf,https://www.jssc.edu.cn/ljgcx/2025/0717/c3540a62357/page.htm,verified
JHCU,https://www.jhc.edu.cn/,official_home,https://www.jhc.edu.cn/,verified
JHCU,https://www.jhc.edu.cn/2026/0318/c4548a190701/page.htm,official_second_phase_five_group_evidence,https://www.jhc.edu.cn/2026/0318/c4548a190701/page.htm,verified
JHCU,https://yxy.jhc.cn/2025/0926/c9393a184663/page.htm,official_nursing_group_progress_meeting,https://yxy.jhc.cn/2025/0926/c9393a184663/page.htm,verified
JHCU,https://www.jhc.edu.cn/2026/0331/c4549a191332/page.htm,official_nursing_group_membership_profile,https://www.jhc.edu.cn/2026/0331/c4549a191332/page.htm,verified
JHCU,https://www.jhc.edu.cn/2025/0411/c4548a178730/page.htm,official_2025_training_plan_development_meeting,https://www.jhc.edu.cn/2025/0411/c4548a178730/page.htm,verified
JHCU,https://yxy.jhc.cn/rcpy/list.htm,official_medical_school_training_section,https://yxy.jhc.cn/rcpy/list.htm,verified
JHCU,https://zsw.jhc.edu.cn/2025/0618/c1023a181775/page.htm,official_2025_vocational_bachelor_admission_plan,https://zsw.jhc.edu.cn/2025/0618/c1023a181775/page.htm,verified
JHCU,https://jww.jhc.cn/2025/0623/c3739a181927/page.htm,official_training_plan_portal_currently_under_maintenance,https://jww.jhc.cn/2025/0623/c3739a181927/page.htm,verified
XYPI,https://www.xypi.edu.cn/,official_home,https://www.xypi.edu.cn/,verified
XYPI,https://news.xypi.edu.cn/info/1003/47598.htm,official_second_phase_nursing_group_meeting,https://news.xypi.edu.cn/info/1003/47598.htm,verified
XYPI,https://dzb.xypi.edu.cn/info/1010/6893.htm,official_2025_training_plan_work_program,https://dzb.xypi.edu.cn/info/1010/6893.htm,verified
XYPI,https://fa.xypi.edu.cn/info/1006/9736.htm,official_nursing_group_member_evidence,https://fa.xypi.edu.cn/info/1006/9736.htm,verified
XYPI,https://gyzcgl.xypi.edu.cn/info/1061/7928.htm,official_second_phase_group_procurement_and_elder_care_evidence,https://gyzcgl.xypi.edu.cn/info/1061/7928.htm,verified
XYPI,https://gyzcgl.xypi.edu.cn/info/1061/8738.htm,official_second_phase_group_imaging_and_rehabilitation_evidence,https://gyzcgl.xypi.edu.cn/info/1061/8738.htm,verified
XYPI,https://www.xypi.edu.cn/ejxy/yxy.htm,official_medical_college_program_profile,https://www.xypi.edu.cn/ejxy/yxy.htm,verified
XYPI,https://zs.xypi.edu.cn/info/1007/7411.htm,official_current_medical_program_list,https://zs.xypi.edu.cn/info/1007/7411.htm,verified
SXNY,http://www.sxny.cn/,official_home,http://www.sxny.cn/,verified
SXNY,http://www.sxny.cn/info/1062/15348.htm,official_second_phase_group_evidence,http://www.sxny.cn/info/1062/15348.htm,verified
SXNY,https://www.ccgp-shaanxi.gov.cn/gpx-bid-file/ZF_JGBM_000003/zone/2025/1/12/project/gpx-template/8a69c6ae98b38d94019a4ca33a160c2e.pdf?accessCode=8461252b99a745fc580613dc4f1076a5,official_2025_group_procurement,https://www.ccgp-shaanxi.gov.cn/gpx-bid-file/ZF_JGBM_000003/zone/2025/1/12/project/gpx-template/8a69c6ae98b38d94019a4ca33a160c2e.pdf?accessCode=8461252b99a745fc580613dc4f1076a5,wrong_document_type
SXNY,http://www.sxny.cn/info/1062/12864.htm,official_four_double_high_programs_context,http://www.sxny.cn/info/1062/12864.htm,verified
SXNY,http://www.sxny.cn/info/1062/14194.htm,official_2025_training_plan_revision_work,http://www.sxny.cn/info/1062/14194.htm,verified
SXNY,https://czt.shaanxi.gov.cn/xxgk/zdgk/zdly/snyjsgkpt/bmssdwyjs/dwys2025/202503/P020250313373455110211.pdf,official_2025_budget_training_plan_work,https://czt.shaanxi.gov.cn/xxgk/zdgk/zdly/snyjsgkpt/bmssdwyjs/dwys2025/202503/P020250313373455110211.pdf,wrong_document_type
SPVEC,https://www.spvec.com.cn/,official_home,https://www.spvec.com.cn/,verified
SPVEC,https://www.ccgp-shaanxi.gov.cn/freecms/site/shaanxi/ggxx/info/2026/8a69c8519c0c4773019c50f71d1b6126.html,official_current_national_ai_group_procurement,https://www.ccgp-shaanxi.gov.cn/freecms/site/shaanxi/ggxx/info/2026/8a69c8519c0c4773019c50f71d1b6126.html,wrong_document_type
SPVEC,https://czt.shaanxi.gov.cn/xxgk/zdgk/zdly/snyjsgkpt/bmssdwyjs/dwys2025/202503/P020250313366679738220.pdf,official_2025_budget_new_round_double_high_work,https://czt.shaanxi.gov.cn/xxgk/zdgk/zdly/snyjsgkpt/bmssdwyjs/dwys2025/202503/P020250313366679738220.pdf,wrong_document_type
SPVEC,https://www.tech.net.cn/upfiles/zlbg2023/xx/sxs/sxs%20%2820%29.pdf,official_2023_quality_report_historical_group_context,https://www.tech.net.cn/upfiles/zlbg2023/xx/sxs/sxs%20%2820%29.pdf,wrong_document_type
NBPU,https://www.nbpu.edu.cn/,official_home,https://www.nbpu.edu.cn/,verified
NBPU,https://www.nbpu.edu.cn/2025/1231/c2430a3144211/page.htm,official_second_phase_two_group_evidence,https://www.nbpu.edu.cn/2025/1231/c2430a3144211/page.htm,verified
NBPU,https://ymxy.webs.nbpu.edu.cn/252/list.htm,official_current_mold_group_program_scope,https://ymxy.webs.nbpu.edu.cn/252/list.htm,verified
NBPU,https://hgxy.webs.nbpu.edu.cn/2021/0408/c1629a90871/page.htm,official_current_chemical_group_program_scope,https://hgxy.webs.nbpu.edu.cn/2021/0408/c1629a90871/page.htm,verified
NBPU,https://jwc.webs.nbpu.edu.cn/2025/1015/c1657a128381/page.htm,official_2024_mold_training_plan_page,https://jwc.webs.nbpu.edu.cn/2025/1015/c1657a128381/page.htm,verified
HZPU,https://www.hzpu.edu.cn/,official_new_home_alias,https://www.hzpu.edu.cn/,wrong_document_type
HZPU,https://www.hzvtc.edu.cn/xxgk/xxjj.htm,official_home_and_current_school_intro,https://www.hzvtc.edu.cn/xxgk/xxjj.htm,verified
HZPU,https://zs.hzvtc.edu.cn/__local/C/3D/B2/9EE6CCA1E5D406F5156B71EAA12_50382A02_26AFE.pdf,official_2025_admission_program_scope,https://zs.hzvtc.edu.cn/info/1056/2193.htm,wrong_document_type
HZPU,https://tzsb.hzvtc.edu.cn/info/1037/2528.htm,official_elevator_group_historical_composition,https://tzsb.hzvtc.edu.cn/info/1037/2528.htm,verified
HZPU,https://zs.hzvtc.edu.cn/zyzl1/tzsbxy.htm,official_current_special_equipment_program_scope,https://zs.hzvtc.edu.cn/zyzl1/tzsbxy.htm,verified
HZPU,https://dlnz.hzvtc.edu.cn/gywm/xyjj.htm,official_current_fashion_group_program_scope,https://dlnz.hzvtc.edu.cn/gywm/xyjj.htm,verified
HZPU,https://tzsb.hzvtc.edu.cn/info/1037/4249.htm,official_2025_mechanical_plan_review,https://tzsb.hzvtc.edu.cn/info/1037/4249.htm,wrong_document_type
HZPU,https://tzsb.hzvtc.edu.cn/info/1016/4258.htm,official_2025_robotics_plan_review,https://tzsb.hzvtc.edu.cn/info/1016/4258.htm,wrong_document_type
HZPU,https://tzsb.hzvtc.edu.cn/info/1037/4271.htm,official_2025_intelligent_mechatronics_plan_review,https://tzsb.hzvtc.edu.cn/info/1037/4271.htm,wrong_document_type
HZPU,https://dlnz.hzvtc.edu.cn/info/1045/4038.htm,official_2025_fashion_program_plan_review,https://dlnz.hzvtc.edu.cn/info/1045/4038.htm,wrong_document_type
HZPU,https://dlnz.hzvtc.edu.cn/jyjx/zyjs/10.htm,official_2025_knitting_plan_review_index,https://dlnz.hzvtc.edu.cn/jyjx/zyjs/10.htm,wrong_document_type
SXGD,https://jwc.gfxy.com/gzzd/jxgl/rcpyfags.htm,teaching_affairs,https://jwc.gfxy.com/gzzd/jxgl/rcpyfags.htm,verified
SXGD,https://rgznxy.gfxy.com/xygk/zysz.htm,official_program_index,https://rgznxy.gfxy.com/xygk/zysz.htm,verified
SXGD,https://www.gfxy.com/info/1071/23857.htm,official_second_phase_group,https://www.gfxy.com/info/1071/23857.htm,verified
SXGD,https://www.ccgp-shaanxi.gov.cn/gpx-bid-file/ZF_JGBM_000003/zone/2025/1/12/project/gpx-template/8a69c1f198b38f57019a2514a0ec4232.pdf?accessCode=0cbf0d1d1d47e495c9ec9be48e5c2241,education_authority_procurement,https://www.ccgp-shaanxi.gov.cn/gpx-bid-file/ZF_JGBM_000003/zone/2025/1/12/project/gpx-template/8a69c1f198b38f57019a2514a0ec4232.pdf?accessCode=0cbf0d1d1d47e495c9ec9be48e5c2241,verified
LZRE,https://www.lzre.edu.cn/,official_home,https://www.lzre.edu.cn/,verified
LZRE,https://www.lzre.edu.cn/info/1104/27934.htm,official_second_phase_metallurgy_group,https://www.lzre.edu.cn/info/1104/27934.htm,verified
LZRE,https://www.lzre.edu.cn/info/1104/27394.htm,official_current_smart_meteorology_group,https://www.lzre.edu.cn/info/1104/27394.htm,verified
LZRE,https://www.lzre.edu.cn/info/1357/26038.htm,official_current_bachelor_group_structure,https://www.lzre.edu.cn/info/1357/26038.htm,verified
LZRE,https://www.lzre.edu.cn/jyjx/pyfa.htm,official_training_plan_index,https://www.lzre.edu.cn/jyjx/pyfa.htm,verified
LZRE,https://qxx.lzre.edu.cn/info/1146/4228.htm,official_smart_meteorology_program,https://qxx.lzre.edu.cn/info/1146/4228.htm,verified
LZRE,https://yjx.lzre.edu.cn/info/1155/5384.htm,official_material_metallurgy_program,https://yjx.lzre.edu.cn/info/1155/5384.htm,verified
JQTU,https://www.jqtu.edu.cn/,official_school_home,https://www.jqtu.edu.cn/,verified
JQTU,https://www.jqtu.edu.cn/c/www/ywkd/59985,official_second_phase_group,https://www.jqtu.edu.cn/c/www/ywkd/59985,verified
JQTU,https://www.jqtu.edu.cn/c/www/ywkd/60001,official_second_phase_core_major,https://www.jqtu.edu.cn/c/www/ywkd/60001,verified
JQTU,https://xny.jqtu.edu.cn/,official_renewable_energy_college,https://xny.jqtu.edu.cn/,verified
JQTU,https://xny.jqtu.edu.cn/c/xnygcxy/rcpyfa1,official_2025_training_plan_index,https://xny.jqtu.edu.cn/c/xnygcxy/rcpyfa1,verified
JQTU,https://xny.jqtu.edu.cn/c/xnygcxy/rcpyfa1/62054,official_2025_wind_plan_page,https://xny.jqtu.edu.cn/c/xnygcxy/rcpyfa1,verified
JQTU,https://xny.jqtu.edu.cn/u/cms/xnygcxy/202606/25091454ay1s.pdf,official_2025_wind_plan_pdf,https://xny.jqtu.edu.cn/c/xnygcxy/rcpyfa1/62054,verified
LZPUVT,https://www.lzpuvt.edu.cn/,official_school_home,https://www.lzpuvt.edu.cn/,verified
LZPUVT,https://sjjz.lzpuvt.edu.cn/2026/0514/c124a126052/page.htm,official_second_phase_implementation_plan,https://sjjz.lzpuvt.edu.cn/2026/0514/c124a126052/page.htm,verified
LZPUVT,https://sjjz.lzpuvt.edu.cn/_upload/article/files/2b/3d/d30da3664b0c94fa21af277b72b5/ed399611-0a7e-4177-95e5-3cfc9a56c5e5.pdf,official_second_phase_implementation_plan_pdf,https://sjjz.lzpuvt.edu.cn/2026/0514/c124a126052/page.htm,verified
LZPUVT,https://yyhg.lzpuvt.edu.cn/2026/0427/c1739a125365/page.htm,official_current_group_core_majors,https://yyhg.lzpuvt.edu.cn/2026/0427/c1739a125365/page.htm,verified
LZPUVT,https://jwc.lzpuvt.edu.cn/935/list.htm,official_current_major_codes,https://jwc.lzpuvt.edu.cn/935/list.htm,verified
LZPUVT,https://jwc.lzpuvt.edu.cn/,teaching_affairs,https://jwc.lzpuvt.edu.cn/,verified
LZPUVT,https://yyhg.lzpuvt.edu.cn/1688/list.htm,official_college_teaching_index,https://yyhg.lzpuvt.edu.cn/1688/list.htm,verified
LZPUVT,https://yyhg.lzpuvt.edu.cn/2025/0610/c1688a84162/page.htm,official_2025_training_plan_review_news,https://yyhg.lzpuvt.edu.cn/2025/0610/c1688a84162/page.htm,verified
QHVU,https://www.qhvu.edu.cn/,official_school_home,https://www.qhvu.edu.cn/,verified
QHVU,https://www.qhrd.gov.cn/mtjj/202511/t20251126_229959.html,official_second_phase_group,https://www.qhrd.gov.cn/mtjj/202511/t20251126_229959.html,verified
QHVU,https://sft.qinghai.gov.cn/zwdt/ywxx/qtxx/content_86813,official_second_phase_government_report,https://sft.qinghai.gov.cn/zwdt/ywxx/qtxx/content_86813,verified
QHVU,https://www.ccgp.gov.cn/cggg/dfgg/jzxcs/202608/t20260801_27055123.htm,official_current_group_procurement,https://www.ccgp.gov.cn/cggg/dfgg/jzxcs/202608/t20260801_27055123.htm,verified
QHVU,https://www.tech.net.cn/upfiles/zlbg2023_new/xx/qinghai/qinghai%20%284%29.pdf,official_historical_group_membership_report,https://www.tech.net.cn/upfiles/zlbg2023_new/xx/qinghai/qinghai%20%284%29.pdf,verified
QHVU,https://www.moe.gov.cn/srcsite/A03/s181/202406/t20240612_1135122.html,official_school_setup_and_current_name,https://www.moe.gov.cn/srcsite/A03/s181/202406/t20240612_1135122.html,verified
NXGS,https://www.nxgs.edu.cn/,official_school_home,https://www.nxgs.edu.cn/,verified
NXGS,https://www.nxgs.edu.cn/xxgk/xxjj.htm,official_current_school_profile,https://www.nxgs.edu.cn/xxgk/xxjj.htm,verified
NXGS,https://www.ccgp-ningxia.gov.cn/public/NXGPPNEW/dynamic/contents/CGGG/ZHBGG/content.jsp?cid=317&id=8b80b27b9d0abc77019d2e30cd035585&sid=1&type=ZB,official_current_chemical_group_procurement,https://www.ccgp-ningxia.gov.cn/public/NXGPPNEW/dynamic/contents/CGGG/ZHBGG/content.jsp?cid=317&id=8b80b27b9d0abc77019d2e30cd035585&sid=1&type=ZB,verified
NXGS,https://www.ccgp-ningxia.gov.cn/public/NXGPPNEW/dynamic/contents/CGYXGK/content2.jsp?cid=2060&id=8b80b23e9d52cbb4019d541a9b720a03&noticeId=8b80b23e9d52cbb4019d5419f1150a01&sid=1,official_current_tourism_group_procurement,https://www.ccgp-ningxia.gov.cn/public/NXGPPNEW/dynamic/contents/CGYXGK/content2.jsp?cid=2060&id=8b80b23e9d52cbb4019d541a9b720a03&noticeId=8b80b23e9d52cbb4019d5419f1150a01&sid=1,verified
NXGS,https://www.moe.gov.cn/srcsite/A03/s181/202506/t20250619_1194792.html,official_school_setup_and_first_bachelor_majors,https://www.moe.gov.cn/srcsite/A03/s181/202506/t20250619_1194792.html,verified
NXGS,https://www.nxgs.edu.cn/info/1102/13217.htm,official_current_energy_chemical_major_index,https://www.nxgs.edu.cn/info/1102/13217.htm,verified
NXGS,https://www.nxgs.edu.cn/info/1102/13219.htm,official_current_tourism_major_index,https://www.nxgs.edu.cn/info/1102/13219.htm,verified
NXGS,https://www.tech.net.cn/upfiles/zlbg2023/xx/ningxia/ningxia%20%282%29.pdf,official_historical_chemical_group_membership_report,https://www.tech.net.cn/upfiles/zlbg2023/xx/ningxia/ningxia%20%282%29.pdf,verified
NXGS,https://www.nxgs.edu.cn/__local/9/E4/96/90BDC0986310500ABEFC620C206_CC6110FD_D2C3F.pdf,official_old_application_chemical_plan,https://www.nxgs.edu.cn/__local/9/E4/96/90BDC0986310500ABEFC620C206_CC6110FD_D2C3F.pdf,verified
NXGS,https://www.nxgs.edu.cn/__local/0/E2/3A/0351D6B4574519E7EFEB29E7935_4880DFDD_1170A9.pdf,official_year_ambiguous_analysis_plan,https://www.nxgs.edu.cn/__local/0/E2/3A/0351D6B4574519E7EFEB29E7935_4880DFDD_1170A9.pdf,verified
NXGS,https://www.nxgs.edu.cn/__local/C/E8/EC/767073F78008FD9EA72A9BE03CF_A954828C_C6D7F.pdf,official_old_coal_chemical_plan,https://www.nxgs.edu.cn/__local/C/E8/EC/767073F78008FD9EA72A9BE03CF_A954828C_C6D7F.pdf,verified
NXGS,https://www.nxgs.edu.cn/__local/8/FE/F0/792C1AD1BFD7B9C4F78508BE5D2_B277CBE5_D817B.pdf,official_old_tourism_group_plan,https://www.nxgs.edu.cn/__local/8/FE/F0/792C1AD1BFD7B9C4F78508BE5D2_B277CBE5_D817B.pdf,verified
NXVTU,https://www.nxtc.edu.cn/,official_school_home,https://www.nxtc.edu.cn/,verified
NXVTU,https://www.nxtc.edu.cn/xxgk/xxjj.htm,official_current_school_profile,https://www.nxtc.edu.cn/xxgk/xxjj.htm,verified
NXVTU,https://www.nxtc.edu.cn/info/1039/22854.htm,official_current_second_phase_group,https://www.nxtc.edu.cn/info/1039/22854.htm,verified
NXVTU,https://gygcxy.nxtc.edu.cn/xygk/xyjj.htm,official_current_industrial_college_profile,https://gygcxy.nxtc.edu.cn/xygk/xyjj.htm,verified
NXVTU,https://jyt.nx.gov.cn/zwgk/zfxxgkml/zdgkwj/202104/t20210407_2702126.html,official_historical_group_membership,https://jyt.nx.gov.cn/zwgk/zfxxgkml/zdgkwj/202104/t20210407_2702126.html,verified
NXVTU,https://www.moe.gov.cn/srcsite/A03/s181/202506/t20250619_1194793.html,official_school_setup_and_first_bachelor_majors,https://www.moe.gov.cn/srcsite/A03/s181/202506/t20250619_1194793.html,verified
NXVTU,https://jwc.nxtc.edu.cn/info/1110/6385.htm,official_2025_training_plan_bundle_page,https://jwc.nxtc.edu.cn/info/1110/6385.htm,verified
NXVTU,https://jwc.nxtc.edu.cn/system/_content/download.jsp?urltype=news.DownloadAttachUrl&owner=1347217823&wbfileid=16474332,official_2025_training_plan_bundle_download,https://jwc.nxtc.edu.cn/info/1110/6385.htm,verified
NXVTU,https://www.ccgp-ningxia.gov.cn/public/NXGPPNEW/dynamic/contents/CGGG/ZHBGG/content.jsp?cid=317&id=8b80b27b9d0abc77019d19bf03791855&sid=1&type=ZB,official_current_group_procurement,https://www.ccgp-ningxia.gov.cn/public/NXGPPNEW/dynamic/contents/CGGG/ZHBGG/content.jsp?cid=317&id=8b80b27b9d0abc77019d19bf03791855&sid=1&type=ZB,verified
NMIM,https://www.imtcme.edu.cn/info/1034/33961.htm,official_second_phase_status,https://www.imtcme.edu.cn/info/1034/33961.htm,verified
NMIM,https://www.imtcme.edu.cn/xygk/xyjj.htm,official_group_profile,https://www.imtcme.edu.cn/xygk/xyjj.htm,verified
NMIM,https://www.imtcme.edu.cn/xcb/info/1021/8933.htm,official_electric_group_membership,https://www.imtcme.edu.cn/xcb/info/1021/8933.htm,verified
NMIM,https://www.imtcme.edu.cn/jdgcx/info/1032/14157.htm,official_mechanical_group_core,https://www.imtcme.edu.cn/jdgcx/info/1032/14157.htm,verified
NMIM,https://www.imtcme.edu.cn/__local/C/A9/4A/E87277A0E0370301FCF7381500B_33DBD5C4_235C37.pdf,official_mechanical_group_membership,https://www.imtcme.edu.cn/__local/C/A9/4A/E87277A0E0370301FCF7381500B_33DBD5C4_235C37.pdf,verified
NMIM,https://www.imtcme.edu.cn/jwc/xxgk/rcpyfa.htm,official_2025_training_plan_index,https://www.imtcme.edu.cn/jwc/xxgk/rcpyfa.htm,verified
NMIM,https://www.imtcme.edu.cn/jwc/info/1060/8361.htm,official_2025_training_plan_page,https://www.imtcme.edu.cn/jwc/info/1060/8361.htm,verified
NMIM,https://www.imtcme.edu.cn/jwc/info/1060/8371.htm,official_2025_training_plan_page,https://www.imtcme.edu.cn/jwc/info/1060/8371.htm,verified
NMIM,https://www.imtcme.edu.cn/jwc/info/1060/8391.htm,official_2025_training_plan_page,https://www.imtcme.edu.cn/jwc/info/1060/8391.htm,verified
NMIM,https://www.imtcme.edu.cn/jwc/info/1060/8411.htm,official_2025_training_plan_page,https://www.imtcme.edu.cn/jwc/info/1060/8411.htm,verified
NMIM,https://www.imtcme.edu.cn/jwc/info/1060/8421.htm,official_2025_training_plan_page,https://www.imtcme.edu.cn/jwc/info/1060/8421.htm,verified
NMIM,https://www.imtcme.edu.cn/jwc/info/1060/8581.htm,official_2025_training_plan_page,https://www.imtcme.edu.cn/jwc/info/1060/8581.htm,verified
NMIM,https://www.imtcme.edu.cn/jwc/info/1060/8591.htm,official_2025_training_plan_page,https://www.imtcme.edu.cn/jwc/info/1060/8591.htm,verified
NMIM,https://www.imtcme.edu.cn/jwc/info/1060/8601.htm,official_2025_training_plan_page,https://www.imtcme.edu.cn/jwc/info/1060/8601.htm,verified
BTVC,https://m.btvtc.cn/homenews/show-4248.html,official_second_phase_status,https://m.btvtc.cn/homenews/show-4248.html,verified
BTVC,https://yurenhao.sizhengwang.cn/a/btzyjsxyclgcxxthjclznhjjshdnsjstddzb/250513/2143477.shtml,education_authority_group_core,https://yurenhao.sizhengwang.cn/a/btzyjsxyclgcxxthjclznhjjshdnsjstddzb/250513/2143477.shtml,verified
BTVC,https://m.btvtc.cn/upload/202602/06/202602061547405302.pdf,official_current_group_budget,https://m.btvtc.cn/upload/202602/06/202602061547405302.pdf,verified
BTVC,https://www.btvtc.edu.cn/homejyjx/rcpy.html,official_training_plan_index,https://www.btvtc.edu.cn/homejyjx/rcpy.html,verified
BTVC,https://www.btvtc.edu.cn/homezlnb/list-95.html,official_quality_report_index,https://www.btvtc.edu.cn/homezlnb/list-95.html,verified
IMCU,https://www.moe.gov.cn/srcsite/A03/s181/202506/t20250619_1194816.html,official_institution_rename_and_first_bachelor_majors,https://www.moe.gov.cn/srcsite/A03/s181/202506/t20250619_1194816.html,verified
IMCU,https://www.imaa.edu.cn/__local/3/2E/0B/C821031382F4950F57A9214D396_9BB04067_B330D0.pdf,official_national_group_evidence,https://www.imaa.edu.cn/__local/3/2E/0B/C821031382F4950F57A9214D396_9BB04067_B330D0.pdf,verified
IMCU,https://zsw.imaa.edu.cn/__local/5/3C/8F/E46726572AA149829B17168AD67_6533544C_21235.pdf,official_2025_bachelor_enrollment_plan,https://zsw.imaa.edu.cn/__local/5/3C/8F/E46726572AA149829B17168AD67_6533544C_21235.pdf,verified
IMCU,https://www.moe.gov.cn/s78/A07/zcs_ztzl/2017_zt06/17zt06_bznr/bznr_zdzyxxzyml/gaozhizhuan/tumu/202209/P020220905389549959992.pdf,official_professional_standard_transition,https://www.moe.gov.cn/s78/A07/zcs_ztzl/2017_zt06/17zt06_bznr/bznr_zdzyxxzyml/gaozhizhuan/tumu/202209/P020220905389549959992.pdf,verified
IMCU,https://jwc.imaa.edu.cn/,official_training_plan_portal,https://jwc.imaa.edu.cn/,verified
IMVCCE,https://www.tech.net.cn/upfiles/zlbg2023_new/xx/nmg/nmg%20%2817%29.pdf,official_group_membership_report,https://www.tech.net.cn/upfiles/zlbg2023_new/xx/nmg/nmg%20%2817%29.pdf,verified
IMVCCE,https://www.hgzyxy.com.cn/jwcc/548/list.htm,official_training_plan_index,https://www.hgzyxy.com.cn/jwcc/548/list.htm,verified
IMVCCE,https://www.hgzyxy.com.cn/jwcc/2026/0422/c548a34614/page.htm,official_2025_training_plan_page,https://www.hgzyxy.com.cn/jwcc/2026/0422/c548a34614/page.htm,verified
IMVCCE,https://www.hgzyxy.com.cn/jwcc/2026/0422/c548a34613/page.htm,official_historical_training_plan_page,https://www.hgzyxy.com.cn/jwcc/2026/0422/c548a34613/page.htm,verified
IMVCCE,https://www.hgzyxy.com.cn/jwcc/2026/0422/c548a34612/page.htm,official_historical_training_plan_page,https://www.hgzyxy.com.cn/jwcc/2026/0422/c548a34612/page.htm,verified
XZVTC,https://www.xzgzy.cn/jwc/info/1032/1485.htm,official_2025_training_plan_page,https://www.xzgzy.cn/jwc/info/1032/1485.htm,verified
XZVTC,https://www.xzgzy.cn/system/_content/download.jsp?urltype=news.DownloadAttachUrl&owner=1819445445&wbfileid=11750750,official_2025_training_plan_attachment,https://www.xzgzy.cn/jwc/info/1032/1485.htm,verified
XJAVTU,https://www.xjavtu.edu.cn/jwc/,official_academic_affairs_index,https://www.xjavtu.edu.cn/jwc/,verified
XJAVTU,https://www.xjavtu.edu.cn/jwc/ssjg.jsp?wbtreeid=1001,official_academic_affairs_search,https://www.xjavtu.edu.cn/jwc/,verified
XJAVTU,https://www.xjavtu.edu.cn/info/1025/15829.htm,official_modern_seed_group_page,https://www.xjavtu.edu.cn/info/1025/15829.htm,verified
XJAVTU,https://www.xjavtu.edu.cn/dwkj/jxky/zyjs.htm,official_modern_livestock_group_page,https://www.xjavtu.edu.cn/dwkj/jxky/zyjs.htm,verified
