层次	专业大类	专业类	专业名称及代码	官方链接	预期字节数	本地相对路径
职业本科	财经商贸大类	财务会计类	330301 大数据与财务管理	https://www.moe.gov.cn/s78/A07/zcs_ztzl/2017_zt06/17zt06_bznr/bznr_zyjyzyjxbz/gdzyjy_bk/bk_cjsmdl/cjsmdl_cwkjl/202502/P020250207566480893342.pdf	371086	职业本科/财经商贸大类/财务会计类/330301_大数据与财务管理.pdf
职业本科	财经商贸大类	财务会计类	330302 大数据与会计	https://www.moe.gov.cn/s78/A07/zcs_ztzl/2017_zt06/17zt06_bznr/bznr_zyjyzyjxbz/gdzyjy_bk/bk_cjsmdl/cjsmdl_cwkjl/202502/P020250207566340615173.pdf	352753	职业本科/财经商贸大类/财务会计类/330302_大数据与会计.pdf
职业本科	财经商贸大类	电子商务类	330701 电子商务	https://www.moe.gov.cn/s78/A07/zcs_ztzl/2017_zt06/17zt06_bznr/bznr_zyjyzyjxbz/gdzyjy_bk/bk_cjsmdl/cjsmdl_dzswl/202502/P020250207567023099509.pdf	350250	职业本科/财经商贸大类/电子商务类/330701_电子商务.pdf
职业本科	财经商贸大类	工商管理类	330602 市场营销	https://www.moe.gov.cn/s78/A07/zcs_ztzl/2017_zt06/17zt06_bznr/bznr_zyjyzyjxbz/gdzyjy_bk/bk_cjsmdl/cjsmdl_gsggl/202502/P020250207566839993435.pdf	346052	职业本科/财经商贸大类/工商管理类/330602_市场营销.pdf
职业本科	财经商贸大类	经济贸易类	330501 国际经济与贸易	https://www.moe.gov.cn/s78/A07/zcs_ztzl/2017_zt06/17zt06_bznr/bznr_zyjyzyjxbz/gdzyjy_bk/bk_cjsmdl/cjsmdl_jjmyl/202502/P020250207566641826499.pdf	352930	职业本科/财经商贸大类/经济贸易类/330501_国际经济与贸易.pdf
职业本科	财经商贸大类	金融类	330201 金融管理	https://www.moe.gov.cn/s78/A07/zcs_ztzl/2017_zt06/17zt06_bznr/bznr_zyjyzyjxbz/gdzyjy_bk/bk_cjsmdl/cjsmdl_jrl/202502/P020250207566188222245.pdf	341107	职业本科/财经商贸大类/金融类/330201_金融管理.pdf
职业本科	财经商贸大类	物流类	330802 现代物流管理	https://www.moe.gov.cn/s78/A07/zcs_ztzl/2017_zt06/17zt06_bznr/bznr_zyjyzyjxbz/gdzyjy_bk/bk_cjsmdl/cjsmdl_wll/202502/P020250207567196666115.pdf	362498	职业本科/财经商贸大类/物流类/330802_现代物流管理.pdf
职业本科	电子与信息大类	电子信息类	310101 电子信息工程技术	https://www.moe.gov.cn/s78/A07/zcs_ztzl/2017_zt06/17zt06_bznr/bznr_zyjyzyjxbz/gdzyjy_bk/bk_dzyxxdl/dzxxdl_dzxxl/202502/P020250207565102932148.pdf	389463	职业本科/电子与信息大类/电子信息类/310101_电子信息工程技术.pdf
职业本科	电子与信息大类	电子信息类	310102 物联网工程技术	https://www.moe.gov.cn/s78/A07/zcs_ztzl/2017_zt06/17zt06_bznr/bznr_zyjyzyjxbz/gdzyjy_bk/bk_dzyxxdl/dzxxdl_dzxxl/202502/P020250207565309725111.pdf	374365	职业本科/电子与信息大类/电子信息类/310102_物联网工程技术.pdf
职业本科	电子与信息大类	计算机类	310201 计算机应用工程	https://www.moe.gov.cn/s78/A07/zcs_ztzl/2017_zt06/17zt06_bznr/bznr_zyjyzyjxbz/gdzyjy_bk/bk_dzyxxdl/dzxxdl_jsjl/202502/P020250207565640134588.pdf	356602	职业本科/电子与信息大类/计算机类/310201_计算机应用工程.pdf
职业本科	电子与信息大类	计算机类	310202 网络工程技术	https://www.moe.gov.cn/s78/A07/zcs_ztzl/2017_zt06/17zt06_bznr/bznr_zyjyzyjxbz/gdzyjy_bk/bk_dzyxxdl/dzxxdl_jsjl/202502/P020250207565946812479.pdf	365471	职业本科/电子与信息大类/计算机类/310202_网络工程技术.pdf
职业本科	电子与信息大类	计算机类	310203 软件工程技术	https://www.moe.gov.cn/s78/A07/zcs_ztzl/2017_zt06/17zt06_bznr/bznr_zyjyzyjxbz/gdzyjy_bk/bk_dzyxxdl/dzxxdl_jsjl/202502/P020250207566227063194.pdf	370834	职业本科/电子与信息大类/计算机类/310203_软件工程技术.pdf
职业本科	电子与信息大类	计算机类	310204 数字媒体技术	https://www.moe.gov.cn/s78/A07/zcs_ztzl/2017_zt06/17zt06_bznr/bznr_zyjyzyjxbz/gdzyjy_bk/bk_dzyxxdl/dzxxdl_jsjl/202502/P020250207566452863349.pdf	349885	职业本科/电子与信息大类/计算机类/310204_数字媒体技术.pdf
职业本科	电子与信息大类	计算机类	310205 大数据工程技术	https://www.moe.gov.cn/s78/A07/zcs_ztzl/2017_zt06/17zt06_bznr/bznr_zyjyzyjxbz/gdzyjy_bk/bk_dzyxxdl/dzxxdl_jsjl/202502/P020250207566821328685.pdf	358979	职业本科/电子与信息大类/计算机类/310205_大数据工程技术.pdf
职业本科	电子与信息大类	计算机类	310207 信息安全与管理	https://www.moe.gov.cn/s78/A07/zcs_ztzl/2017_zt06/17zt06_bznr/bznr_zyjyzyjxbz/gdzyjy_bk/bk_dzyxxdl/dzxxdl_jsjl/202502/P020250207567379016655.pdf	365841	职业本科/电子与信息大类/计算机类/310207_信息安全与管理.pdf
职业本科	电子与信息大类	计算机类	310212 区块链技术	https://www.moe.gov.cn/s78/A07/zcs_ztzl/2017_zt06/17zt06_bznr/bznr_zyjyzyjxbz/gdzyjy_bk/bk_dzyxxdl/dzxxdl_jsjl/202502/P020250207567753315873.pdf	338434	职业本科/电子与信息大类/计算机类/310212_区块链技术.pdf
职业本科	电子与信息大类	通信类	310301 现代通信工程	https://www.moe.gov.cn/s78/A07/zcs_ztzl/2017_zt06/17zt06_bznr/bznr_zyjyzyjxbz/gdzyjy_bk/bk_dzyxxdl/dzxxdl_txl/202502/P020250207568583286035.pdf	361927	职业本科/电子与信息大类/通信类/310301_现代通信工程.pdf
职业本科	交通运输大类	城市轨道交通类	300601 城市轨道交通信号与控制技术	https://www.moe.gov.cn/s78/A07/zcs_ztzl/2017_zt06/17zt06_bznr/bznr_zyjyzyjxbz/gdzyjy_bk/bk_jtysdl/jtysdl_csgdjtl/202502/P020250207565068361344.pdf	347516	职业本科/交通运输大类/城市轨道交通类/300601_城市轨道交通信号与控制技术.pdf
职业本科	交通运输大类	道路运输类	300203 汽车服务工程技术	https://www.moe.gov.cn/s78/A07/zcs_ztzl/2017_zt06/17zt06_bznr/bznr_zyjyzyjxbz/gdzyjy_bk/bk_jtysdl/jtysdl_tlysl/202502/P020250207564707469391.pdf	345928	职业本科/交通运输大类/道路运输类/300203_汽车服务工程技术.pdf
职业本科	教育与体育大类	教育类	370101 学前教育	https://www.moe.gov.cn/s78/A07/zcs_ztzl/2017_zt06/17zt06_bznr/bznr_zyjyzyjxbz/gdzyjy_bk/bk_jyytydl/jyytydl_jyl/202502/P020250207568901431338.pdf	354103	职业本科/教育与体育大类/教育类/370101_学前教育.pdf
职业本科	教育与体育大类	体育类	370301 社会体育指导与管理	https://www.moe.gov.cn/s78/A07/zcs_ztzl/2017_zt06/17zt06_bznr/bznr_zyjyzyjxbz/gdzyjy_bk/bk_jyytydl/jyytydl_tyl/202502/P020250207569313952777.pdf	358560	职业本科/教育与体育大类/体育类/370301_社会体育指导与管理.pdf
职业本科	教育与体育大类	语言类	370201 应用英语	https://www.moe.gov.cn/s78/A07/zcs_ztzl/2017_zt06/17zt06_bznr/bznr_zyjyzyjxbz/gdzyjy_bk/bk_jyytydl/jyytydl_yyl/202502/P020250207569140066989.pdf	355312	职业本科/教育与体育大类/语言类/370201_应用英语.pdf
职业本科	旅游大类	旅游类	340101 旅游管理	https://www.moe.gov.cn/s78/A07/zcs_ztzl/2017_zt06/17zt06_bznr/bznr_zyjyzyjxbz/gdzyjy_bk/bk_lydl/lydl_lyl/202502/P020250207567924015791.pdf	344841	职业本科/旅游大类/旅游类/340101_旅游管理.pdf
职业本科	旅游大类	旅游类	340102 酒店管理	https://www.moe.gov.cn/s78/A07/zcs_ztzl/2017_zt06/17zt06_bznr/bznr_zyjyzyjxbz/gdzyjy_bk/bk_lydl/lydl_lyl/202502/P020250207567660252636.pdf	357562	职业本科/旅游大类/旅游类/340102_酒店管理.pdf
职业本科	农林牧渔大类	农业类	210103 智慧农业技术	https://www.moe.gov.cn/s78/A07/zcs_ztzl/2017_zt06/17zt06_bznr/bznr_zyjyzyjxbz/gdzyjy_bk/bk_nlmydl/nlmydl_nyl/202502/P020250207562444554501.pdf	336898	职业本科/农林牧渔大类/农业类/210103_智慧农业技术.pdf
职业本科	农林牧渔大类	农业类	210104 设施园艺	https://www.moe.gov.cn/s78/A07/zcs_ztzl/2017_zt06/17zt06_bznr/bznr_zyjyzyjxbz/gdzyjy_bk/bk_nlmydl/nlmydl_nyl/202502/P020250207562256870260.pdf	365697	职业本科/农林牧渔大类/农业类/210104_设施园艺.pdf
职业本科	农林牧渔大类	畜牧业类	210301 动物医学	https://www.moe.gov.cn/s78/A07/zcs_ztzl/2017_zt06/17zt06_bznr/bznr_zyjyzyjxbz/gdzyjy_bk/bk_nlmydl/nlmydl_xmyl/202502/P020250207563221301602.pdf	378392	职业本科/农林牧渔大类/畜牧业类/210301_动物医学.pdf
职业本科	农林牧渔大类	畜牧业类	210304 现代畜牧	https://www.moe.gov.cn/s78/A07/zcs_ztzl/2017_zt06/17zt06_bznr/bznr_zyjyzyjxbz/gdzyjy_bk/bk_nlmydl/nlmydl_xmyl/202502/P020250207563004543988.pdf	382975	职业本科/农林牧渔大类/畜牧业类/210304_现代畜牧.pdf
职业本科	土木建筑大类	建设工程管理类	240501 工程造价	https://www.moe.gov.cn/s78/A07/zcs_ztzl/2017_zt06/17zt06_bznr/bznr_zyjyzyjxbz/gdzyjy_bk/bk_tmjzdl/tmjzdl_jsgcgll/202502/P020250207563010313671.pdf	347822	职业本科/土木建筑大类/建设工程管理类/240501_工程造价.pdf
职业本科	土木建筑大类	建设工程管理类	240502 建设工程管理	https://www.moe.gov.cn/s78/A07/zcs_ztzl/2017_zt06/17zt06_bznr/bznr_zyjyzyjxbz/gdzyjy_bk/bk_tmjzdl/tmjzdl_jsgcgll/202502/P020250207562874262944.pdf	347558	职业本科/土木建筑大类/建设工程管理类/240502_建设工程管理.pdf
职业本科	土木建筑大类	建筑设计类	240101 建筑设计	https://www.moe.gov.cn/s78/A07/zcs_ztzl/2017_zt06/17zt06_bznr/bznr_zyjyzyjxbz/gdzyjy_bk/bk_tmjzdl/tmjzdl_jzsjl/202502/P020250207562509805918.pdf	362009	职业本科/土木建筑大类/建筑设计类/240101_建筑设计.pdf
职业本科	土木建筑大类	土建施工类	240301 建筑工程	https://www.moe.gov.cn/s78/A07/zcs_ztzl/2017_zt06/17zt06_bznr/bznr_zyjyzyjxbz/gdzyjy_bk/bk_tmjzdl/tmjzdl_tjsgl/202502/P020250207562701057058.pdf	340250	职业本科/土木建筑大类/土建施工类/240301_建筑工程.pdf
职业本科	文化艺术大类	表演艺术类	350201 音乐表演	https://www.moe.gov.cn/s78/A07/zcs_ztzl/2017_zt06/17zt06_bznr/bznr_zyjyzyjxbz/gdzyjy_bk/bk_whysdl/whysdl_byysl/202502/P020250207568370441730.pdf	343009	职业本科/文化艺术大类/表演艺术类/350201_音乐表演.pdf
职业本科	文化艺术大类	表演艺术类	350202 舞蹈表演与编导	https://www.moe.gov.cn/s78/A07/zcs_ztzl/2017_zt06/17zt06_bznr/bznr_zyjyzyjxbz/gdzyjy_bk/bk_whysdl/whysdl_byysl/202502/P020250207568261557583.pdf	346669	职业本科/文化艺术大类/表演艺术类/350202_舞蹈表演与编导.pdf
职业本科	文化艺术大类	艺术设计类	350101 工艺美术	https://www.moe.gov.cn/s78/A07/zcs_ztzl/2017_zt06/17zt06_bznr/bznr_zyjyzyjxbz/gdzyjy_bk/bk_whysdl/whysdl_yssjl/202502/P020250207568084025781.pdf	366442	职业本科/文化艺术大类/艺术设计类/350101_工艺美术.pdf
职业本科	文化艺术大类	艺术设计类	350102 视觉传达设计	https://www.moe.gov.cn/s78/A07/zcs_ztzl/2017_zt06/17zt06_bznr/bznr_zyjyzyjxbz/gdzyjy_bk/bk_whysdl/whysdl_yssjl/202502/P020250207567958976854.pdf	348486	职业本科/文化艺术大类/艺术设计类/350102_视觉传达设计.pdf
职业本科	文化艺术大类	艺术设计类	350103 数字媒体艺术	https://www.moe.gov.cn/s78/A07/zcs_ztzl/2017_zt06/17zt06_bznr/bznr_zyjyzyjxbz/gdzyjy_bk/bk_whysdl/whysdl_yssjl/202502/P020250207567833226930.pdf	343670	职业本科/文化艺术大类/艺术设计类/350103_数字媒体艺术.pdf
职业本科	文化艺术大类	艺术设计类	350105 服装与服饰设计	https://www.moe.gov.cn/s78/A07/zcs_ztzl/2017_zt06/17zt06_bznr/bznr_zyjyzyjxbz/gdzyjy_bk/bk_whysdl/whysdl_yssjl/202502/P020250207567695599400.pdf	354763	职业本科/文化艺术大类/艺术设计类/350105_服装与服饰设计.pdf
职业本科	文化艺术大类	艺术设计类	350106 环境艺术设计	https://www.moe.gov.cn/s78/A07/zcs_ztzl/2017_zt06/17zt06_bznr/bznr_zyjyzyjxbz/gdzyjy_bk/bk_whysdl/whysdl_yssjl/202502/P020250207567554062130.pdf	360493	职业本科/文化艺术大类/艺术设计类/350106_环境艺术设计.pdf
职业本科	新闻传播大类	广播影视类	360201 播音与主持	https://www.moe.gov.cn/s78/A07/zcs_ztzl/2017_zt06/17zt06_bznr/bznr_zyjyzyjxbz/gdzyjy_bk/bk_xwcbdl/xwcbdl_gbysl/202502/P020250207569870625040.pdf	348475	职业本科/新闻传播大类/广播影视类/360201_播音与主持.pdf
职业本科	新闻传播大类	广播影视类	360202 影视摄影与制作	https://www.moe.gov.cn/s78/A07/zcs_ztzl/2017_zt06/17zt06_bznr/bznr_zyjyzyjxbz/gdzyjy_bk/bk_xwcbdl/xwcbdl_gbysl/202502/P020250207569608014782.pdf	352327	职业本科/新闻传播大类/广播影视类/360202_影视摄影与制作.pdf
职业本科	新闻传播大类	广播影视类	360204 影视编导	https://www.moe.gov.cn/s78/A07/zcs_ztzl/2017_zt06/17zt06_bznr/bznr_zyjyzyjxbz/gdzyjy_bk/bk_xwcbdl/xwcbdl_gbysl/202502/P020250207569352987098.pdf	366573	职业本科/新闻传播大类/广播影视类/360204_影视编导.pdf
职业本科	新闻传播大类	广播影视类	360206 数字动画	https://www.moe.gov.cn/s78/A07/zcs_ztzl/2017_zt06/17zt06_bznr/bznr_zyjyzyjxbz/gdzyjy_bk/bk_xwcbdl/xwcbdl_gbysl/202502/P020250207569137703429.pdf	358929	职业本科/新闻传播大类/广播影视类/360206_数字动画.pdf
职业本科	新闻传播大类	新闻出版类	360101 网络与新媒体	https://www.moe.gov.cn/s78/A07/zcs_ztzl/2017_zt06/17zt06_bznr/bznr_zyjyzyjxbz/gdzyjy_bk/bk_xwcbdl/xwcbdl_xwcbl/202502/P020250207568741316006.pdf	338614	职业本科/新闻传播大类/新闻出版类/360101_网络与新媒体.pdf
职业本科	医药卫生大类	护理类	320201 护理	https://www.moe.gov.cn/s78/A07/zcs_ztzl/2017_zt06/17zt06_bznr/bznr_zyjyzyjxbz/gdzyjy_bk/bk_yywsdl/yywsdl_hll/202502/P020250207566027467426.pdf	364877	职业本科/医药卫生大类/护理类/320201_护理.pdf
职业本科	医药卫生大类	康复治疗类	320601 康复治疗	https://www.moe.gov.cn/s78/A07/zcs_ztzl/2017_zt06/17zt06_bznr/bznr_zyjyzyjxbz/gdzyjy_bk/bk_yywsdl/yywsdl_kfzll/202502/P020250207567009670238.pdf	373337	职业本科/医药卫生大类/康复治疗类/320601_康复治疗.pdf
职业本科	医药卫生大类	药学类	320301 药学	https://www.moe.gov.cn/s78/A07/zcs_ztzl/2017_zt06/17zt06_bznr/bznr_zyjyzyjxbz/gdzyjy_bk/bk_yywsdl/yywsdl_yxl/202502/P020250207566355586763.pdf	374007	职业本科/医药卫生大类/药学类/320301_药学.pdf
职业本科	医药卫生大类	中医药类	320401 中药制药	https://www.moe.gov.cn/s78/A07/zcs_ztzl/2017_zt06/17zt06_bznr/bznr_zyjyzyjxbz/gdzyjy_bk/bk_yywsdl/yywsdl_zyyl/202502/P020250207566597532468.pdf	357190	职业本科/医药卫生大类/中医药类/320401_中药制药.pdf
职业本科	生物与化工大类	化工技术类	270201 应用化工技术	https://www.moe.gov.cn/s78/A07/zcs_ztzl/2017_zt06/17zt06_bznr/bznr_zyjyzyjxbz/gdzyjy_bk/bk_swyhgdl/zbzzdl_hgjsl/202502/P020250207564037554706.pdf	359521	职业本科/生物与化工大类/化工技术类/270201_应用化工技术.pdf
职业本科	装备制造大类	航空装备类	260601 航空智能制造技术	https://www.moe.gov.cn/s78/A07/zcs_ztzl/2017_zt06/17zt06_bznr/bznr_zyjyzyjxbz/gdzyjy_bk/bk_zbzzdl/zbzzdl_hkzbl/202502/P020250207565266766891.pdf	357972	职业本科/装备制造大类/航空装备类/260601_航空智能制造技术.pdf
职业本科	装备制造大类	航空装备类	260602 飞行器维修工程技术	https://www.moe.gov.cn/s78/A07/zcs_ztzl/2017_zt06/17zt06_bznr/bznr_zyjyzyjxbz/gdzyjy_bk/bk_zbzzdl/zbzzdl_hkzbl/202502/P020250207565146507968.pdf	357568	职业本科/装备制造大类/航空装备类/260602_飞行器维修工程技术.pdf
职业本科	装备制造大类	航空装备类	260604 无人机系统应用技术	https://www.moe.gov.cn/s78/A07/zcs_ztzl/2017_zt06/17zt06_bznr/bznr_zyjyzyjxbz/gdzyjy_bk/bk_zbzzdl/zbzzdl_hkzbl/202502/P020250207565027004362.pdf	356405	职业本科/装备制造大类/航空装备类/260604_无人机系统应用技术.pdf
职业本科	装备制造大类	机电设备类	260203 电梯工程技术	https://www.moe.gov.cn/s78/A07/zcs_ztzl/2017_zt06/17zt06_bznr/bznr_zyjyzyjxbz/gdzyjy_bk/bk_zbzzdl/zbzzdl_jdsbl/202502/P020250207564178269370.pdf	340476	职业本科/装备制造大类/机电设备类/260203_电梯工程技术.pdf
职业本科	装备制造大类	机械设计制造类	260101 机械设计制造及自动化	https://www.moe.gov.cn/s78/A07/zcs_ztzl/2017_zt06/17zt06_bznr/bznr_zyjyzyjxbz/gdzyjy_bk/bk_zbzzdl/zbzzdl_jxsjzzl/202502/P020250207563926311806.pdf	364618	职业本科/装备制造大类/机械设计制造类/260101_机械设计制造及自动化.pdf
职业本科	装备制造大类	机械设计制造类	260102 智能制造工程技术	https://www.moe.gov.cn/s78/A07/zcs_ztzl/2017_zt06/17zt06_bznr/bznr_zyjyzyjxbz/gdzyjy_bk/bk_zbzzdl/zbzzdl_jxsjzzl/202502/P020250207563797508922.pdf	365378	职业本科/装备制造大类/机械设计制造类/260102_智能制造工程技术.pdf
职业本科	装备制造大类	机械设计制造类	260104 工业设计	https://www.moe.gov.cn/s78/A07/zcs_ztzl/2017_zt06/17zt06_bznr/bznr_zyjyzyjxbz/gdzyjy_bk/bk_zbzzdl/zbzzdl_jxsjzzl/202502/P020250207563639287543.pdf	355044	职业本科/装备制造大类/机械设计制造类/260104_工业设计.pdf
职业本科	装备制造大类	机械设计制造类	260106 材料成型及控制工程	https://www.moe.gov.cn/s78/A07/zcs_ztzl/2017_zt06/17zt06_bznr/bznr_zyjyzyjxbz/gdzyjy_bk/bk_zbzzdl/zbzzdl_jxsjzzl/202502/P020250207563521146755.pdf	355977	职业本科/装备制造大类/机械设计制造类/260106_材料成型及控制工程.pdf
职业本科	装备制造大类	汽车制造类	260701 汽车工程技术	https://www.moe.gov.cn/s78/A07/zcs_ztzl/2017_zt06/17zt06_bznr/bznr_zyjyzyjxbz/gdzyjy_bk/bk_zbzzdl/zbzzdl_qczzl/202502/P020250207565576473213.pdf	354428	职业本科/装备制造大类/汽车制造类/260701_汽车工程技术.pdf
职业本科	装备制造大类	汽车制造类	260702 新能源汽车工程技术	https://www.moe.gov.cn/s78/A07/zcs_ztzl/2017_zt06/17zt06_bznr/bznr_zyjyzyjxbz/gdzyjy_bk/bk_zbzzdl/zbzzdl_qczzl/202502/P020250207565449795374.pdf	355844	职业本科/装备制造大类/汽车制造类/260702_新能源汽车工程技术.pdf
职业本科	装备制造大类	自动化类	260301 机械电子工程技术	https://www.moe.gov.cn/s78/A07/zcs_ztzl/2017_zt06/17zt06_bznr/bznr_zyjyzyjxbz/gdzyjy_bk/bk_zbzzdl/zbzzdl_zdhl/202502/P020250207564804191258.pdf	335296	职业本科/装备制造大类/自动化类/260301_机械电子工程技术.pdf
职业本科	装备制造大类	自动化类	260302 电气工程及自动化	https://www.moe.gov.cn/s78/A07/zcs_ztzl/2017_zt06/17zt06_bznr/bznr_zyjyzyjxbz/gdzyjy_bk/bk_zbzzdl/zbzzdl_zdhl/202502/P020250207564611752213.pdf	373578	职业本科/装备制造大类/自动化类/260302_电气工程及自动化.pdf
职业本科	装备制造大类	自动化类	260304 机器人技术	https://www.moe.gov.cn/s78/A07/zcs_ztzl/2017_zt06/17zt06_bznr/bznr_zyjyzyjxbz/gdzyjy_bk/bk_zbzzdl/zbzzdl_zdhl/202502/P020250207564494315583.pdf	351322	职业本科/装备制造大类/自动化类/260304_机器人技术.pdf
职业本科	装备制造大类	自动化类	260305 自动化技术与应用	https://www.moe.gov.cn/s78/A07/zcs_ztzl/2017_zt06/17zt06_bznr/bznr_zyjyzyjxbz/gdzyjy_bk/bk_zbzzdl/zbzzdl_zdhl/202502/P020250207564339672631.pdf	349805	职业本科/装备制造大类/自动化类/260305_自动化技术与应用.pdf
职业本科	资源环境与安全大类	环境保护类	220801 生态环境工程技术	https://www.moe.gov.cn/s78/A07/zcs_ztzl/2017_zt06/17zt06_bznr/bznr_zyjyzyjxbz/gdzyjy_bk/bk_zyhjyaqdl/zyhjyaqdl_hjbhl/202502/P020250207562061146608.pdf	359795	职业本科/资源环境与安全大类/环境保护类/220801_生态环境工程技术.pdf
高职专科	财经商贸大类	财务会计类	530301 大数据与财务管理	https://www.moe.gov.cn/s78/A07/zcs_ztzl/2017_zt06/17zt06_bznr/bznr_zyjyzyjxbz/gdzyjy_zk/zk_cjsmdl/cjsmdl_cwkjl/202502/P020250207538181154911.pdf	336825	高职专科/财经商贸大类/财务会计类/530301_大数据与财务管理.pdf
高职专科	财经商贸大类	财务会计类	530302 大数据与会计	https://www.moe.gov.cn/s78/A07/zcs_ztzl/2017_zt06/17zt06_bznr/bznr_zyjyzyjxbz/gdzyjy_zk/zk_cjsmdl/cjsmdl_cwkjl/202502/P020250207538044820150.pdf	356982	高职专科/财经商贸大类/财务会计类/530302_大数据与会计.pdf
高职专科	财经商贸大类	财务会计类	530303 大数据与审计	https://www.moe.gov.cn/s78/A07/zcs_ztzl/2017_zt06/17zt06_bznr/bznr_zyjyzyjxbz/gdzyjy_zk/zk_cjsmdl/cjsmdl_cwkjl/202502/P020250207537833291309.pdf	332483	高职专科/财经商贸大类/财务会计类/530303_大数据与审计.pdf
高职专科	财经商贸大类	财务会计类	530304 会计信息管理	https://www.moe.gov.cn/s78/A07/zcs_ztzl/2017_zt06/17zt06_bznr/bznr_zyjyzyjxbz/gdzyjy_zk/zk_cjsmdl/cjsmdl_cwkjl/202502/P020250207537700760215.pdf	339442	高职专科/财经商贸大类/财务会计类/530304_会计信息管理.pdf
高职专科	财经商贸大类	财政税务类	530101 财税大数据应用	https://www.moe.gov.cn/s78/A07/zcs_ztzl/2017_zt06/17zt06_bznr/bznr_zyjyzyjxbz/gdzyjy_zk/zk_cjsmdl/cjsmdl_czswl/202502/P020250207536495240932.pdf	395368	高职专科/财经商贸大类/财政税务类/530101_财税大数据应用.pdf
高职专科	财经商贸大类	电子商务类	530701 电子商务	https://www.moe.gov.cn/s78/A07/zcs_ztzl/2017_zt06/17zt06_bznr/bznr_zyjyzyjxbz/gdzyjy_zk/zk_cjsmdl/cjsmdl_dzswl/202502/P020250207542604495307.pdf	358183	高职专科/财经商贸大类/电子商务类/530701_电子商务.pdf
高职专科	财经商贸大类	电子商务类	530702 跨境电子商务	https://www.moe.gov.cn/s78/A07/zcs_ztzl/2017_zt06/17zt06_bznr/bznr_zyjyzyjxbz/gdzyjy_zk/zk_cjsmdl/cjsmdl_dzswl/202502/P020250207542467420725.pdf	345810	高职专科/财经商贸大类/电子商务类/530702_跨境电子商务.pdf
高职专科	财经商贸大类	电子商务类	530703 移动商务	https://www.moe.gov.cn/s78/A07/zcs_ztzl/2017_zt06/17zt06_bznr/bznr_zyjyzyjxbz/gdzyjy_zk/zk_cjsmdl/cjsmdl_dzswl/202502/P020250207542306648526.pdf	339968	高职专科/财经商贸大类/电子商务类/530703_移动商务.pdf
高职专科	财经商贸大类	电子商务类	530704 网络营销与直播电商	https://www.moe.gov.cn/s78/A07/zcs_ztzl/2017_zt06/17zt06_bznr/bznr_zyjyzyjxbz/gdzyjy_zk/zk_cjsmdl/cjsmdl_dzswl/202502/P020250207542166351483.pdf	343905	高职专科/财经商贸大类/电子商务类/530704_网络营销与直播电商.pdf
高职专科	财经商贸大类	电子商务类	530705 农村电子商务	https://www.moe.gov.cn/s78/A07/zcs_ztzl/2017_zt06/17zt06_bznr/bznr_zyjyzyjxbz/gdzyjy_zk/zk_cjsmdl/cjsmdl_dzswl/202502/P020250207541892624991.pdf	358329	高职专科/财经商贸大类/电子商务类/530705_农村电子商务.pdf
高职专科	财经商贸大类	电子商务类	530706 商务数据分析与应用	https://www.moe.gov.cn/s78/A07/zcs_ztzl/2017_zt06/17zt06_bznr/bznr_zyjyzyjxbz/gdzyjy_zk/zk_cjsmdl/cjsmdl_dzswl/202502/P020250207541733654070.pdf	344651	高职专科/财经商贸大类/电子商务类/530706_商务数据分析与应用.pdf
高职专科	财经商贸大类	工商管理类	530601 工商企业管理	https://www.moe.gov.cn/s78/A07/zcs_ztzl/2017_zt06/17zt06_bznr/bznr_zyjyzyjxbz/gdzyjy_zk/zk_cjsmdl/cjsmdl_gsggl/202502/P020250207541483550769.pdf	328997	高职专科/财经商贸大类/工商管理类/530601_工商企业管理.pdf
高职专科	财经商贸大类	工商管理类	530602 连锁经营与管理	https://www.moe.gov.cn/s78/A07/zcs_ztzl/2017_zt06/17zt06_bznr/bznr_zyjyzyjxbz/gdzyjy_zk/zk_cjsmdl/cjsmdl_gsggl/202502/P020250207540463735777.pdf	341795	高职专科/财经商贸大类/工商管理类/530602_连锁经营与管理.pdf
高职专科	财经商贸大类	工商管理类	530603 商务管理	https://www.moe.gov.cn/s78/A07/zcs_ztzl/2017_zt06/17zt06_bznr/bznr_zyjyzyjxbz/gdzyjy_zk/zk_cjsmdl/cjsmdl_gsggl/202502/P020250207540315338930.pdf	322880	高职专科/财经商贸大类/工商管理类/530603_商务管理.pdf
高职专科	财经商贸大类	工商管理类	530604 中小企业创业与经营	https://www.moe.gov.cn/s78/A07/zcs_ztzl/2017_zt06/17zt06_bznr/bznr_zyjyzyjxbz/gdzyjy_zk/zk_cjsmdl/cjsmdl_gsggl/202502/P020250207540138120226.pdf	348857	高职专科/财经商贸大类/工商管理类/530604_中小企业创业与经营.pdf
高职专科	财经商贸大类	工商管理类	530605 市场营销	https://www.moe.gov.cn/s78/A07/zcs_ztzl/2017_zt06/17zt06_bznr/bznr_zyjyzyjxbz/gdzyjy_zk/zk_cjsmdl/cjsmdl_gsggl/202502/P020250207539950943391.pdf	345138	高职专科/财经商贸大类/工商管理类/530605_市场营销.pdf
高职专科	财经商贸大类	经济贸易类	530501 国际经济与贸易	https://www.moe.gov.cn/s78/A07/zcs_ztzl/2017_zt06/17zt06_bznr/bznr_zyjyzyjxbz/gdzyjy_zk/zk_cjsmdl/cjsmdl_jjmyl/202502/P020250207539714114779.pdf	346915	高职专科/财经商贸大类/经济贸易类/530501_国际经济与贸易.pdf
高职专科	财经商贸大类	经济贸易类	530502 国际商务	https://www.moe.gov.cn/s78/A07/zcs_ztzl/2017_zt06/17zt06_bznr/bznr_zyjyzyjxbz/gdzyjy_zk/zk_cjsmdl/cjsmdl_jjmyl/202502/P020250207539570623593.pdf	368411	高职专科/财经商贸大类/经济贸易类/530502_国际商务.pdf
高职专科	财经商贸大类	经济贸易类	530503 关务与外贸服务	https://www.moe.gov.cn/s78/A07/zcs_ztzl/2017_zt06/17zt06_bznr/bznr_zyjyzyjxbz/gdzyjy_zk/zk_cjsmdl/cjsmdl_jjmyl/202502/P020250207539441891773.pdf	342410	高职专科/财经商贸大类/经济贸易类/530503_关务与外贸服务.pdf
高职专科	财经商贸大类	金融类	530201 金融服务与管理	https://www.moe.gov.cn/s78/A07/zcs_ztzl/2017_zt06/17zt06_bznr/bznr_zyjyzyjxbz/gdzyjy_zk/zk_cjsmdl/cjsmdl_jrl/202502/P020250207537478444864.pdf	358164	高职专科/财经商贸大类/金融类/530201_金融服务与管理.pdf
高职专科	财经商贸大类	金融类	530202 金融科技应用	https://www.moe.gov.cn/s78/A07/zcs_ztzl/2017_zt06/17zt06_bznr/bznr_zyjyzyjxbz/gdzyjy_zk/zk_cjsmdl/cjsmdl_jrl/202502/P020250207537316253287.pdf	338068	高职专科/财经商贸大类/金融类/530202_金融科技应用.pdf
高职专科	财经商贸大类	金融类	530203 保险实务	https://www.moe.gov.cn/s78/A07/zcs_ztzl/2017_zt06/17zt06_bznr/bznr_zyjyzyjxbz/gdzyjy_zk/zk_cjsmdl/cjsmdl_jrl/202502/P020250207537177316523.pdf	340944	高职专科/财经商贸大类/金融类/530203_保险实务.pdf
高职专科	财经商贸大类	金融类	530205 财富管理	https://www.moe.gov.cn/s78/A07/zcs_ztzl/2017_zt06/17zt06_bznr/bznr_zyjyzyjxbz/gdzyjy_zk/zk_cjsmdl/cjsmdl_jrl/202502/P020250207537035417339.pdf	335815	高职专科/财经商贸大类/金融类/530205_财富管理.pdf
高职专科	财经商贸大类	金融类	530206 证券实务	https://www.moe.gov.cn/s78/A07/zcs_ztzl/2017_zt06/17zt06_bznr/bznr_zyjyzyjxbz/gdzyjy_zk/zk_cjsmdl/cjsmdl_jrl/202502/P020250207536893047075.pdf	311292	高职专科/财经商贸大类/金融类/530206_证券实务.pdf
高职专科	财经商贸大类	金融类	530208 农村金融	https://www.moe.gov.cn/s78/A07/zcs_ztzl/2017_zt06/17zt06_bznr/bznr_zyjyzyjxbz/gdzyjy_zk/zk_cjsmdl/cjsmdl_jrl/202502/P020250207536762360758.pdf	341768	高职专科/财经商贸大类/金融类/530208_农村金融.pdf
高职专科	财经商贸大类	统计类	530401 统计与大数据分析	https://www.moe.gov.cn/s78/A07/zcs_ztzl/2017_zt06/17zt06_bznr/bznr_zyjyzyjxbz/gdzyjy_zk/zk_cjsmdl/cjsmdl_tjl/202502/P020250207539162364092.pdf	329554	高职专科/财经商贸大类/统计类/530401_统计与大数据分析.pdf
高职专科	财经商贸大类	统计类	530403 市场调查与统计分析	https://www.moe.gov.cn/s78/A07/zcs_ztzl/2017_zt06/17zt06_bznr/bznr_zyjyzyjxbz/gdzyjy_zk/zk_cjsmdl/cjsmdl_tjl/202502/P020250207539014668581.pdf	358834	高职专科/财经商贸大类/统计类/530403_市场调查与统计分析.pdf
高职专科	财经商贸大类	物流类	530802 现代物流管理	https://www.moe.gov.cn/s78/A07/zcs_ztzl/2017_zt06/17zt06_bznr/bznr_zyjyzyjxbz/gdzyjy_zk/zk_cjsmdl/cjsmdl_wll/202502/P020250207543564416038.pdf	382310	高职专科/财经商贸大类/物流类/530802_现代物流管理.pdf
高职专科	财经商贸大类	物流类	530803 航空物流管理	https://www.moe.gov.cn/s78/A07/zcs_ztzl/2017_zt06/17zt06_bznr/bznr_zyjyzyjxbz/gdzyjy_zk/zk_cjsmdl/cjsmdl_wll/202502/P020250207543390916417.pdf	344624	高职专科/财经商贸大类/物流类/530803_航空物流管理.pdf
高职专科	财经商贸大类	物流类	530804 铁路物流管理	https://www.moe.gov.cn/s78/A07/zcs_ztzl/2017_zt06/17zt06_bznr/bznr_zyjyzyjxbz/gdzyjy_zk/zk_cjsmdl/cjsmdl_wll/202502/P020250207543247806721.pdf	347750	高职专科/财经商贸大类/物流类/530804_铁路物流管理.pdf
高职专科	财经商贸大类	物流类	530806 港口物流管理	https://www.moe.gov.cn/s78/A07/zcs_ztzl/2017_zt06/17zt06_bznr/bznr_zyjyzyjxbz/gdzyjy_zk/zk_cjsmdl/cjsmdl_wll/202502/P020250207543098764667.pdf	335548	高职专科/财经商贸大类/物流类/530806_港口物流管理.pdf
高职专科	财经商贸大类	物流类	530809 智能物流技术	https://www.moe.gov.cn/s78/A07/zcs_ztzl/2017_zt06/17zt06_bznr/bznr_zyjyzyjxbz/gdzyjy_zk/zk_cjsmdl/cjsmdl_wll/202502/P020250207542961145488.pdf	366627	高职专科/财经商贸大类/物流类/530809_智能物流技术.pdf
高职专科	财经商贸大类	物流类	530810 供应链运营	https://www.moe.gov.cn/s78/A07/zcs_ztzl/2017_zt06/17zt06_bznr/bznr_zyjyzyjxbz/gdzyjy_zk/zk_cjsmdl/cjsmdl_wll/202502/P020250207542822991588.pdf	343073	高职专科/财经商贸大类/物流类/530810_供应链运营.pdf
高职专科	电子与信息大类	电子信息类	510101 电子信息工程技术	https://www.moe.gov.cn/s78/A07/zcs_ztzl/2017_zt06/17zt06_bznr/bznr_zyjyzyjxbz/gdzyjy_zk/zk_dzyxxdl/dzxxdl_dzxxl/202502/P020250207530885821856.pdf	350365	高职专科/电子与信息大类/电子信息类/510101_电子信息工程技术.pdf
高职专科	电子与信息大类	电子信息类	510102 物联网应用技术	https://www.moe.gov.cn/s78/A07/zcs_ztzl/2017_zt06/17zt06_bznr/bznr_zyjyzyjxbz/gdzyjy_zk/zk_dzyxxdl/dzxxdl_dzxxl/202502/P020250516598419967636.pdf	343834	高职专科/电子与信息大类/电子信息类/510102_物联网应用技术.pdf
高职专科	电子与信息大类	电子信息类	510103 应用电子技术	https://www.moe.gov.cn/s78/A07/zcs_ztzl/2017_zt06/17zt06_bznr/bznr_zyjyzyjxbz/gdzyjy_zk/zk_dzyxxdl/dzxxdl_dzxxl/202502/P020250207530574248008.pdf	354206	高职专科/电子与信息大类/电子信息类/510103_应用电子技术.pdf
高职专科	电子与信息大类	电子信息类	510104 电子产品制造技术	https://www.moe.gov.cn/s78/A07/zcs_ztzl/2017_zt06/17zt06_bznr/bznr_zyjyzyjxbz/gdzyjy_zk/zk_dzyxxdl/dzxxdl_dzxxl/202502/P020250207530378851973.pdf	353552	高职专科/电子与信息大类/电子信息类/510104_电子产品制造技术.pdf
高职专科	电子与信息大类	电子信息类	510105 电子产品检测技术	https://www.moe.gov.cn/s78/A07/zcs_ztzl/2017_zt06/17zt06_bznr/bznr_zyjyzyjxbz/gdzyjy_zk/zk_dzyxxdl/dzxxdl_dzxxl/202502/P020250207530170176461.pdf	386264	高职专科/电子与信息大类/电子信息类/510105_电子产品检测技术.pdf
高职专科	电子与信息大类	电子信息类	510106 移动互联应用技术	https://www.moe.gov.cn/s78/A07/zcs_ztzl/2017_zt06/17zt06_bznr/bznr_zyjyzyjxbz/gdzyjy_zk/zk_dzyxxdl/dzxxdl_dzxxl/202502/P020250207529945327359.pdf	347178	高职专科/电子与信息大类/电子信息类/510106_移动互联应用技术.pdf
高职专科	电子与信息大类	电子信息类	510107 汽车智能技术	https://www.moe.gov.cn/s78/A07/zcs_ztzl/2017_zt06/17zt06_bznr/bznr_zyjyzyjxbz/gdzyjy_zk/zk_dzyxxdl/dzxxdl_dzxxl/202502/P020250207529806114127.pdf	367442	高职专科/电子与信息大类/电子信息类/510107_汽车智能技术.pdf
高职专科	电子与信息大类	电子信息类	510108 智能产品开发与应用	https://www.moe.gov.cn/s78/A07/zcs_ztzl/2017_zt06/17zt06_bznr/bznr_zyjyzyjxbz/gdzyjy_zk/zk_dzyxxdl/dzxxdl_dzxxl/202502/P020250207529676018674.pdf	343139	高职专科/电子与信息大类/电子信息类/510108_智能产品开发与应用.pdf
高职专科	电子与信息大类	计算机类	510201 计算机应用技术	https://www.moe.gov.cn/s78/A07/zcs_ztzl/2017_zt06/17zt06_bznr/bznr_zyjyzyjxbz/gdzyjy_zk/zk_dzyxxdl/dzxxdl_jsjl/202502/P020250207533801162064.pdf	360510	高职专科/电子与信息大类/计算机类/510201_计算机应用技术.pdf
高职专科	电子与信息大类	计算机类	510202 计算机网络技术	https://www.moe.gov.cn/s78/A07/zcs_ztzl/2017_zt06/17zt06_bznr/bznr_zyjyzyjxbz/gdzyjy_zk/zk_dzyxxdl/dzxxdl_jsjl/202502/P020250207533459609558.pdf	337838	高职专科/电子与信息大类/计算机类/510202_计算机网络技术.pdf
高职专科	电子与信息大类	计算机类	510203 软件技术	https://www.moe.gov.cn/s78/A07/zcs_ztzl/2017_zt06/17zt06_bznr/bznr_zyjyzyjxbz/gdzyjy_zk/zk_dzyxxdl/dzxxdl_jsjl/202502/P020250207533323690137.pdf	350454	高职专科/电子与信息大类/计算机类/510203_软件技术.pdf
高职专科	电子与信息大类	计算机类	510204 数字媒体技术	https://www.moe.gov.cn/s78/A07/zcs_ztzl/2017_zt06/17zt06_bznr/bznr_zyjyzyjxbz/gdzyjy_zk/zk_dzyxxdl/dzxxdl_jsjl/202502/P020250207533156662261.pdf	349036	高职专科/电子与信息大类/计算机类/510204_数字媒体技术.pdf
高职专科	电子与信息大类	计算机类	510205 大数据技术	https://www.moe.gov.cn/s78/A07/zcs_ztzl/2017_zt06/17zt06_bznr/bznr_zyjyzyjxbz/gdzyjy_zk/zk_dzyxxdl/dzxxdl_jsjl/202502/P020250207532993683513.pdf	354060	高职专科/电子与信息大类/计算机类/510205_大数据技术.pdf
高职专科	电子与信息大类	计算机类	510206 云计算技术应用	https://www.moe.gov.cn/s78/A07/zcs_ztzl/2017_zt06/17zt06_bznr/bznr_zyjyzyjxbz/gdzyjy_zk/zk_dzyxxdl/dzxxdl_jsjl/202502/P020250207532853321417.pdf	343610	高职专科/电子与信息大类/计算机类/510206_云计算技术应用.pdf
高职专科	电子与信息大类	计算机类	510207 信息安全技术应用	https://www.moe.gov.cn/s78/A07/zcs_ztzl/2017_zt06/17zt06_bznr/bznr_zyjyzyjxbz/gdzyjy_zk/zk_dzyxxdl/dzxxdl_jsjl/202502/P020250207532704599869.pdf	358130	高职专科/电子与信息大类/计算机类/510207_信息安全技术应用.pdf
高职专科	电子与信息大类	计算机类	510208 虚拟现实技术应用	https://www.moe.gov.cn/s78/A07/zcs_ztzl/2017_zt06/17zt06_bznr/bznr_zyjyzyjxbz/gdzyjy_zk/zk_dzyxxdl/dzxxdl_jsjl/202502/P020250207532574519964.pdf	344602	高职专科/电子与信息大类/计算机类/510208_虚拟现实技术应用.pdf
高职专科	电子与信息大类	计算机类	510209 人工智能技术应用	https://www.moe.gov.cn/s78/A07/zcs_ztzl/2017_zt06/17zt06_bznr/bznr_zyjyzyjxbz/gdzyjy_zk/zk_dzyxxdl/dzxxdl_jsjl/202502/P020250207532415004946.pdf	356781	高职专科/电子与信息大类/计算机类/510209_人工智能技术应用.pdf
高职专科	电子与信息大类	计算机类	510210 嵌入式技术应用	https://www.moe.gov.cn/s78/A07/zcs_ztzl/2017_zt06/17zt06_bznr/bznr_zyjyzyjxbz/gdzyjy_zk/zk_dzyxxdl/dzxxdl_jsjl/202502/P020250207532273794538.pdf	363886	高职专科/电子与信息大类/计算机类/510210_嵌入式技术应用.pdf
高职专科	电子与信息大类	计算机类	510211 工业互联网技术	https://www.moe.gov.cn/s78/A07/zcs_ztzl/2017_zt06/17zt06_bznr/bznr_zyjyzyjxbz/gdzyjy_zk/zk_dzyxxdl/dzxxdl_jsjl/202502/P020250207532128727510.pdf	341459	高职专科/电子与信息大类/计算机类/510211_工业互联网技术.pdf
高职专科	电子与信息大类	计算机类	510212 区块链技术应用	https://www.moe.gov.cn/s78/A07/zcs_ztzl/2017_zt06/17zt06_bznr/bznr_zyjyzyjxbz/gdzyjy_zk/zk_dzyxxdl/dzxxdl_jsjl/202502/P020250207531933489319.pdf	343578	高职专科/电子与信息大类/计算机类/510212_区块链技术应用.pdf
高职专科	电子与信息大类	计算机类	510213 移动应用开发	https://www.moe.gov.cn/s78/A07/zcs_ztzl/2017_zt06/17zt06_bznr/bznr_zyjyzyjxbz/gdzyjy_zk/zk_dzyxxdl/dzxxdl_jsjl/202502/P020250207531781244062.pdf	359667	高职专科/电子与信息大类/计算机类/510213_移动应用开发.pdf
高职专科	电子与信息大类	计算机类	510214 工业软件开发技术	https://www.moe.gov.cn/s78/A07/zcs_ztzl/2017_zt06/17zt06_bznr/bznr_zyjyzyjxbz/gdzyjy_zk/zk_dzyxxdl/dzxxdl_jsjl/202502/P020250207531557565344.pdf	357724	高职专科/电子与信息大类/计算机类/510214_工业软件开发技术.pdf
高职专科	电子与信息大类	计算机类	510215 动漫制作技术	https://www.moe.gov.cn/s78/A07/zcs_ztzl/2017_zt06/17zt06_bznr/bznr_zyjyzyjxbz/gdzyjy_zk/zk_dzyxxdl/dzxxdl_jsjl/202502/P020250207531376738356.pdf	354380	高职专科/电子与信息大类/计算机类/510215_动漫制作技术.pdf
高职专科	电子与信息大类	计算机类	510216 密码技术应用	https://www.moe.gov.cn/s78/A07/zcs_ztzl/2017_zt06/17zt06_bznr/bznr_zyjyzyjxbz/gdzyjy_zk/zk_dzyxxdl/dzxxdl_jsjl/202502/P020250207531206979122.pdf	344145	高职专科/电子与信息大类/计算机类/510216_密码技术应用.pdf
高职专科	电子与信息大类	通信类	510301 现代通信技术	https://www.moe.gov.cn/s78/A07/zcs_ztzl/2017_zt06/17zt06_bznr/bznr_zyjyzyjxbz/gdzyjy_zk/zk_dzyxxdl/dzxxdl_txl/202502/P020250207535356609887.pdf	373668	高职专科/电子与信息大类/通信类/510301_现代通信技术.pdf
高职专科	电子与信息大类	通信类	510302 现代移动通信技术	https://www.moe.gov.cn/s78/A07/zcs_ztzl/2017_zt06/17zt06_bznr/bznr_zyjyzyjxbz/gdzyjy_zk/zk_dzyxxdl/dzxxdl_txl/202502/P020250207535185426042.pdf	355233	高职专科/电子与信息大类/通信类/510302_现代移动通信技术.pdf
高职专科	电子与信息大类	通信类	510303 通信软件技术	https://www.moe.gov.cn/s78/A07/zcs_ztzl/2017_zt06/17zt06_bznr/bznr_zyjyzyjxbz/gdzyjy_zk/zk_dzyxxdl/dzxxdl_txl/202502/P020250207534966444348.pdf	360069	高职专科/电子与信息大类/通信类/510303_通信软件技术.pdf
高职专科	电子与信息大类	通信类	510304 卫星通信与导航技术	https://www.moe.gov.cn/s78/A07/zcs_ztzl/2017_zt06/17zt06_bznr/bznr_zyjyzyjxbz/gdzyjy_zk/zk_dzyxxdl/dzxxdl_txl/202502/P020250207534649449828.pdf	343334	高职专科/电子与信息大类/通信类/510304_卫星通信与导航技术.pdf
高职专科	电子与信息大类	通信类	510306 通信系统运行管理	https://www.moe.gov.cn/s78/A07/zcs_ztzl/2017_zt06/17zt06_bznr/bznr_zyjyzyjxbz/gdzyjy_zk/zk_dzyxxdl/dzxxdl_txl/202502/P020250207534496886298.pdf	362051	高职专科/电子与信息大类/通信类/510306_通信系统运行管理.pdf
高职专科	电子与信息大类	通信类	510307 智能互联网络技术	https://www.moe.gov.cn/s78/A07/zcs_ztzl/2017_zt06/17zt06_bznr/bznr_zyjyzyjxbz/gdzyjy_zk/zk_dzyxxdl/dzxxdl_txl/202502/P020250207534340052855.pdf	343977	高职专科/电子与信息大类/通信类/510307_智能互联网络技术.pdf
高职专科	电子与信息大类	通信类	510308 网络规划与优化技术	https://www.moe.gov.cn/s78/A07/zcs_ztzl/2017_zt06/17zt06_bznr/bznr_zyjyzyjxbz/gdzyjy_zk/zk_dzyxxdl/dzxxdl_txl/202502/P020250207534173719602.pdf	344530	高职专科/电子与信息大类/通信类/510308_网络规划与优化技术.pdf
高职专科	电子与信息大类	通信类	510309 电信服务与管理	https://www.moe.gov.cn/s78/A07/zcs_ztzl/2017_zt06/17zt06_bznr/bznr_zyjyzyjxbz/gdzyjy_zk/zk_dzyxxdl/dzxxdl_txl/202502/P020250207534036966667.pdf	347601	高职专科/电子与信息大类/通信类/510309_电信服务与管理.pdf
高职专科	公安与司法大类	安全防范类	580701 安全防范技术	https://www.moe.gov.cn/s78/A07/zcs_ztzl/2017_zt06/17zt06_bznr/bznr_zyjyzyjxbz/gdzyjy_zk/zk_gaysfdl/gaysfdl_aqffl/202502/P020250207556635945873.pdf	338469	高职专科/公安与司法大类/安全防范类/580701_安全防范技术.pdf
高职专科	公安与司法大类	安全防范类	580702 安全保卫管理	https://www.moe.gov.cn/s78/A07/zcs_ztzl/2017_zt06/17zt06_bznr/bznr_zyjyzyjxbz/gdzyjy_zk/zk_gaysfdl/gaysfdl_aqffl/202502/P020250207556945236411.pdf	389372	高职专科/公安与司法大类/安全防范类/580702_安全保卫管理.pdf
高职专科	公安与司法大类	安全防范类	580703 智能安防运营管理	https://www.moe.gov.cn/s78/A07/zcs_ztzl/2017_zt06/17zt06_bznr/bznr_zyjyzyjxbz/gdzyjy_zk/zk_gaysfdl/gaysfdl_aqffl/202502/P020250207557262705232.pdf	373706	高职专科/公安与司法大类/安全防范类/580703_智能安防运营管理.pdf
高职专科	公安与司法大类	法律实务类	580401 法律事务	https://www.moe.gov.cn/s78/A07/zcs_ztzl/2017_zt06/17zt06_bznr/bznr_zyjyzyjxbz/gdzyjy_zk/zk_gaysfdl/gaysfdl_flswl/202502/P020250207554127095580.pdf	334960	高职专科/公安与司法大类/法律实务类/580401_法律事务.pdf
高职专科	公安与司法大类	法律实务类	580402 法律文秘	https://www.moe.gov.cn/s78/A07/zcs_ztzl/2017_zt06/17zt06_bznr/bznr_zyjyzyjxbz/gdzyjy_zk/zk_gaysfdl/gaysfdl_flswl/202502/P020250207554374837804.pdf	366288	高职专科/公安与司法大类/法律实务类/580402_法律文秘.pdf
高职专科	公安与司法大类	法律执行类	580505 社区矫正	https://www.moe.gov.cn/s78/A07/zcs_ztzl/2017_zt06/17zt06_bznr/bznr_zyjyzyjxbz/gdzyjy_zk/zk_gaysfdl/gaysfdl_flzxl/202502/P020250207555597515256.pdf	342223	高职专科/公安与司法大类/法律执行类/580505_社区矫正.pdf
高职专科	公安与司法大类	司法技术类	580603 司法鉴定技术	https://www.moe.gov.cn/s78/A07/zcs_ztzl/2017_zt06/17zt06_bznr/bznr_zyjyzyjxbz/gdzyjy_zk/zk_gaysfdl/gaysfdl_sfjsl/202502/P020250207556267164080.pdf	343067	高职专科/公安与司法大类/司法技术类/580603_司法鉴定技术.pdf
高职专科	公共管理与服务大类	公共服务类	590301 现代家政服务与管理	https://www.moe.gov.cn/s78/A07/zcs_ztzl/2017_zt06/17zt06_bznr/bznr_zyjyzyjxbz/gdzyjy_zk/zk_ggglyfwdl/ggglyfwdl_ggfwl/202502/P020250207558766671083.pdf	320921	高职专科/公共管理与服务大类/公共服务类/590301_现代家政服务与管理.pdf
高职专科	公共管理与服务大类	公共服务类	590302 智慧健康养老服务与管理	https://www.moe.gov.cn/s78/A07/zcs_ztzl/2017_zt06/17zt06_bznr/bznr_zyjyzyjxbz/gdzyjy_zk/zk_ggglyfwdl/ggglyfwdl_ggfwl/202502/P020250207558594318394.pdf	356916	高职专科/公共管理与服务大类/公共服务类/590302_智慧健康养老服务与管理.pdf
高职专科	公共管理与服务大类	公共服务类	590304 婚庆服务与管理	https://www.moe.gov.cn/s78/A07/zcs_ztzl/2017_zt06/17zt06_bznr/bznr_zyjyzyjxbz/gdzyjy_zk/zk_ggglyfwdl/ggglyfwdl_ggfwl/202502/P020250207558219204044.pdf	347691	高职专科/公共管理与服务大类/公共服务类/590304_婚庆服务与管理.pdf
高职专科	公共管理与服务大类	公共服务类	590306 殡葬设备维护技术	https://www.moe.gov.cn/s78/A07/zcs_ztzl/2017_zt06/17zt06_bznr/bznr_zyjyzyjxbz/gdzyjy_zk/zk_ggglyfwdl/ggglyfwdl_ggfwl/202502/P020250207558079948407.pdf	340952	高职专科/公共管理与服务大类/公共服务类/590306_殡葬设备维护技术.pdf
高职专科	公共管理与服务大类	公共管理类	590202 人力资源管理	https://www.moe.gov.cn/s78/A07/zcs_ztzl/2017_zt06/17zt06_bznr/bznr_zyjyzyjxbz/gdzyjy_zk/zk_ggglyfwdl/ggglyfwdl_gggll/202502/P020250207557906950427.pdf	336826	高职专科/公共管理与服务大类/公共管理类/590202_人力资源管理.pdf
高职专科	公共管理与服务大类	公共管理类	590209 职业指导与服务	https://www.moe.gov.cn/s78/A07/zcs_ztzl/2017_zt06/17zt06_bznr/bznr_zyjyzyjxbz/gdzyjy_zk/zk_ggglyfwdl/ggglyfwdl_gggll/202502/P020250207557541169430.pdf	346450	高职专科/公共管理与服务大类/公共管理类/590209_职业指导与服务.pdf
高职专科	公共管理与服务大类	公共管理类	590210 标准化技术	https://www.moe.gov.cn/s78/A07/zcs_ztzl/2017_zt06/17zt06_bznr/bznr_zyjyzyjxbz/gdzyjy_zk/zk_ggglyfwdl/ggglyfwdl_gggll/202502/P020250207557392141051.pdf	327201	高职专科/公共管理与服务大类/公共管理类/590210_标准化技术.pdf
高职专科	公共管理与服务大类	公共事业类	590101 社会工作	https://www.moe.gov.cn/s78/A07/zcs_ztzl/2017_zt06/17zt06_bznr/bznr_zyjyzyjxbz/gdzyjy_zk/zk_ggglyfwdl/ggglyfwdl_ggsyl/202502/P020250207557219470920.pdf	307671	高职专科/公共管理与服务大类/公共事业类/590101_社会工作.pdf
高职专科	公共管理与服务大类	公共事业类	590102 党务工作	https://www.moe.gov.cn/s78/A07/zcs_ztzl/2017_zt06/17zt06_bznr/bznr_zyjyzyjxbz/gdzyjy_zk/zk_ggglyfwdl/ggglyfwdl_ggsyl/202502/P020250207557086650382.pdf	345417	高职专科/公共管理与服务大类/公共事业类/590102_党务工作.pdf
高职专科	公共管理与服务大类	公共事业类	590104 社区管理与服务	https://www.moe.gov.cn/s78/A07/zcs_ztzl/2017_zt06/17zt06_bznr/bznr_zyjyzyjxbz/gdzyjy_zk/zk_ggglyfwdl/ggglyfwdl_ggsyl/202502/P020250207556944006785.pdf	318591	高职专科/公共管理与服务大类/公共事业类/590104_社区管理与服务.pdf
高职专科	公共管理与服务大类	文秘类	590401 现代文秘	https://www.moe.gov.cn/s78/A07/zcs_ztzl/2017_zt06/17zt06_bznr/bznr_zyjyzyjxbz/gdzyjy_zk/zk_ggglyfwdl/ggglyfwdl_wml/202502/P020250207558949382819.pdf	357505	高职专科/公共管理与服务大类/文秘类/590401_现代文秘.pdf
高职专科	交通运输大类	城市轨道交通类	500601 城市轨道交通工程技术	https://www.moe.gov.cn/s78/A07/zcs_ztzl/2017_zt06/17zt06_bznr/bznr_zyjyzyjxbz/gdzyjy_zk/zk_jtysdl/jtysdl_csgdjtl/202502/P020250207550528356303.pdf	388602	高职专科/交通运输大类/城市轨道交通类/500601_城市轨道交通工程技术.pdf
高职专科	交通运输大类	城市轨道交通类	500602 城市轨道车辆应用技术	https://www.moe.gov.cn/s78/A07/zcs_ztzl/2017_zt06/17zt06_bznr/bznr_zyjyzyjxbz/gdzyjy_zk/zk_jtysdl/jtysdl_csgdjtl/202502/P020250207550838820938.pdf	344904	高职专科/交通运输大类/城市轨道交通类/500602_城市轨道车辆应用技术.pdf
高职专科	交通运输大类	城市轨道交通类	500603 城市轨道交通机电技术	https://www.moe.gov.cn/s78/A07/zcs_ztzl/2017_zt06/17zt06_bznr/bznr_zyjyzyjxbz/gdzyjy_zk/zk_jtysdl/jtysdl_csgdjtl/202502/P020250207551144536867.pdf	342123	高职专科/交通运输大类/城市轨道交通类/500603_城市轨道交通机电技术.pdf
高职专科	交通运输大类	城市轨道交通类	500604 城市轨道交通通信信号技术	https://www.moe.gov.cn/s78/A07/zcs_ztzl/2017_zt06/17zt06_bznr/bznr_zyjyzyjxbz/gdzyjy_zk/zk_jtysdl/jtysdl_csgdjtl/202502/P020250207551424605334.pdf	338831	高职专科/交通运输大类/城市轨道交通类/500604_城市轨道交通通信信号技术.pdf
高职专科	交通运输大类	城市轨道交通类	500605 城市轨道交通供配电技术	https://www.moe.gov.cn/s78/A07/zcs_ztzl/2017_zt06/17zt06_bznr/bznr_zyjyzyjxbz/gdzyjy_zk/zk_jtysdl/jtysdl_csgdjtl/202502/P020250207551893050449.pdf	321094	高职专科/交通运输大类/城市轨道交通类/500605_城市轨道交通供配电技术.pdf
高职专科	交通运输大类	城市轨道交通类	500606 城市轨道交通运营管理	https://www.moe.gov.cn/s78/A07/zcs_ztzl/2017_zt06/17zt06_bznr/bznr_zyjyzyjxbz/gdzyjy_zk/zk_jtysdl/jtysdl_csgdjtl/202502/P020250207552230162085.pdf	343992	高职专科/交通运输大类/城市轨道交通类/500606_城市轨道交通运营管理.pdf
高职专科	交通运输大类	航空运输类	500401 民航运输服务	https://www.moe.gov.cn/s78/A07/zcs_ztzl/2017_zt06/17zt06_bznr/bznr_zyjyzyjxbz/gdzyjy_zk/zk_jtysdl/jtysdl_hkysl/202502/P020250207542305663212.pdf	336793	高职专科/交通运输大类/航空运输类/500401_民航运输服务.pdf
高职专科	交通运输大类	航空运输类	500405 空中乘务	https://www.moe.gov.cn/s78/A07/zcs_ztzl/2017_zt06/17zt06_bznr/bznr_zyjyzyjxbz/gdzyjy_zk/zk_jtysdl/jtysdl_hkysl/202502/P020250207542782977878.pdf	401600	高职专科/交通运输大类/航空运输类/500405_空中乘务.pdf
高职专科	交通运输大类	航空运输类	500406 民航安全技术管理	https://www.moe.gov.cn/s78/A07/zcs_ztzl/2017_zt06/17zt06_bznr/bznr_zyjyzyjxbz/gdzyjy_zk/zk_jtysdl/jtysdl_hkysl/202502/P020250207543403809445.pdf	351448	高职专科/交通运输大类/航空运输类/500406_民航安全技术管理.pdf
高职专科	交通运输大类	航空运输类	500407 民航空中安全保卫	https://www.moe.gov.cn/s78/A07/zcs_ztzl/2017_zt06/17zt06_bznr/bznr_zyjyzyjxbz/gdzyjy_zk/zk_jtysdl/jtysdl_hkysl/202502/P020250207545431865867.pdf	351190	高职专科/交通运输大类/航空运输类/500407_民航空中安全保卫.pdf
高职专科	交通运输大类	航空运输类	500408 机场运行服务与管理	https://www.moe.gov.cn/s78/A07/zcs_ztzl/2017_zt06/17zt06_bznr/bznr_zyjyzyjxbz/gdzyjy_zk/zk_jtysdl/jtysdl_hkysl/202502/P020250207547047426500.pdf	334542	高职专科/交通运输大类/航空运输类/500408_机场运行服务与管理.pdf
高职专科	交通运输大类	航空运输类	500409 飞机机电设备维修	https://www.moe.gov.cn/s78/A07/zcs_ztzl/2017_zt06/17zt06_bznr/bznr_zyjyzyjxbz/gdzyjy_zk/zk_jtysdl/jtysdl_hkysl/202502/P020250207548180109913.pdf	376744	高职专科/交通运输大类/航空运输类/500409_飞机机电设备维修.pdf
高职专科	交通运输大类	航空运输类	500412 通用航空器维修	https://www.moe.gov.cn/s78/A07/zcs_ztzl/2017_zt06/17zt06_bznr/bznr_zyjyzyjxbz/gdzyjy_zk/zk_jtysdl/jtysdl_hkysl/202502/P020250207549151169777.pdf	362571	高职专科/交通运输大类/航空运输类/500412_通用航空器维修.pdf
高职专科	交通运输大类	航空运输类	500414 航空地面设备维修	https://www.moe.gov.cn/s78/A07/zcs_ztzl/2017_zt06/17zt06_bznr/bznr_zyjyzyjxbz/gdzyjy_zk/zk_jtysdl/jtysdl_hkysl/202502/P020250207549461991154.pdf	343727	高职专科/交通运输大类/航空运输类/500414_航空地面设备维修.pdf
高职专科	交通运输大类	航空运输类	500416 通用航空航务技术	https://www.moe.gov.cn/s78/A07/zcs_ztzl/2017_zt06/17zt06_bznr/bznr_zyjyzyjxbz/gdzyjy_zk/zk_jtysdl/jtysdl_hkysl/202502/P020250207549819283474.pdf	343302	高职专科/交通运输大类/航空运输类/500416_通用航空航务技术.pdf
高职专科	交通运输大类	水上运输类	500302 港口与航道工程技术	https://www.moe.gov.cn/s78/A07/zcs_ztzl/2017_zt06/17zt06_bznr/bznr_zyjyzyjxbz/gdzyjy_zk/zk_jtysdl/jtysdl_ssysl/202502/P020250207536027517906.pdf	354228	高职专科/交通运输大类/水上运输类/500302_港口与航道工程技术.pdf
高职专科	交通运输大类	水上运输类	500304 国际邮轮乘务管理	https://www.moe.gov.cn/s78/A07/zcs_ztzl/2017_zt06/17zt06_bznr/bznr_zyjyzyjxbz/gdzyjy_zk/zk_jtysdl/jtysdl_ssysl/202502/P020250207536327520707.pdf	340989	高职专科/交通运输大类/水上运输类/500304_国际邮轮乘务管理.pdf
高职专科	交通运输大类	水上运输类	500305 水路运输安全管理	https://www.moe.gov.cn/s78/A07/zcs_ztzl/2017_zt06/17zt06_bznr/bznr_zyjyzyjxbz/gdzyjy_zk/zk_jtysdl/jtysdl_ssysl/202502/P020250207536592177123.pdf	356042	高职专科/交通运输大类/水上运输类/500305_水路运输安全管理.pdf
高职专科	交通运输大类	水上运输类	500306 港口机械与智能控制	https://www.moe.gov.cn/s78/A07/zcs_ztzl/2017_zt06/17zt06_bznr/bznr_zyjyzyjxbz/gdzyjy_zk/zk_jtysdl/jtysdl_ssysl/202502/P020250207537011659093.pdf	347480	高职专科/交通运输大类/水上运输类/500306_港口机械与智能控制.pdf
高职专科	交通运输大类	水上运输类	500308 船舶电子电气技术	https://www.moe.gov.cn/s78/A07/zcs_ztzl/2017_zt06/17zt06_bznr/bznr_zyjyzyjxbz/gdzyjy_zk/zk_jtysdl/jtysdl_ssysl/202502/P020250207537315081133.pdf	346431	高职专科/交通运输大类/水上运输类/500308_船舶电子电气技术.pdf
高职专科	交通运输大类	水上运输类	500310 集装箱运输管理	https://www.moe.gov.cn/s78/A07/zcs_ztzl/2017_zt06/17zt06_bznr/bznr_zyjyzyjxbz/gdzyjy_zk/zk_jtysdl/jtysdl_ssysl/202502/P020250207537620565174.pdf	377006	高职专科/交通运输大类/水上运输类/500310_集装箱运输管理.pdf
高职专科	交通运输大类	铁道运输类	500101 铁道工程技术	https://www.moe.gov.cn/s78/A07/zcs_ztzl/2017_zt06/17zt06_bznr/bznr_zyjyzyjxbz/gdzyjy_zk/zk_jtysdl/jtysdl_tdysl/202502/P020250207526720920093.pdf	358820	高职专科/交通运输大类/铁道运输类/500101_铁道工程技术.pdf
高职专科	交通运输大类	铁道运输类	500102 高速铁路施工与维护	https://www.moe.gov.cn/s78/A07/zcs_ztzl/2017_zt06/17zt06_bznr/bznr_zyjyzyjxbz/gdzyjy_zk/zk_jtysdl/jtysdl_tdysl/202502/P020250207527043331235.pdf	355311	高职专科/交通运输大类/铁道运输类/500102_高速铁路施工与维护.pdf
高职专科	交通运输大类	铁道运输类	500103 铁道桥梁隧道工程技术	https://www.moe.gov.cn/s78/A07/zcs_ztzl/2017_zt06/17zt06_bznr/bznr_zyjyzyjxbz/gdzyjy_zk/zk_jtysdl/jtysdl_tdysl/202502/P020250207528283583666.pdf	366761	高职专科/交通运输大类/铁道运输类/500103_铁道桥梁隧道工程技术.pdf
高职专科	交通运输大类	铁道运输类	500104 铁道养路机械应用技术	https://www.moe.gov.cn/s78/A07/zcs_ztzl/2017_zt06/17zt06_bznr/bznr_zyjyzyjxbz/gdzyjy_zk/zk_jtysdl/jtysdl_tdysl/202502/P020250207528796950393.pdf	412774	高职专科/交通运输大类/铁道运输类/500104_铁道养路机械应用技术.pdf
高职专科	交通运输大类	铁道运输类	500105 铁道机车运用与维护	https://www.moe.gov.cn/s78/A07/zcs_ztzl/2017_zt06/17zt06_bznr/bznr_zyjyzyjxbz/gdzyjy_zk/zk_jtysdl/jtysdl_tdysl/202502/P020250207529084204705.pdf	357585	高职专科/交通运输大类/铁道运输类/500105_铁道机车运用与维护.pdf
高职专科	交通运输大类	铁道运输类	500106 铁道车辆技术	https://www.moe.gov.cn/s78/A07/zcs_ztzl/2017_zt06/17zt06_bznr/bznr_zyjyzyjxbz/gdzyjy_zk/zk_jtysdl/jtysdl_tdysl/202502/P020250207529496672785.pdf	352955	高职专科/交通运输大类/铁道运输类/500106_铁道车辆技术.pdf
高职专科	交通运输大类	铁道运输类	500109 高速铁路综合维修技术	https://www.moe.gov.cn/s78/A07/zcs_ztzl/2017_zt06/17zt06_bznr/bznr_zyjyzyjxbz/gdzyjy_zk/zk_jtysdl/jtysdl_tdysl/202502/P020250207529921846646.pdf	352112	高职专科/交通运输大类/铁道运输类/500109_高速铁路综合维修技术.pdf
高职专科	交通运输大类	铁道运输类	500112 铁道交通运营管理	https://www.moe.gov.cn/s78/A07/zcs_ztzl/2017_zt06/17zt06_bznr/bznr_zyjyzyjxbz/gdzyjy_zk/zk_jtysdl/jtysdl_tdysl/202502/P020250207530310574624.pdf	339698	高职专科/交通运输大类/铁道运输类/500112_铁道交通运营管理.pdf
高职专科	交通运输大类	铁道运输类	500113 高速铁路客运服务	https://www.moe.gov.cn/s78/A07/zcs_ztzl/2017_zt06/17zt06_bznr/bznr_zyjyzyjxbz/gdzyjy_zk/zk_jtysdl/jtysdl_tdysl/202502/P020250207530679579352.pdf	343609	高职专科/交通运输大类/铁道运输类/500113_高速铁路客运服务.pdf
高职专科	交通运输大类	道路运输类	500201 道路与桥梁工程技术	https://www.moe.gov.cn/s78/A07/zcs_ztzl/2017_zt06/17zt06_bznr/bznr_zyjyzyjxbz/gdzyjy_zk/zk_jtysdl/jtysdl_tlysl/202502/P020250207531349970858.pdf	361115	高职专科/交通运输大类/道路运输类/500201_道路与桥梁工程技术.pdf
高职专科	交通运输大类	道路运输类	500203 智能工程机械运用技术	https://www.moe.gov.cn/s78/A07/zcs_ztzl/2017_zt06/17zt06_bznr/bznr_zyjyzyjxbz/gdzyjy_zk/zk_jtysdl/jtysdl_tlysl/202502/P020250207531650591270.pdf	342274	高职专科/交通运输大类/道路运输类/500203_智能工程机械运用技术.pdf
高职专科	交通运输大类	道路运输类	500204 道路工程检测技术	https://www.moe.gov.cn/s78/A07/zcs_ztzl/2017_zt06/17zt06_bznr/bznr_zyjyzyjxbz/gdzyjy_zk/zk_jtysdl/jtysdl_tlysl/202502/P020250207532005559902.pdf	353357	高职专科/交通运输大类/道路运输类/500204_道路工程检测技术.pdf
高职专科	交通运输大类	道路运输类	500205 道路工程造价	https://www.moe.gov.cn/s78/A07/zcs_ztzl/2017_zt06/17zt06_bznr/bznr_zyjyzyjxbz/gdzyjy_zk/zk_jtysdl/jtysdl_tlysl/202502/P020250207532312900255.pdf	353785	高职专科/交通运输大类/道路运输类/500205_道路工程造价.pdf
高职专科	交通运输大类	道路运输类	500207 智能交通技术	https://www.moe.gov.cn/s78/A07/zcs_ztzl/2017_zt06/17zt06_bznr/bznr_zyjyzyjxbz/gdzyjy_zk/zk_jtysdl/jtysdl_tlysl/202502/P020250207532780415882.pdf	348267	高职专科/交通运输大类/道路运输类/500207_智能交通技术.pdf
高职专科	交通运输大类	道路运输类	500208 道路运输管理	https://www.moe.gov.cn/s78/A07/zcs_ztzl/2017_zt06/17zt06_bznr/bznr_zyjyzyjxbz/gdzyjy_zk/zk_jtysdl/jtysdl_tlysl/202502/P020250207533095792023.pdf	333174	高职专科/交通运输大类/道路运输类/500208_道路运输管理.pdf
高职专科	交通运输大类	道路运输类	500209 交通运营管理	https://www.moe.gov.cn/s78/A07/zcs_ztzl/2017_zt06/17zt06_bznr/bznr_zyjyzyjxbz/gdzyjy_zk/zk_jtysdl/jtysdl_tlysl/202502/P020250207533514021264.pdf	345702	高职专科/交通运输大类/道路运输类/500209_交通运营管理.pdf
高职专科	交通运输大类	道路运输类	500210 汽车技术服务与营销	https://www.moe.gov.cn/s78/A07/zcs_ztzl/2017_zt06/17zt06_bznr/bznr_zyjyzyjxbz/gdzyjy_zk/zk_jtysdl/jtysdl_tlysl/202502/P020250207534169626718.pdf	346356	高职专科/交通运输大类/道路运输类/500210_汽车技术服务与营销.pdf
高职专科	交通运输大类	道路运输类	500211 汽车检测与维修技术	https://www.moe.gov.cn/s78/A07/zcs_ztzl/2017_zt06/17zt06_bznr/bznr_zyjyzyjxbz/gdzyjy_zk/zk_jtysdl/jtysdl_tlysl/202502/P020250207534872340549.pdf	346928	高职专科/交通运输大类/道路运输类/500211_汽车检测与维修技术.pdf
高职专科	交通运输大类	道路运输类	500212 新能源汽车检测与维修技术	https://www.moe.gov.cn/s78/A07/zcs_ztzl/2017_zt06/17zt06_bznr/bznr_zyjyzyjxbz/gdzyjy_zk/zk_jtysdl/jtysdl_tlysl/202502/P020250207535331180638.pdf	350672	高职专科/交通运输大类/道路运输类/500212_新能源汽车检测与维修技术.pdf
高职专科	交通运输大类	邮政类	500701 邮政快递运营管理	https://www.moe.gov.cn/s78/A07/zcs_ztzl/2017_zt06/17zt06_bznr/bznr_zyjyzyjxbz/gdzyjy_zk/zk_jtysdl/jtysdl_yzl/202502/P020250207552820960248.pdf	346315	高职专科/交通运输大类/邮政类/500701_邮政快递运营管理.pdf
高职专科	交通运输大类	邮政类	500702 邮政快递智能技术	https://www.moe.gov.cn/s78/A07/zcs_ztzl/2017_zt06/17zt06_bznr/bznr_zyjyzyjxbz/gdzyjy_zk/zk_jtysdl/jtysdl_yzl/202502/P020250207553125520250.pdf	345029	高职专科/交通运输大类/邮政类/500702_邮政快递智能技术.pdf
高职专科	教育与体育大类	教育类	570101K 早期教育	https://www.moe.gov.cn/s78/A07/zcs_ztzl/2017_zt06/17zt06_bznr/bznr_zyjyzyjxbz/gdzyjy_zk/zk_jyytydl/jyytydl_jyl/202502/P020250207552369858391.pdf	349361	高职专科/教育与体育大类/教育类/570101K_早期教育.pdf
高职专科	教育与体育大类	教育类	570102K 学前教育	https://www.moe.gov.cn/s78/A07/zcs_ztzl/2017_zt06/17zt06_bznr/bznr_zyjyzyjxbz/gdzyjy_zk/zk_jyytydl/jyytydl_jyl/202502/P020250207552226994375.pdf	339755	高职专科/教育与体育大类/教育类/570102K_学前教育.pdf
高职专科	教育与体育大类	教育类	570103K 小学教育	https://www.moe.gov.cn/s78/A07/zcs_ztzl/2017_zt06/17zt06_bznr/bznr_zyjyzyjxbz/gdzyjy_zk/zk_jyytydl/jyytydl_jyl/202502/P020250207552089033724.pdf	335389	高职专科/教育与体育大类/教育类/570103K_小学教育.pdf
高职专科	教育与体育大类	教育类	570104K 小学语文教育	https://www.moe.gov.cn/s78/A07/zcs_ztzl/2017_zt06/17zt06_bznr/bznr_zyjyzyjxbz/gdzyjy_zk/zk_jyytydl/jyytydl_jyl/202502/P020250207551935185111.pdf	345433	高职专科/教育与体育大类/教育类/570104K_小学语文教育.pdf
高职专科	教育与体育大类	教育类	570105K 小学数学教育	https://www.moe.gov.cn/s78/A07/zcs_ztzl/2017_zt06/17zt06_bznr/bznr_zyjyzyjxbz/gdzyjy_zk/zk_jyytydl/jyytydl_jyl/202502/P020250207551779857595.pdf	338346	高职专科/教育与体育大类/教育类/570105K_小学数学教育.pdf
高职专科	教育与体育大类	教育类	570106K 小学英语教育	https://www.moe.gov.cn/s78/A07/zcs_ztzl/2017_zt06/17zt06_bznr/bznr_zyjyzyjxbz/gdzyjy_zk/zk_jyytydl/jyytydl_jyl/202502/P020250207551632854003.pdf	338770	高职专科/教育与体育大类/教育类/570106K_小学英语教育.pdf
高职专科	教育与体育大类	教育类	570107K 小学科学教育	https://www.moe.gov.cn/s78/A07/zcs_ztzl/2017_zt06/17zt06_bznr/bznr_zyjyzyjxbz/gdzyjy_zk/zk_jyytydl/jyytydl_jyl/202502/P020250207551469205184.pdf	350870	高职专科/教育与体育大类/教育类/570107K_小学科学教育.pdf
高职专科	教育与体育大类	教育类	570108K 音乐教育	https://www.moe.gov.cn/s78/A07/zcs_ztzl/2017_zt06/17zt06_bznr/bznr_zyjyzyjxbz/gdzyjy_zk/zk_jyytydl/jyytydl_jyl/202502/P020250207551312797179.pdf	347336	高职专科/教育与体育大类/教育类/570108K_音乐教育.pdf
高职专科	教育与体育大类	教育类	570109K 美术教育	https://www.moe.gov.cn/s78/A07/zcs_ztzl/2017_zt06/17zt06_bznr/bznr_zyjyzyjxbz/gdzyjy_zk/zk_jyytydl/jyytydl_jyl/202502/P020250207551182737258.pdf	346279	高职专科/教育与体育大类/教育类/570109K_美术教育.pdf
高职专科	教育与体育大类	教育类	570110K 体育教育	https://www.moe.gov.cn/s78/A07/zcs_ztzl/2017_zt06/17zt06_bznr/bznr_zyjyzyjxbz/gdzyjy_zk/zk_jyytydl/jyytydl_jyl/202502/P020250207550974309382.pdf	349827	高职专科/教育与体育大类/教育类/570110K_体育教育.pdf
高职专科	教育与体育大类	教育类	570111K 小学道德与法治教育	https://www.moe.gov.cn/s78/A07/zcs_ztzl/2017_zt06/17zt06_bznr/bznr_zyjyzyjxbz/gdzyjy_zk/zk_jyytydl/jyytydl_jyl/202502/P020250207550833223045.pdf	336215	高职专科/教育与体育大类/教育类/570111K_小学道德与法治教育.pdf
高职专科	教育与体育大类	教育类	570112K 舞蹈教育	https://www.moe.gov.cn/s78/A07/zcs_ztzl/2017_zt06/17zt06_bznr/bznr_zyjyzyjxbz/gdzyjy_zk/zk_jyytydl/jyytydl_jyl/202502/P020250207550660632909.pdf	333800	高职专科/教育与体育大类/教育类/570112K_舞蹈教育.pdf
高职专科	教育与体育大类	教育类	570113K 艺术教育	https://www.moe.gov.cn/s78/A07/zcs_ztzl/2017_zt06/17zt06_bznr/bznr_zyjyzyjxbz/gdzyjy_zk/zk_jyytydl/jyytydl_jyl/202502/P020250207550488138999.pdf	342407	高职专科/教育与体育大类/教育类/570113K_艺术教育.pdf
高职专科	教育与体育大类	教育类	570114K 特殊教育	https://www.moe.gov.cn/s78/A07/zcs_ztzl/2017_zt06/17zt06_bznr/bznr_zyjyzyjxbz/gdzyjy_zk/zk_jyytydl/jyytydl_jyl/202502/P020250207550334803573.pdf	336839	高职专科/教育与体育大类/教育类/570114K_特殊教育.pdf
高职专科	教育与体育大类	教育类	570115K 现代教育技术	https://www.moe.gov.cn/s78/A07/zcs_ztzl/2017_zt06/17zt06_bznr/bznr_zyjyzyjxbz/gdzyjy_zk/zk_jyytydl/jyytydl_jyl/202502/P020250207550203578214.pdf	347943	高职专科/教育与体育大类/教育类/570115K_现代教育技术.pdf
高职专科	教育与体育大类	体育类	570301 社会体育	https://www.moe.gov.cn/s78/A07/zcs_ztzl/2017_zt06/17zt06_bznr/bznr_zyjyzyjxbz/gdzyjy_zk/zk_jyytydl/jyytydl_tyl/202502/P020250207556346780340.pdf	345298	高职专科/教育与体育大类/体育类/570301_社会体育.pdf
高职专科	教育与体育大类	体育类	570302 休闲体育	https://www.moe.gov.cn/s78/A07/zcs_ztzl/2017_zt06/17zt06_bznr/bznr_zyjyzyjxbz/gdzyjy_zk/zk_jyytydl/jyytydl_tyl/202502/P020250207556195554292.pdf	356817	高职专科/教育与体育大类/体育类/570302_休闲体育.pdf
高职专科	教育与体育大类	体育类	570303 运动训练	https://www.moe.gov.cn/s78/A07/zcs_ztzl/2017_zt06/17zt06_bznr/bznr_zyjyzyjxbz/gdzyjy_zk/zk_jyytydl/jyytydl_tyl/202502/P020250207556070362776.pdf	356630	高职专科/教育与体育大类/体育类/570303_运动训练.pdf
高职专科	教育与体育大类	体育类	570304 民族传统体育	https://www.moe.gov.cn/s78/A07/zcs_ztzl/2017_zt06/17zt06_bznr/bznr_zyjyzyjxbz/gdzyjy_zk/zk_jyytydl/jyytydl_tyl/202502/P020250207555950251049.pdf	338433	高职专科/教育与体育大类/体育类/570304_民族传统体育.pdf
高职专科	教育与体育大类	体育类	570307 健身指导与管理	https://www.moe.gov.cn/s78/A07/zcs_ztzl/2017_zt06/17zt06_bznr/bznr_zyjyzyjxbz/gdzyjy_zk/zk_jyytydl/jyytydl_tyl/202502/P020250207555816008610.pdf	345314	高职专科/教育与体育大类/体育类/570307_健身指导与管理.pdf
高职专科	教育与体育大类	体育类	570308 运动健康指导	https://www.moe.gov.cn/s78/A07/zcs_ztzl/2017_zt06/17zt06_bznr/bznr_zyjyzyjxbz/gdzyjy_zk/zk_jyytydl/jyytydl_tyl/202502/P020250207555636188450.pdf	345555	高职专科/教育与体育大类/体育类/570308_运动健康指导.pdf
高职专科	教育与体育大类	体育类	570309 运动数据分析	https://www.moe.gov.cn/s78/A07/zcs_ztzl/2017_zt06/17zt06_bznr/bznr_zyjyzyjxbz/gdzyjy_zk/zk_jyytydl/jyytydl_tyl/202502/P020250207555452824177.pdf	334670	高职专科/教育与体育大类/体育类/570309_运动数据分析.pdf
高职专科	教育与体育大类	体育类	570310 体能训练	https://www.moe.gov.cn/s78/A07/zcs_ztzl/2017_zt06/17zt06_bznr/bznr_zyjyzyjxbz/gdzyjy_zk/zk_jyytydl/jyytydl_tyl/202502/P020250207555320806340.pdf	335675	高职专科/教育与体育大类/体育类/570310_体能训练.pdf
高职专科	教育与体育大类	体育类	570311 体育运营与管理	https://www.moe.gov.cn/s78/A07/zcs_ztzl/2017_zt06/17zt06_bznr/bznr_zyjyzyjxbz/gdzyjy_zk/zk_jyytydl/jyytydl_tyl/202502/P020250207555189281817.pdf	333707	高职专科/教育与体育大类/体育类/570311_体育运营与管理.pdf
高职专科	教育与体育大类	体育类	570312 电子竞技运动与管理	https://www.moe.gov.cn/s78/A07/zcs_ztzl/2017_zt06/17zt06_bznr/bznr_zyjyzyjxbz/gdzyjy_zk/zk_jyytydl/jyytydl_tyl/202502/P020250207555046593720.pdf	330287	高职专科/教育与体育大类/体育类/570312_电子竞技运动与管理.pdf
高职专科	教育与体育大类	体育类	570314 冰雪运动与管理	https://www.moe.gov.cn/s78/A07/zcs_ztzl/2017_zt06/17zt06_bznr/bznr_zyjyzyjxbz/gdzyjy_zk/zk_jyytydl/jyytydl_tyl/202502/P020250207554889741156.pdf	345140	高职专科/教育与体育大类/体育类/570314_冰雪运动与管理.pdf
高职专科	教育与体育大类	体育类	570316 体育艺术表演	https://www.moe.gov.cn/s78/A07/zcs_ztzl/2017_zt06/17zt06_bznr/bznr_zyjyzyjxbz/gdzyjy_zk/zk_jyytydl/jyytydl_tyl/202502/P020250207554753674432.pdf	333872	高职专科/教育与体育大类/体育类/570316_体育艺术表演.pdf
高职专科	教育与体育大类	语言类	570201 商务英语	https://www.moe.gov.cn/s78/A07/zcs_ztzl/2017_zt06/17zt06_bznr/bznr_zyjyzyjxbz/gdzyjy_zk/zk_jyytydl/jyytydl_yyl/202502/P020250207554543068266.pdf	348938	高职专科/教育与体育大类/语言类/570201_商务英语.pdf
高职专科	教育与体育大类	语言类	570202 应用英语	https://www.moe.gov.cn/s78/A07/zcs_ztzl/2017_zt06/17zt06_bznr/bznr_zyjyzyjxbz/gdzyjy_zk/zk_jyytydl/jyytydl_yyl/202502/P020250207554325602528.pdf	334527	高职专科/教育与体育大类/语言类/570202_应用英语.pdf
高职专科	教育与体育大类	语言类	570203 旅游英语	https://www.moe.gov.cn/s78/A07/zcs_ztzl/2017_zt06/17zt06_bznr/bznr_zyjyzyjxbz/gdzyjy_zk/zk_jyytydl/jyytydl_yyl/202502/P020250207554206806460.pdf	340579	高职专科/教育与体育大类/语言类/570203_旅游英语.pdf
高职专科	教育与体育大类	语言类	570204 应用韩语	https://www.moe.gov.cn/s78/A07/zcs_ztzl/2017_zt06/17zt06_bznr/bznr_zyjyzyjxbz/gdzyjy_zk/zk_jyytydl/jyytydl_yyl/202502/P020250207554037937743.pdf	338318	高职专科/教育与体育大类/语言类/570204_应用韩语.pdf
高职专科	教育与体育大类	语言类	570205 商务日语	https://www.moe.gov.cn/s78/A07/zcs_ztzl/2017_zt06/17zt06_bznr/bznr_zyjyzyjxbz/gdzyjy_zk/zk_jyytydl/jyytydl_yyl/202502/P020250207553894679190.pdf	344424	高职专科/教育与体育大类/语言类/570205_商务日语.pdf
高职专科	教育与体育大类	语言类	570206 应用日语	https://www.moe.gov.cn/s78/A07/zcs_ztzl/2017_zt06/17zt06_bznr/bznr_zyjyzyjxbz/gdzyjy_zk/zk_jyytydl/jyytydl_yyl/202502/P020250207553725698114.pdf	343250	高职专科/教育与体育大类/语言类/570206_应用日语.pdf
高职专科	教育与体育大类	语言类	570207 旅游日语	https://www.moe.gov.cn/s78/A07/zcs_ztzl/2017_zt06/17zt06_bznr/bznr_zyjyzyjxbz/gdzyjy_zk/zk_jyytydl/jyytydl_yyl/202502/P020250207553577664362.pdf	341774	高职专科/教育与体育大类/语言类/570207_旅游日语.pdf
高职专科	教育与体育大类	语言类	570210 应用俄语	https://www.moe.gov.cn/s78/A07/zcs_ztzl/2017_zt06/17zt06_bznr/bznr_zyjyzyjxbz/gdzyjy_zk/zk_jyytydl/jyytydl_yyl/202502/P020250207553440081615.pdf	340779	高职专科/教育与体育大类/语言类/570210_应用俄语.pdf
高职专科	教育与体育大类	语言类	570211 应用法语	https://www.moe.gov.cn/s78/A07/zcs_ztzl/2017_zt06/17zt06_bznr/bznr_zyjyzyjxbz/gdzyjy_zk/zk_jyytydl/jyytydl_yyl/202502/P020250207553283148114.pdf	337158	高职专科/教育与体育大类/语言类/570211_应用法语.pdf
高职专科	教育与体育大类	语言类	570212 应用西班牙语	https://www.moe.gov.cn/s78/A07/zcs_ztzl/2017_zt06/17zt06_bznr/bznr_zyjyzyjxbz/gdzyjy_zk/zk_jyytydl/jyytydl_yyl/202502/P020250207553125582710.pdf	340094	高职专科/教育与体育大类/语言类/570212_应用西班牙语.pdf
高职专科	教育与体育大类	语言类	570213 应用德语	https://www.moe.gov.cn/s78/A07/zcs_ztzl/2017_zt06/17zt06_bznr/bznr_zyjyzyjxbz/gdzyjy_zk/zk_jyytydl/jyytydl_yyl/202502/P020250207552882455306.pdf	340808	高职专科/教育与体育大类/语言类/570213_应用德语.pdf
高职专科	教育与体育大类	语言类	570214 应用泰语	https://www.moe.gov.cn/s78/A07/zcs_ztzl/2017_zt06/17zt06_bznr/bznr_zyjyzyjxbz/gdzyjy_zk/zk_jyytydl/jyytydl_yyl/202502/P020250207552735872087.pdf	343383	高职专科/教育与体育大类/语言类/570214_应用泰语.pdf
高职专科	教育与体育大类	语言类	570215 应用越南语	https://www.moe.gov.cn/s78/A07/zcs_ztzl/2017_zt06/17zt06_bznr/bznr_zyjyzyjxbz/gdzyjy_zk/zk_jyytydl/jyytydl_yyl/202502/P020250207552588185250.pdf	333418	高职专科/教育与体育大类/语言类/570215_应用越南语.pdf
高职专科	旅游大类	餐饮类	540201 餐饮智能管理	https://www.moe.gov.cn/s78/A07/zcs_ztzl/2017_zt06/17zt06_bznr/bznr_zyjyzyjxbz/gdzyjy_zk/zk_lydl/lydl_cyl/202502/P020250207547330723331.pdf	377236	高职专科/旅游大类/餐饮类/540201_餐饮智能管理.pdf
高职专科	旅游大类	餐饮类	540202 烹饪工艺与营养	https://www.moe.gov.cn/s78/A07/zcs_ztzl/2017_zt06/17zt06_bznr/bznr_zyjyzyjxbz/gdzyjy_zk/zk_lydl/lydl_cyl/202502/P020250207547199067653.pdf	379461	高职专科/旅游大类/餐饮类/540202_烹饪工艺与营养.pdf
高职专科	旅游大类	餐饮类	540203 中西面点工艺	https://www.moe.gov.cn/s78/A07/zcs_ztzl/2017_zt06/17zt06_bznr/bznr_zyjyzyjxbz/gdzyjy_zk/zk_lydl/lydl_cyl/202502/P020250207547062265052.pdf	350200	高职专科/旅游大类/餐饮类/540203_中西面点工艺.pdf
高职专科	旅游大类	餐饮类	540204 西式烹饪工艺	https://www.moe.gov.cn/s78/A07/zcs_ztzl/2017_zt06/17zt06_bznr/bznr_zyjyzyjxbz/gdzyjy_zk/zk_lydl/lydl_cyl/202502/P020250207546934193749.pdf	341535	高职专科/旅游大类/餐饮类/540204_西式烹饪工艺.pdf
高职专科	旅游大类	餐饮类	540205 营养配餐	https://www.moe.gov.cn/s78/A07/zcs_ztzl/2017_zt06/17zt06_bznr/bznr_zyjyzyjxbz/gdzyjy_zk/zk_lydl/lydl_cyl/202502/P020250207546796672533.pdf	401872	高职专科/旅游大类/餐饮类/540205_营养配餐.pdf
高职专科	旅游大类	旅游类	540101 旅游管理	https://www.moe.gov.cn/s78/A07/zcs_ztzl/2017_zt06/17zt06_bznr/bznr_zyjyzyjxbz/gdzyjy_zk/zk_lydl/lydl_lyl/202502/P020250207546565208630.pdf	354624	高职专科/旅游大类/旅游类/540101_旅游管理.pdf
高职专科	旅游大类	旅游类	540102 导游	https://www.moe.gov.cn/s78/A07/zcs_ztzl/2017_zt06/17zt06_bznr/bznr_zyjyzyjxbz/gdzyjy_zk/zk_lydl/lydl_lyl/202502/P020250207546414632408.pdf	340606	高职专科/旅游大类/旅游类/540102_导游.pdf
高职专科	旅游大类	旅游类	540103 旅行社经营与管理	https://www.moe.gov.cn/s78/A07/zcs_ztzl/2017_zt06/17zt06_bznr/bznr_zyjyzyjxbz/gdzyjy_zk/zk_lydl/lydl_lyl/202502/P020250207546276489909.pdf	326803	高职专科/旅游大类/旅游类/540103_旅行社经营与管理.pdf
高职专科	旅游大类	旅游类	540104 定制旅行管理与服务	https://www.moe.gov.cn/s78/A07/zcs_ztzl/2017_zt06/17zt06_bznr/bznr_zyjyzyjxbz/gdzyjy_zk/zk_lydl/lydl_lyl/202502/P020250207546146796713.pdf	351797	高职专科/旅游大类/旅游类/540104_定制旅行管理与服务.pdf
高职专科	旅游大类	旅游类	540105 研学旅行管理与服务	https://www.moe.gov.cn/s78/A07/zcs_ztzl/2017_zt06/17zt06_bznr/bznr_zyjyzyjxbz/gdzyjy_zk/zk_lydl/lydl_lyl/202502/P020250207546004445387.pdf	327077	高职专科/旅游大类/旅游类/540105_研学旅行管理与服务.pdf
高职专科	旅游大类	旅游类	540106 酒店管理与数字化运营	https://www.moe.gov.cn/s78/A07/zcs_ztzl/2017_zt06/17zt06_bznr/bznr_zyjyzyjxbz/gdzyjy_zk/zk_lydl/lydl_lyl/202502/P020250207545833502724.pdf	359505	高职专科/旅游大类/旅游类/540106_酒店管理与数字化运营.pdf
高职专科	旅游大类	旅游类	540107 民宿管理与运营	https://www.moe.gov.cn/s78/A07/zcs_ztzl/2017_zt06/17zt06_bznr/bznr_zyjyzyjxbz/gdzyjy_zk/zk_lydl/lydl_lyl/202502/P020250207545659877782.pdf	341620	高职专科/旅游大类/旅游类/540107_民宿管理与运营.pdf
高职专科	旅游大类	旅游类	540108 葡萄酒文化与营销	https://www.moe.gov.cn/s78/A07/zcs_ztzl/2017_zt06/17zt06_bznr/bznr_zyjyzyjxbz/gdzyjy_zk/zk_lydl/lydl_lyl/202502/P020250207545504669842.pdf	368436	高职专科/旅游大类/旅游类/540108_葡萄酒文化与营销.pdf
高职专科	旅游大类	旅游类	540109 茶艺与茶文化	https://www.moe.gov.cn/s78/A07/zcs_ztzl/2017_zt06/17zt06_bznr/bznr_zyjyzyjxbz/gdzyjy_zk/zk_lydl/lydl_lyl/202502/P020250207545320514690.pdf	325759	高职专科/旅游大类/旅游类/540109_茶艺与茶文化.pdf
高职专科	旅游大类	旅游类	540110 智慧景区开发与管理	https://www.moe.gov.cn/s78/A07/zcs_ztzl/2017_zt06/17zt06_bznr/bznr_zyjyzyjxbz/gdzyjy_zk/zk_lydl/lydl_lyl/202502/P020250207545091577643.pdf	342184	高职专科/旅游大类/旅游类/540110_智慧景区开发与管理.pdf
高职专科	旅游大类	旅游类	540111 智慧旅游技术应用	https://www.moe.gov.cn/s78/A07/zcs_ztzl/2017_zt06/17zt06_bznr/bznr_zyjyzyjxbz/gdzyjy_zk/zk_lydl/lydl_lyl/202502/P020250207544852459145.pdf	339400	高职专科/旅游大类/旅游类/540111_智慧旅游技术应用.pdf
高职专科	旅游大类	旅游类	540112 会展策划与管理	https://www.moe.gov.cn/s78/A07/zcs_ztzl/2017_zt06/17zt06_bznr/bznr_zyjyzyjxbz/gdzyjy_zk/zk_lydl/lydl_lyl/202502/P020250207544713511961.pdf	339468	高职专科/旅游大类/旅游类/540112_会展策划与管理.pdf
高职专科	旅游大类	旅游类	540113 休闲服务与管理	https://www.moe.gov.cn/s78/A07/zcs_ztzl/2017_zt06/17zt06_bznr/bznr_zyjyzyjxbz/gdzyjy_zk/zk_lydl/lydl_lyl/202502/P020250207544557769223.pdf	340424	高职专科/旅游大类/旅游类/540113_休闲服务与管理.pdf
高职专科	农林牧渔大类	林业类	410202 园林技术	https://www.moe.gov.cn/s78/A07/zcs_ztzl/2017_zt06/17zt06_bznr/bznr_zyjyzyjxbz/gdzyjy_zk/zk_nlmydl/nlmydl_lyl/202502/P020250207516722497211.pdf	350057	高职专科/农林牧渔大类/林业类/410202_园林技术.pdf
高职专科	农林牧渔大类	林业类	410204 花卉生产与花艺	https://www.moe.gov.cn/s78/A07/zcs_ztzl/2017_zt06/17zt06_bznr/bznr_zyjyzyjxbz/gdzyjy_zk/zk_nlmydl/nlmydl_lyl/202502/P020250207516003932749.pdf	352943	高职专科/农林牧渔大类/林业类/410204_花卉生产与花艺.pdf
高职专科	农林牧渔大类	林业类	410206 森林和草原资源保护	https://www.moe.gov.cn/s78/A07/zcs_ztzl/2017_zt06/17zt06_bznr/bznr_zyjyzyjxbz/gdzyjy_zk/zk_nlmydl/nlmydl_lyl/202502/P020250207515603921044.pdf	334873	高职专科/农林牧渔大类/林业类/410206_森林和草原资源保护.pdf
高职专科	农林牧渔大类	林业类	410207 林草生态保护与修复	https://www.moe.gov.cn/s78/A07/zcs_ztzl/2017_zt06/17zt06_bznr/bznr_zyjyzyjxbz/gdzyjy_zk/zk_nlmydl/nlmydl_lyl/202502/P020250207515011024367.pdf	358284	高职专科/农林牧渔大类/林业类/410207_林草生态保护与修复.pdf
高职专科	农林牧渔大类	林业类	410210 森林生态旅游与康养	https://www.moe.gov.cn/s78/A07/zcs_ztzl/2017_zt06/17zt06_bznr/bznr_zyjyzyjxbz/gdzyjy_zk/zk_nlmydl/nlmydl_lyl/202502/P020250207514693236940.pdf	325446	高职专科/农林牧渔大类/林业类/410210_森林生态旅游与康养.pdf
高职专科	农林牧渔大类	林业类	410211 林业信息技术应用	https://www.moe.gov.cn/s78/A07/zcs_ztzl/2017_zt06/17zt06_bznr/bznr_zyjyzyjxbz/gdzyjy_zk/zk_nlmydl/nlmydl_lyl/202502/P020250207514387417657.pdf	360504	高职专科/农林牧渔大类/林业类/410211_林业信息技术应用.pdf
高职专科	农林牧渔大类	农业类	410102 作物生产与经营管理	https://www.moe.gov.cn/s78/A07/zcs_ztzl/2017_zt06/17zt06_bznr/bznr_zyjyzyjxbz/gdzyjy_zk/zk_nlmydl/nlmydl_nyl/202502/P020250207513945119934.pdf	360326	高职专科/农林牧渔大类/农业类/410102_作物生产与经营管理.pdf
高职专科	农林牧渔大类	农业类	410103 现代农业技术	https://www.moe.gov.cn/s78/A07/zcs_ztzl/2017_zt06/17zt06_bznr/bznr_zyjyzyjxbz/gdzyjy_zk/zk_nlmydl/nlmydl_nyl/202502/P020250207513521959802.pdf	346701	高职专科/农林牧渔大类/农业类/410103_现代农业技术.pdf
高职专科	农林牧渔大类	农业类	410105 园艺技术	https://www.moe.gov.cn/s78/A07/zcs_ztzl/2017_zt06/17zt06_bznr/bznr_zyjyzyjxbz/gdzyjy_zk/zk_nlmydl/nlmydl_nyl/202502/P020250207513230956686.pdf	359199	高职专科/农林牧渔大类/农业类/410105_园艺技术.pdf
高职专科	农林牧渔大类	农业类	410106 植物保护与检疫技术	https://www.moe.gov.cn/s78/A07/zcs_ztzl/2017_zt06/17zt06_bznr/bznr_zyjyzyjxbz/gdzyjy_zk/zk_nlmydl/nlmydl_nyl/202502/P020250207512973899768.pdf	350803	高职专科/农林牧渔大类/农业类/410106_植物保护与检疫技术.pdf
高职专科	农林牧渔大类	农业类	410107 茶叶生产与加工技术	https://www.moe.gov.cn/s78/A07/zcs_ztzl/2017_zt06/17zt06_bznr/bznr_zyjyzyjxbz/gdzyjy_zk/zk_nlmydl/nlmydl_nyl/202502/P020250207512696920472.pdf	354097	高职专科/农林牧渔大类/农业类/410107_茶叶生产与加工技术.pdf
高职专科	农林牧渔大类	农业类	410108 中草药栽培与加工技术	https://www.moe.gov.cn/s78/A07/zcs_ztzl/2017_zt06/17zt06_bznr/bznr_zyjyzyjxbz/gdzyjy_zk/zk_nlmydl/nlmydl_nyl/202502/P020250207512401962606.pdf	421542	高职专科/农林牧渔大类/农业类/410108_中草药栽培与加工技术.pdf
高职专科	农林牧渔大类	农业类	410110 饲草生产技术	https://www.moe.gov.cn/s78/A07/zcs_ztzl/2017_zt06/17zt06_bznr/bznr_zyjyzyjxbz/gdzyjy_zk/zk_nlmydl/nlmydl_nyl/202502/P020250207512172891498.pdf	352203	高职专科/农林牧渔大类/农业类/410110_饲草生产技术.pdf
高职专科	农林牧渔大类	农业类	410111 食用菌生产与加工技术	https://www.moe.gov.cn/s78/A07/zcs_ztzl/2017_zt06/17zt06_bznr/bznr_zyjyzyjxbz/gdzyjy_zk/zk_nlmydl/nlmydl_nyl/202502/P020250207511953262900.pdf	367720	高职专科/农林牧渔大类/农业类/410111_食用菌生产与加工技术.pdf
高职专科	农林牧渔大类	农业类	410113 现代农业装备应用技术	https://www.moe.gov.cn/s78/A07/zcs_ztzl/2017_zt06/17zt06_bznr/bznr_zyjyzyjxbz/gdzyjy_zk/zk_nlmydl/nlmydl_nyl/202502/P020250207511722416713.pdf	351101	高职专科/农林牧渔大类/农业类/410113_现代农业装备应用技术.pdf
高职专科	农林牧渔大类	农业类	410114 农产品加工与质量检测	https://www.moe.gov.cn/s78/A07/zcs_ztzl/2017_zt06/17zt06_bznr/bznr_zyjyzyjxbz/gdzyjy_zk/zk_nlmydl/nlmydl_nyl/202502/P020250207511451306420.pdf	376051	高职专科/农林牧渔大类/农业类/410114_农产品加工与质量检测.pdf
高职专科	农林牧渔大类	农业类	410115 绿色食品生产技术	https://www.moe.gov.cn/s78/A07/zcs_ztzl/2017_zt06/17zt06_bznr/bznr_zyjyzyjxbz/gdzyjy_zk/zk_nlmydl/nlmydl_nyl/202502/P020250207511163141253.pdf	362715	高职专科/农林牧渔大类/农业类/410115_绿色食品生产技术.pdf
高职专科	农林牧渔大类	农业类	410117 棉花加工与经营管理	https://www.moe.gov.cn/s78/A07/zcs_ztzl/2017_zt06/17zt06_bznr/bznr_zyjyzyjxbz/gdzyjy_zk/zk_nlmydl/nlmydl_nyl/202502/P020250207510877860624.pdf	338794	高职专科/农林牧渔大类/农业类/410117_棉花加工与经营管理.pdf
高职专科	农林牧渔大类	农业类	410118 休闲农业经营与管理	https://www.moe.gov.cn/s78/A07/zcs_ztzl/2017_zt06/17zt06_bznr/bznr_zyjyzyjxbz/gdzyjy_zk/zk_nlmydl/nlmydl_nyl/202502/P020250207510428642862.pdf	357252	高职专科/农林牧渔大类/农业类/410118_休闲农业经营与管理.pdf
高职专科	农林牧渔大类	农业类	410119 现代农业经济管理	https://www.moe.gov.cn/s78/A07/zcs_ztzl/2017_zt06/17zt06_bznr/bznr_zyjyzyjxbz/gdzyjy_zk/zk_nlmydl/nlmydl_nyl/202502/P020250207510107617427.pdf	349652	高职专科/农林牧渔大类/农业类/410119_现代农业经济管理.pdf
高职专科	农林牧渔大类	农业类	410120 农村新型经济组织管理	https://www.moe.gov.cn/s78/A07/zcs_ztzl/2017_zt06/17zt06_bznr/bznr_zyjyzyjxbz/gdzyjy_zk/zk_nlmydl/nlmydl_nyl/202502/P020250207509130045237.pdf	352669	高职专科/农林牧渔大类/农业类/410120_农村新型经济组织管理.pdf
高职专科	农林牧渔大类	畜牧业类	410301 动物医学	https://www.moe.gov.cn/s78/A07/zcs_ztzl/2017_zt06/17zt06_bznr/bznr_zyjyzyjxbz/gdzyjy_zk/zk_nlmydl/nlmydl_xmyl/202502/P020250207521200573443.pdf	363563	高职专科/农林牧渔大类/畜牧业类/410301_动物医学.pdf
高职专科	农林牧渔大类	畜牧业类	410302 动物药学	https://www.moe.gov.cn/s78/A07/zcs_ztzl/2017_zt06/17zt06_bznr/bznr_zyjyzyjxbz/gdzyjy_zk/zk_nlmydl/nlmydl_xmyl/202502/P020250207520898037685.pdf	358917	高职专科/农林牧渔大类/畜牧业类/410302_动物药学.pdf
高职专科	农林牧渔大类	畜牧业类	410303 畜牧兽医	https://www.moe.gov.cn/s78/A07/zcs_ztzl/2017_zt06/17zt06_bznr/bznr_zyjyzyjxbz/gdzyjy_zk/zk_nlmydl/nlmydl_xmyl/202502/P020250207520502285384.pdf	354889	高职专科/农林牧渔大类/畜牧业类/410303_畜牧兽医.pdf
高职专科	农林牧渔大类	畜牧业类	410304 中兽医	https://www.moe.gov.cn/s78/A07/zcs_ztzl/2017_zt06/17zt06_bznr/bznr_zyjyzyjxbz/gdzyjy_zk/zk_nlmydl/nlmydl_xmyl/202502/P020250207520234679268.pdf	363954	高职专科/农林牧渔大类/畜牧业类/410304_中兽医.pdf
高职专科	农林牧渔大类	畜牧业类	410305 宠物医疗技术	https://www.moe.gov.cn/s78/A07/zcs_ztzl/2017_zt06/17zt06_bznr/bznr_zyjyzyjxbz/gdzyjy_zk/zk_nlmydl/nlmydl_xmyl/202502/P020250207519926085986.pdf	353115	高职专科/农林牧渔大类/畜牧业类/410305_宠物医疗技术.pdf
高职专科	农林牧渔大类	畜牧业类	410307 畜禽智能化养殖	https://www.moe.gov.cn/s78/A07/zcs_ztzl/2017_zt06/17zt06_bznr/bznr_zyjyzyjxbz/gdzyjy_zk/zk_nlmydl/nlmydl_xmyl/202502/P020250207518554453309.pdf	363319	高职专科/农林牧渔大类/畜牧业类/410307_畜禽智能化养殖.pdf
高职专科	农林牧渔大类	畜牧业类	410309 宠物养护与驯导	https://www.moe.gov.cn/s78/A07/zcs_ztzl/2017_zt06/17zt06_bznr/bznr_zyjyzyjxbz/gdzyjy_zk/zk_nlmydl/nlmydl_xmyl/202502/P020250207517907799582.pdf	384107	高职专科/农林牧渔大类/畜牧业类/410309_宠物养护与驯导.pdf
高职专科	农林牧渔大类	畜牧业类	410310 动物营养与饲料	https://www.moe.gov.cn/s78/A07/zcs_ztzl/2017_zt06/17zt06_bznr/bznr_zyjyzyjxbz/gdzyjy_zk/zk_nlmydl/nlmydl_xmyl/202502/P020250207517552032356.pdf	345579	高职专科/农林牧渔大类/畜牧业类/410310_动物营养与饲料.pdf
高职专科	农林牧渔大类	渔业类	410401 水产养殖技术	https://www.moe.gov.cn/s78/A07/zcs_ztzl/2017_zt06/17zt06_bznr/bznr_zyjyzyjxbz/gdzyjy_zk/zk_nlmydl/nlmydl_yyl/202502/P020250207521749752647.pdf	351717	高职专科/农林牧渔大类/渔业类/410401_水产养殖技术.pdf
高职专科	轻工纺织大类	纺织服装类	480402 服装设计与工艺	https://www.moe.gov.cn/s78/A07/zcs_ztzl/2017_zt06/17zt06_bznr/bznr_zyjyzyjxbz/gdzyjy_zk/zk_qgfzdl/qgfzdl_fzfzl/202502/P020250207524541432409.pdf	336467	高职专科/轻工纺织大类/纺织服装类/480402_服装设计与工艺.pdf
高职专科	轻工纺织大类	纺织服装类	480405 数字化染整技术	https://www.moe.gov.cn/s78/A07/zcs_ztzl/2017_zt06/17zt06_bznr/bznr_zyjyzyjxbz/gdzyjy_zk/zk_qgfzdl/qgfzdl_fzfzl/202502/P020250207524295140566.pdf	358571	高职专科/轻工纺织大类/纺织服装类/480405_数字化染整技术.pdf
高职专科	轻工纺织大类	纺织服装类	480409 现代非织造技术	https://www.moe.gov.cn/s78/A07/zcs_ztzl/2017_zt06/17zt06_bznr/bznr_zyjyzyjxbz/gdzyjy_zk/zk_qgfzdl/qgfzdl_fzfzl/202502/P020250207524087593358.pdf	342420	高职专科/轻工纺织大类/纺织服装类/480409_现代非织造技术.pdf
高职专科	轻工纺织大类	轻化工类	480103 家具设计与制造	https://www.moe.gov.cn/s78/A07/zcs_ztzl/2017_zt06/17zt06_bznr/bznr_zyjyzyjxbz/gdzyjy_zk/zk_qgfzdl/qgfzdl_qhgl/202502/P020250207523063727447.pdf	335212	高职专科/轻工纺织大类/轻化工类/480103_家具设计与制造.pdf
高职专科	轻工纺织大类	轻化工类	480108 皮具制作与工艺	https://www.moe.gov.cn/s78/A07/zcs_ztzl/2017_zt06/17zt06_bznr/bznr_zyjyzyjxbz/gdzyjy_zk/zk_qgfzdl/qgfzdl_qhgl/202502/P020250207522833678064.pdf	321362	高职专科/轻工纺织大类/轻化工类/480108_皮具制作与工艺.pdf
高职专科	轻工纺织大类	印刷类	480302 印刷媒体技术	https://www.moe.gov.cn/s78/A07/zcs_ztzl/2017_zt06/17zt06_bznr/bznr_zyjyzyjxbz/gdzyjy_zk/zk_qgfzdl/qgfzdl_ysl/202502/P020250207523665789782.pdf	371724	高职专科/轻工纺织大类/印刷类/480302_印刷媒体技术.pdf
高职专科	轻工纺织大类	印刷类	480303 印刷数字图文技术	https://www.moe.gov.cn/s78/A07/zcs_ztzl/2017_zt06/17zt06_bznr/bznr_zyjyzyjxbz/gdzyjy_zk/zk_qgfzdl/qgfzdl_ysl/202502/P020250207523461026882.pdf	344923	高职专科/轻工纺织大类/印刷类/480303_印刷数字图文技术.pdf
高职专科	水利大类	水利工程与管理类	450202 智慧水利技术	https://www.moe.gov.cn/s78/A07/zcs_ztzl/2017_zt06/17zt06_bznr/bznr_zyjyzyjxbz/gdzyjy_zk/zk_sldl/sldl_slgcygll/202502/P020250207516627589995.pdf	354173	高职专科/水利大类/水利工程与管理类/450202_智慧水利技术.pdf
高职专科	水利大类	水利工程与管理类	450204 水利水电工程智能管理	https://www.moe.gov.cn/s78/A07/zcs_ztzl/2017_zt06/17zt06_bznr/bznr_zyjyzyjxbz/gdzyjy_zk/zk_sldl/sldl_slgcygll/202502/P020250207516497382379.pdf	346756	高职专科/水利大类/水利工程与管理类/450204_水利水电工程智能管理.pdf
高职专科	水利大类	水利工程与管理类	450208 智能水务管理	https://www.moe.gov.cn/s78/A07/zcs_ztzl/2017_zt06/17zt06_bznr/bznr_zyjyzyjxbz/gdzyjy_zk/zk_sldl/sldl_slgcygll/202502/P020250207516352947557.pdf	332832	高职专科/水利大类/水利工程与管理类/450208_智能水务管理.pdf
高职专科	水利大类	水土保持与水环境类	450401 水土保持技术	https://www.moe.gov.cn/s78/A07/zcs_ztzl/2017_zt06/17zt06_bznr/bznr_zyjyzyjxbz/gdzyjy_zk/zk_sldl/sldl_stbcyshjl/202502/P020250207517066279124.pdf	337911	高职专科/水利大类/水土保持与水环境类/450401_水土保持技术.pdf
高职专科	水利大类	水土保持与水环境类	450403 水生态修复技术	https://www.moe.gov.cn/s78/A07/zcs_ztzl/2017_zt06/17zt06_bznr/bznr_zyjyzyjxbz/gdzyjy_zk/zk_sldl/sldl_stbcyshjl/202502/P020250207516907205219.pdf	356575	高职专科/水利大类/水土保持与水环境类/450403_水生态修复技术.pdf
高职专科	水利大类	水文水资源类	450101 水文与水资源技术	https://www.moe.gov.cn/s78/A07/zcs_ztzl/2017_zt06/17zt06_bznr/bznr_zyjyzyjxbz/gdzyjy_zk/zk_sldl/sldl_swszyl/202502/P020250207516158708849.pdf	345676	高职专科/水利大类/水文水资源类/450101_水文与水资源技术.pdf
高职专科	食品药品与粮食大类	粮食类	490301 粮食工程技术与管理	https://www.moe.gov.cn/s78/A07/zcs_ztzl/2017_zt06/17zt06_bznr/bznr_zyjyzyjxbz/gdzyjy_zk/zk_spypylsdl/spypylsdl_lsl/202502/P020250207530692988770.pdf	366289	高职专科/食品药品与粮食大类/粮食类/490301_粮食工程技术与管理.pdf
高职专科	食品药品与粮食大类	粮食类	490302 粮食储运与质量安全	https://www.moe.gov.cn/s78/A07/zcs_ztzl/2017_zt06/17zt06_bznr/bznr_zyjyzyjxbz/gdzyjy_zk/zk_spypylsdl/spypylsdl_lsl/202502/P020250207530462034658.pdf	358622	高职专科/食品药品与粮食大类/粮食类/490302_粮食储运与质量安全.pdf
高职专科	食品药品与粮食大类	食品类	490101 食品智能加工技术	https://www.moe.gov.cn/s78/A07/zcs_ztzl/2017_zt06/17zt06_bznr/bznr_zyjyzyjxbz/gdzyjy_zk/zk_spypylsdl/spypylsdl_spl/202502/P020250207526318199733.pdf	379682	高职专科/食品药品与粮食大类/食品类/490101_食品智能加工技术.pdf
高职专科	食品药品与粮食大类	食品类	490102 食品质量与安全	https://www.moe.gov.cn/s78/A07/zcs_ztzl/2017_zt06/17zt06_bznr/bznr_zyjyzyjxbz/gdzyjy_zk/zk_spypylsdl/spypylsdl_spl/202502/P020250207526074646023.pdf	365888	高职专科/食品药品与粮食大类/食品类/490102_食品质量与安全.pdf
高职专科	食品药品与粮食大类	食品类	490103 食品营养与健康	https://www.moe.gov.cn/s78/A07/zcs_ztzl/2017_zt06/17zt06_bznr/bznr_zyjyzyjxbz/gdzyjy_zk/zk_spypylsdl/spypylsdl_spl/202502/P020250207525797928021.pdf	364675	高职专科/食品药品与粮食大类/食品类/490103_食品营养与健康.pdf
高职专科	食品药品与粮食大类	食品类	490104 食品检验检测技术	https://www.moe.gov.cn/s78/A07/zcs_ztzl/2017_zt06/17zt06_bznr/bznr_zyjyzyjxbz/gdzyjy_zk/zk_spypylsdl/spypylsdl_spl/202502/P020250207525558989236.pdf	365780	高职专科/食品药品与粮食大类/食品类/490104_食品检验检测技术.pdf
高职专科	食品药品与粮食大类	药品与医疗器械类	490201 药品生产技术	https://www.moe.gov.cn/s78/A07/zcs_ztzl/2017_zt06/17zt06_bznr/bznr_zyjyzyjxbz/gdzyjy_zk/zk_spypylsdl/spypylsdl_ypyylqxl/202502/P020250207529914464449.pdf	355050	高职专科/食品药品与粮食大类/药品与医疗器械类/490201_药品生产技术.pdf
高职专科	食品药品与粮食大类	药品与医疗器械类	490202 生物制药技术	https://www.moe.gov.cn/s78/A07/zcs_ztzl/2017_zt06/17zt06_bznr/bznr_zyjyzyjxbz/gdzyjy_zk/zk_spypylsdl/spypylsdl_ypyylqxl/202502/P020250207529694641840.pdf	362086	高职专科/食品药品与粮食大类/药品与医疗器械类/490202_生物制药技术.pdf
高职专科	食品药品与粮食大类	药品与医疗器械类	490203 药物制剂技术	https://www.moe.gov.cn/s78/A07/zcs_ztzl/2017_zt06/17zt06_bznr/bznr_zyjyzyjxbz/gdzyjy_zk/zk_spypylsdl/spypylsdl_ypyylqxl/202502/P020250207529491755456.pdf	333174	高职专科/食品药品与粮食大类/药品与医疗器械类/490203_药物制剂技术.pdf
高职专科	食品药品与粮食大类	药品与医疗器械类	490204 化学制药技术	https://www.moe.gov.cn/s78/A07/zcs_ztzl/2017_zt06/17zt06_bznr/bznr_zyjyzyjxbz/gdzyjy_zk/zk_spypylsdl/spypylsdl_ypyylqxl/202502/P020250207529277642915.pdf	357083	高职专科/食品药品与粮食大类/药品与医疗器械类/490204_化学制药技术.pdf
高职专科	食品药品与粮食大类	药品与医疗器械类	490206 药品质量与安全	https://www.moe.gov.cn/s78/A07/zcs_ztzl/2017_zt06/17zt06_bznr/bznr_zyjyzyjxbz/gdzyjy_zk/zk_spypylsdl/spypylsdl_ypyylqxl/202502/P020250207529055295257.pdf	347867	高职专科/食品药品与粮食大类/药品与医疗器械类/490206_药品质量与安全.pdf
高职专科	食品药品与粮食大类	药品与医疗器械类	490207 制药设备应用技术	https://www.moe.gov.cn/s78/A07/zcs_ztzl/2017_zt06/17zt06_bznr/bznr_zyjyzyjxbz/gdzyjy_zk/zk_spypylsdl/spypylsdl_ypyylqxl/202502/P020250207528847078464.pdf	348871	高职专科/食品药品与粮食大类/药品与医疗器械类/490207_制药设备应用技术.pdf
高职专科	食品药品与粮食大类	药品与医疗器械类	490208 药品经营与管理	https://www.moe.gov.cn/s78/A07/zcs_ztzl/2017_zt06/17zt06_bznr/bznr_zyjyzyjxbz/gdzyjy_zk/zk_spypylsdl/spypylsdl_ypyylqxl/202502/P020250207528635083862.pdf	352848	高职专科/食品药品与粮食大类/药品与医疗器械类/490208_药品经营与管理.pdf
高职专科	食品药品与粮食大类	药品与医疗器械类	490209 食品药品监督管理	https://www.moe.gov.cn/s78/A07/zcs_ztzl/2017_zt06/17zt06_bznr/bznr_zyjyzyjxbz/gdzyjy_zk/zk_spypylsdl/spypylsdl_ypyylqxl/202502/P020250207528394815234.pdf	346097	高职专科/食品药品与粮食大类/药品与医疗器械类/490209_食品药品监督管理.pdf
高职专科	食品药品与粮食大类	药品与医疗器械类	490210 智能医疗装备技术	https://www.moe.gov.cn/s78/A07/zcs_ztzl/2017_zt06/17zt06_bznr/bznr_zyjyzyjxbz/gdzyjy_zk/zk_spypylsdl/spypylsdl_ypyylqxl/202502/P020250207527864807640.pdf	339093	高职专科/食品药品与粮食大类/药品与医疗器械类/490210_智能医疗装备技术.pdf
高职专科	食品药品与粮食大类	药品与医疗器械类	490211 医用电子仪器技术	https://www.moe.gov.cn/s78/A07/zcs_ztzl/2017_zt06/17zt06_bznr/bznr_zyjyzyjxbz/gdzyjy_zk/zk_spypylsdl/spypylsdl_ypyylqxl/202502/P020250207527622952545.pdf	332834	高职专科/食品药品与粮食大类/药品与医疗器械类/490211_医用电子仪器技术.pdf
高职专科	食品药品与粮食大类	药品与医疗器械类	490214 医疗器械经营与服务	https://www.moe.gov.cn/s78/A07/zcs_ztzl/2017_zt06/17zt06_bznr/bznr_zyjyzyjxbz/gdzyjy_zk/zk_spypylsdl/spypylsdl_ypyylqxl/202502/P020250207527346501536.pdf	344456	高职专科/食品药品与粮食大类/药品与医疗器械类/490214_医疗器械经营与服务.pdf
高职专科	食品药品与粮食大类	药品与医疗器械类	490215 康复工程技术	https://www.moe.gov.cn/s78/A07/zcs_ztzl/2017_zt06/17zt06_bznr/bznr_zyjyzyjxbz/gdzyjy_zk/zk_spypylsdl/spypylsdl_ypyylqxl/202502/P020250207527130502451.pdf	336150	高职专科/食品药品与粮食大类/药品与医疗器械类/490215_康复工程技术.pdf
高职专科	食品药品与粮食大类	药品与医疗器械类	490218 化妆品质量与安全	https://www.moe.gov.cn/s78/A07/zcs_ztzl/2017_zt06/17zt06_bznr/bznr_zyjyzyjxbz/gdzyjy_zk/zk_spypylsdl/spypylsdl_ypyylqxl/202502/P020250207526886676706.pdf	357295	高职专科/食品药品与粮食大类/药品与医疗器械类/490218_化妆品质量与安全.pdf
高职专科	土木建筑大类	城乡规划与管理类	440201 城乡规划	https://www.moe.gov.cn/s78/A07/zcs_ztzl/2017_zt06/17zt06_bznr/bznr_zyjyzyjxbz/gdzyjy_zk/zk_tmjzdl/tmjzdl_cxghygll/202502/P020250207512125239738.pdf	346364	高职专科/土木建筑大类/城乡规划与管理类/440201_城乡规划.pdf
高职专科	土木建筑大类	城乡规划与管理类	440202 智慧城市管理技术	https://www.moe.gov.cn/s78/A07/zcs_ztzl/2017_zt06/17zt06_bznr/bznr_zyjyzyjxbz/gdzyjy_zk/zk_tmjzdl/tmjzdl_cxghygll/202502/P020250207511944433089.pdf	386625	高职专科/土木建筑大类/城乡规划与管理类/440202_智慧城市管理技术.pdf
高职专科	土木建筑大类	房地产类	440701 房地产经营与管理	https://www.moe.gov.cn/s78/A07/zcs_ztzl/2017_zt06/17zt06_bznr/bznr_zyjyzyjxbz/gdzyjy_zk/zk_tmjzdl/tmjzdl_fdcl/202502/P020250207515780960229.pdf	337753	高职专科/土木建筑大类/房地产类/440701_房地产经营与管理.pdf
高职专科	土木建筑大类	房地产类	440702 房地产智能检测与估价	https://www.moe.gov.cn/s78/A07/zcs_ztzl/2017_zt06/17zt06_bznr/bznr_zyjyzyjxbz/gdzyjy_zk/zk_tmjzdl/tmjzdl_fdcl/202502/P020250207515610905061.pdf	345012	高职专科/土木建筑大类/房地产类/440702_房地产智能检测与估价.pdf
高职专科	土木建筑大类	房地产类	440703 现代物业管理	https://www.moe.gov.cn/s78/A07/zcs_ztzl/2017_zt06/17zt06_bznr/bznr_zyjyzyjxbz/gdzyjy_zk/zk_tmjzdl/tmjzdl_fdcl/202502/P020250207515446679094.pdf	353481	高职专科/土木建筑大类/房地产类/440703_现代物业管理.pdf
高职专科	土木建筑大类	建设工程管理类	440501 工程造价	https://www.moe.gov.cn/s78/A07/zcs_ztzl/2017_zt06/17zt06_bznr/bznr_zyjyzyjxbz/gdzyjy_zk/zk_tmjzdl/tmjzdl_jsgcgll/202502/P020250207514680118756.pdf	331414	高职专科/土木建筑大类/建设工程管理类/440501_工程造价.pdf
高职专科	土木建筑大类	建设工程管理类	440502 建设工程管理	https://www.moe.gov.cn/s78/A07/zcs_ztzl/2017_zt06/17zt06_bznr/bznr_zyjyzyjxbz/gdzyjy_zk/zk_tmjzdl/tmjzdl_jsgcgll/202502/P020250207514340063467.pdf	343164	高职专科/土木建筑大类/建设工程管理类/440502_建设工程管理.pdf
高职专科	土木建筑大类	建设工程管理类	440503 建筑经济信息化管理	https://www.moe.gov.cn/s78/A07/zcs_ztzl/2017_zt06/17zt06_bznr/bznr_zyjyzyjxbz/gdzyjy_zk/zk_tmjzdl/tmjzdl_jsgcgll/202502/P020250207514123904563.pdf	331744	高职专科/土木建筑大类/建设工程管理类/440503_建筑经济信息化管理.pdf
高职专科	土木建筑大类	建设工程管理类	440504 建设工程监理	https://www.moe.gov.cn/s78/A07/zcs_ztzl/2017_zt06/17zt06_bznr/bznr_zyjyzyjxbz/gdzyjy_zk/zk_tmjzdl/tmjzdl_jsgcgll/202502/P020250207513958155811.pdf	339618	高职专科/土木建筑大类/建设工程管理类/440504_建设工程监理.pdf
高职专科	土木建筑大类	建筑设备类	440404 建筑智能化工程技术	https://www.moe.gov.cn/s78/A07/zcs_ztzl/2017_zt06/17zt06_bznr/bznr_zyjyzyjxbz/gdzyjy_zk/zk_tmjzdl/tmjzdl_jzsbl/202502/P020250207513618372652.pdf	346972	高职专科/土木建筑大类/建筑设备类/440404_建筑智能化工程技术.pdf
高职专科	土木建筑大类	建筑设备类	440406 建筑消防技术	https://www.moe.gov.cn/s78/A07/zcs_ztzl/2017_zt06/17zt06_bznr/bznr_zyjyzyjxbz/gdzyjy_zk/zk_tmjzdl/tmjzdl_jzsbl/202502/P020250207513457532878.pdf	349931	高职专科/土木建筑大类/建筑设备类/440406_建筑消防技术.pdf
高职专科	土木建筑大类	建筑设计类	440101 建筑设计	https://www.moe.gov.cn/s78/A07/zcs_ztzl/2017_zt06/17zt06_bznr/bznr_zyjyzyjxbz/gdzyjy_zk/zk_tmjzdl/tmjzdl_jzsjl/202502/P020250207511714826105.pdf	341927	高职专科/土木建筑大类/建筑设计类/440101_建筑设计.pdf
高职专科	土木建筑大类	建筑设计类	440102 建筑装饰工程技术	https://www.moe.gov.cn/s78/A07/zcs_ztzl/2017_zt06/17zt06_bznr/bznr_zyjyzyjxbz/gdzyjy_zk/zk_tmjzdl/tmjzdl_jzsjl/202502/P020250207511550044763.pdf	338132	高职专科/土木建筑大类/建筑设计类/440102_建筑装饰工程技术.pdf
高职专科	土木建筑大类	建筑设计类	440104 园林工程技术	https://www.moe.gov.cn/s78/A07/zcs_ztzl/2017_zt06/17zt06_bznr/bznr_zyjyzyjxbz/gdzyjy_zk/zk_tmjzdl/tmjzdl_jzsjl/202502/P020250207511303403849.pdf	318320	高职专科/土木建筑大类/建筑设计类/440104_园林工程技术.pdf
高职专科	土木建筑大类	建筑设计类	440105 风景园林设计	https://www.moe.gov.cn/s78/A07/zcs_ztzl/2017_zt06/17zt06_bznr/bznr_zyjyzyjxbz/gdzyjy_zk/zk_tmjzdl/tmjzdl_jzsjl/202502/P020250207511147379970.pdf	332556	高职专科/土木建筑大类/建筑设计类/440105_风景园林设计.pdf
高职专科	土木建筑大类	建筑设计类	440106 建筑室内设计	https://www.moe.gov.cn/s78/A07/zcs_ztzl/2017_zt06/17zt06_bznr/bznr_zyjyzyjxbz/gdzyjy_zk/zk_tmjzdl/tmjzdl_jzsjl/202502/P020250207510956512603.pdf	348770	高职专科/土木建筑大类/建筑设计类/440106_建筑室内设计.pdf
高职专科	土木建筑大类	建筑设计类	440107 建筑动画技术	https://www.moe.gov.cn/s78/A07/zcs_ztzl/2017_zt06/17zt06_bznr/bznr_zyjyzyjxbz/gdzyjy_zk/zk_tmjzdl/tmjzdl_jzsjl/202502/P020250207510684748451.pdf	312568	高职专科/土木建筑大类/建筑设计类/440107_建筑动画技术.pdf
高职专科	土木建筑大类	市政工程类	440601 市政工程技术	https://www.moe.gov.cn/s78/A07/zcs_ztzl/2017_zt06/17zt06_bznr/bznr_zyjyzyjxbz/gdzyjy_zk/zk_tmjzdl/tmjzdl_szgcl/202502/P020250207515254075781.pdf	348152	高职专科/土木建筑大类/市政工程类/440601_市政工程技术.pdf
高职专科	土木建筑大类	市政工程类	440604 市政管网智能检测与维护	https://www.moe.gov.cn/s78/A07/zcs_ztzl/2017_zt06/17zt06_bznr/bznr_zyjyzyjxbz/gdzyjy_zk/zk_tmjzdl/tmjzdl_szgcl/202502/P020250207514909523369.pdf	344756	高职专科/土木建筑大类/市政工程类/440604_市政管网智能检测与维护.pdf
高职专科	土木建筑大类	土建施工类	440301 建筑工程技术	https://www.moe.gov.cn/s78/A07/zcs_ztzl/2017_zt06/17zt06_bznr/bznr_zyjyzyjxbz/gdzyjy_zk/zk_tmjzdl/tmjzdl_tjsgl/202502/P020250207513243977643.pdf	338797	高职专科/土木建筑大类/土建施工类/440301_建筑工程技术.pdf
高职专科	土木建筑大类	土建施工类	440302 装配式建筑工程技术	https://www.moe.gov.cn/s78/A07/zcs_ztzl/2017_zt06/17zt06_bznr/bznr_zyjyzyjxbz/gdzyjy_zk/zk_tmjzdl/tmjzdl_tjsgl/202502/P020250207513100241395.pdf	339076	高职专科/土木建筑大类/土建施工类/440302_装配式建筑工程技术.pdf
高职专科	土木建筑大类	土建施工类	440303 建筑钢结构工程技术	https://www.moe.gov.cn/s78/A07/zcs_ztzl/2017_zt06/17zt06_bznr/bznr_zyjyzyjxbz/gdzyjy_zk/zk_tmjzdl/tmjzdl_tjsgl/202502/P020250207512938561499.pdf	342021	高职专科/土木建筑大类/土建施工类/440303_建筑钢结构工程技术.pdf
高职专科	土木建筑大类	土建施工类	440304 智能建造技术	https://www.moe.gov.cn/s78/A07/zcs_ztzl/2017_zt06/17zt06_bznr/bznr_zyjyzyjxbz/gdzyjy_zk/zk_tmjzdl/tmjzdl_tjsgl/202502/P020250207512764318855.pdf	340449	高职专科/土木建筑大类/土建施工类/440304_智能建造技术.pdf
高职专科	土木建筑大类	土建施工类	440305 地下与隧道工程技术	https://www.moe.gov.cn/s78/A07/zcs_ztzl/2017_zt06/17zt06_bznr/bznr_zyjyzyjxbz/gdzyjy_zk/zk_tmjzdl/tmjzdl_tjsgl/202502/P020250207512579714743.pdf	390381	高职专科/土木建筑大类/土建施工类/440305_地下与隧道工程技术.pdf
高职专科	土木建筑大类	土建施工类	440306 土木工程检测技术	https://www.moe.gov.cn/s78/A07/zcs_ztzl/2017_zt06/17zt06_bznr/bznr_zyjyzyjxbz/gdzyjy_zk/zk_tmjzdl/tmjzdl_tjsgl/202502/P020250207512418461477.pdf	351348	高职专科/土木建筑大类/土建施工类/440306_土木工程检测技术.pdf
高职专科	文化艺术大类	表演艺术类	550201 音乐表演	https://www.moe.gov.cn/s78/A07/zcs_ztzl/2017_zt06/17zt06_bznr/bznr_zyjyzyjxbz/gdzyjy_zk/zk_whysdl/whysdl_byysl/202502/P020250207558813638310.pdf	352052	高职专科/文化艺术大类/表演艺术类/550201_音乐表演.pdf
高职专科	文化艺术大类	表演艺术类	550202 舞蹈表演	https://www.moe.gov.cn/s78/A07/zcs_ztzl/2017_zt06/17zt06_bznr/bznr_zyjyzyjxbz/gdzyjy_zk/zk_whysdl/whysdl_byysl/202502/P020250207558625464122.pdf	342255	高职专科/文化艺术大类/表演艺术类/550202_舞蹈表演.pdf
高职专科	文化艺术大类	表演艺术类	550204 表演艺术	https://www.moe.gov.cn/s78/A07/zcs_ztzl/2017_zt06/17zt06_bznr/bznr_zyjyzyjxbz/gdzyjy_zk/zk_whysdl/whysdl_byysl/202502/P020250207558372699135.pdf	355308	高职专科/文化艺术大类/表演艺术类/550204_表演艺术.pdf
高职专科	文化艺术大类	表演艺术类	550205 戏剧影视表演	https://www.moe.gov.cn/s78/A07/zcs_ztzl/2017_zt06/17zt06_bznr/bznr_zyjyzyjxbz/gdzyjy_zk/zk_whysdl/whysdl_byysl/202502/P020250207558168123103.pdf	331402	高职专科/文化艺术大类/表演艺术类/550205_戏剧影视表演.pdf
高职专科	文化艺术大类	表演艺术类	550206 歌舞表演	https://www.moe.gov.cn/s78/A07/zcs_ztzl/2017_zt06/17zt06_bznr/bznr_zyjyzyjxbz/gdzyjy_zk/zk_whysdl/whysdl_byysl/202502/P020250207557944541064.pdf	335433	高职专科/文化艺术大类/表演艺术类/550206_歌舞表演.pdf
高职专科	文化艺术大类	表演艺术类	550209 国际标准舞	https://www.moe.gov.cn/s78/A07/zcs_ztzl/2017_zt06/17zt06_bznr/bznr_zyjyzyjxbz/gdzyjy_zk/zk_whysdl/whysdl_byysl/202502/P020250207557729217198.pdf	343958	高职专科/文化艺术大类/表演艺术类/550209_国际标准舞.pdf
高职专科	文化艺术大类	表演艺术类	550210 现代流行音乐	https://www.moe.gov.cn/s78/A07/zcs_ztzl/2017_zt06/17zt06_bznr/bznr_zyjyzyjxbz/gdzyjy_zk/zk_whysdl/whysdl_byysl/202502/P020250207557419914306.pdf	373854	高职专科/文化艺术大类/表演艺术类/550210_现代流行音乐.pdf
高职专科	文化艺术大类	表演艺术类	550211 戏曲音乐	https://www.moe.gov.cn/s78/A07/zcs_ztzl/2017_zt06/17zt06_bznr/bznr_zyjyzyjxbz/gdzyjy_zk/zk_whysdl/whysdl_byysl/202502/P020250207557201159386.pdf	334060	高职专科/文化艺术大类/表演艺术类/550211_戏曲音乐.pdf
高职专科	文化艺术大类	表演艺术类	550212 音乐制作	https://www.moe.gov.cn/s78/A07/zcs_ztzl/2017_zt06/17zt06_bznr/bznr_zyjyzyjxbz/gdzyjy_zk/zk_whysdl/whysdl_byysl/202502/P020250207556965399714.pdf	333742	高职专科/文化艺术大类/表演艺术类/550212_音乐制作.pdf
高职专科	文化艺术大类	表演艺术类	550214 钢琴调律	https://www.moe.gov.cn/s78/A07/zcs_ztzl/2017_zt06/17zt06_bznr/bznr_zyjyzyjxbz/gdzyjy_zk/zk_whysdl/whysdl_byysl/202502/P020250207556581486902.pdf	335398	高职专科/文化艺术大类/表演艺术类/550214_钢琴调律.pdf
高职专科	文化艺术大类	表演艺术类	550217 时尚表演与传播	https://www.moe.gov.cn/s78/A07/zcs_ztzl/2017_zt06/17zt06_bznr/bznr_zyjyzyjxbz/gdzyjy_zk/zk_whysdl/whysdl_byysl/202502/P020250207556334893090.pdf	335914	高职专科/文化艺术大类/表演艺术类/550217_时尚表演与传播.pdf
高职专科	文化艺术大类	表演艺术类	550218 舞台艺术设计与制作	https://www.moe.gov.cn/s78/A07/zcs_ztzl/2017_zt06/17zt06_bznr/bznr_zyjyzyjxbz/gdzyjy_zk/zk_whysdl/whysdl_byysl/202502/P020250207556023479149.pdf	345001	高职专科/文化艺术大类/表演艺术类/550218_舞台艺术设计与制作.pdf
高职专科	文化艺术大类	表演艺术类	550220 现代魔术设计与表演	https://www.moe.gov.cn/s78/A07/zcs_ztzl/2017_zt06/17zt06_bznr/bznr_zyjyzyjxbz/gdzyjy_zk/zk_whysdl/whysdl_byysl/202502/P020250207555645562259.pdf	329890	高职专科/文化艺术大类/表演艺术类/550220_现代魔术设计与表演.pdf
高职专科	文化艺术大类	民族文化艺术类	550303 民族服装与饰品	https://www.moe.gov.cn/s78/A07/zcs_ztzl/2017_zt06/17zt06_bznr/bznr_zyjyzyjxbz/gdzyjy_zk/zk_whysdl/whysdl_mzwhysl/202502/P020250207559296386790.pdf	309411	高职专科/文化艺术大类/民族文化艺术类/550303_民族服装与饰品.pdf
高职专科	文化艺术大类	文化服务类	550402 文化产业经营与管理	https://www.moe.gov.cn/s78/A07/zcs_ztzl/2017_zt06/17zt06_bznr/bznr_zyjyzyjxbz/gdzyjy_zk/zk_whysdl/whysdl_whfwl/202502/P020250207559898464726.pdf	337108	高职专科/文化艺术大类/文化服务类/550402_文化产业经营与管理.pdf
高职专科	文化艺术大类	文化服务类	550408 石窟寺保护技术	https://www.moe.gov.cn/s78/A07/zcs_ztzl/2017_zt06/17zt06_bznr/bznr_zyjyzyjxbz/gdzyjy_zk/zk_whysdl/whysdl_whfwl/202502/P020250207559684959392.pdf	355042	高职专科/文化艺术大类/文化服务类/550408_石窟寺保护技术.pdf
高职专科	文化艺术大类	艺术设计类	550101 艺术设计	https://www.moe.gov.cn/s78/A07/zcs_ztzl/2017_zt06/17zt06_bznr/bznr_zyjyzyjxbz/gdzyjy_zk/zk_whysdl/whysdl_yssjl/202502/P020250207554664351796.pdf	331641	高职专科/文化艺术大类/艺术设计类/550101_艺术设计.pdf
高职专科	文化艺术大类	艺术设计类	550102 视觉传达设计	https://www.moe.gov.cn/s78/A07/zcs_ztzl/2017_zt06/17zt06_bznr/bznr_zyjyzyjxbz/gdzyjy_zk/zk_whysdl/whysdl_yssjl/202502/P020250207554444051937.pdf	344350	高职专科/文化艺术大类/艺术设计类/550102_视觉传达设计.pdf
高职专科	文化艺术大类	艺术设计类	550103 数字媒体艺术设计	https://www.moe.gov.cn/s78/A07/zcs_ztzl/2017_zt06/17zt06_bznr/bznr_zyjyzyjxbz/gdzyjy_zk/zk_whysdl/whysdl_yssjl/202502/P020250207554206255746.pdf	360384	高职专科/文化艺术大类/艺术设计类/550103_数字媒体艺术设计.pdf
高职专科	文化艺术大类	艺术设计类	550104 产品艺术设计	https://www.moe.gov.cn/s78/A07/zcs_ztzl/2017_zt06/17zt06_bznr/bznr_zyjyzyjxbz/gdzyjy_zk/zk_whysdl/whysdl_yssjl/202502/P020250207553930760438.pdf	336901	高职专科/文化艺术大类/艺术设计类/550104_产品艺术设计.pdf
高职专科	文化艺术大类	艺术设计类	550105 服装与服饰设计	https://www.moe.gov.cn/s78/A07/zcs_ztzl/2017_zt06/17zt06_bznr/bznr_zyjyzyjxbz/gdzyjy_zk/zk_whysdl/whysdl_yssjl/202502/P020250207553715742446.pdf	323875	高职专科/文化艺术大类/艺术设计类/550105_服装与服饰设计.pdf
高职专科	文化艺术大类	艺术设计类	550106 环境艺术设计	https://www.moe.gov.cn/s78/A07/zcs_ztzl/2017_zt06/17zt06_bznr/bznr_zyjyzyjxbz/gdzyjy_zk/zk_whysdl/whysdl_yssjl/202502/P020250207553469835107.pdf	340155	高职专科/文化艺术大类/艺术设计类/550106_环境艺术设计.pdf
高职专科	文化艺术大类	艺术设计类	550107 书画艺术	https://www.moe.gov.cn/s78/A07/zcs_ztzl/2017_zt06/17zt06_bznr/bznr_zyjyzyjxbz/gdzyjy_zk/zk_whysdl/whysdl_yssjl/202502/P020250207553125494008.pdf	315375	高职专科/文化艺术大类/艺术设计类/550107_书画艺术.pdf
高职专科	文化艺术大类	艺术设计类	550108 公共艺术设计	https://www.moe.gov.cn/s78/A07/zcs_ztzl/2017_zt06/17zt06_bznr/bznr_zyjyzyjxbz/gdzyjy_zk/zk_whysdl/whysdl_yssjl/202502/P020250207552822972031.pdf	338952	高职专科/文化艺术大类/艺术设计类/550108_公共艺术设计.pdf
高职专科	文化艺术大类	艺术设计类	550109 游戏艺术设计	https://www.moe.gov.cn/s78/A07/zcs_ztzl/2017_zt06/17zt06_bznr/bznr_zyjyzyjxbz/gdzyjy_zk/zk_whysdl/whysdl_yssjl/202502/P020250207552602050699.pdf	330792	高职专科/文化艺术大类/艺术设计类/550109_游戏艺术设计.pdf
高职专科	文化艺术大类	艺术设计类	550110 展示艺术设计	https://www.moe.gov.cn/s78/A07/zcs_ztzl/2017_zt06/17zt06_bznr/bznr_zyjyzyjxbz/gdzyjy_zk/zk_whysdl/whysdl_yssjl/202502/P020250207552345561338.pdf	338720	高职专科/文化艺术大类/艺术设计类/550110_展示艺术设计.pdf
高职专科	文化艺术大类	艺术设计类	550111 美容美体艺术	https://www.moe.gov.cn/s78/A07/zcs_ztzl/2017_zt06/17zt06_bznr/bznr_zyjyzyjxbz/gdzyjy_zk/zk_whysdl/whysdl_yssjl/202502/P020250207552036335542.pdf	353853	高职专科/文化艺术大类/艺术设计类/550111_美容美体艺术.pdf
高职专科	文化艺术大类	艺术设计类	550112 工艺美术品设计	https://www.moe.gov.cn/s78/A07/zcs_ztzl/2017_zt06/17zt06_bznr/bznr_zyjyzyjxbz/gdzyjy_zk/zk_whysdl/whysdl_yssjl/202502/P020250207551808839895.pdf	352084	高职专科/文化艺术大类/艺术设计类/550112_工艺美术品设计.pdf
高职专科	文化艺术大类	艺术设计类	550113 广告艺术设计	https://www.moe.gov.cn/s78/A07/zcs_ztzl/2017_zt06/17zt06_bznr/bznr_zyjyzyjxbz/gdzyjy_zk/zk_whysdl/whysdl_yssjl/202502/P020250207551582132154.pdf	343321	高职专科/文化艺术大类/艺术设计类/550113_广告艺术设计.pdf
高职专科	文化艺术大类	艺术设计类	550114 室内艺术设计	https://www.moe.gov.cn/s78/A07/zcs_ztzl/2017_zt06/17zt06_bznr/bznr_zyjyzyjxbz/gdzyjy_zk/zk_whysdl/whysdl_yssjl/202502/P020250207551258888487.pdf	316403	高职专科/文化艺术大类/艺术设计类/550114_室内艺术设计.pdf
高职专科	文化艺术大类	艺术设计类	550115 家具艺术设计	https://www.moe.gov.cn/s78/A07/zcs_ztzl/2017_zt06/17zt06_bznr/bznr_zyjyzyjxbz/gdzyjy_zk/zk_whysdl/whysdl_yssjl/202502/P020250207551007737581.pdf	347087	高职专科/文化艺术大类/艺术设计类/550115_家具艺术设计.pdf
高职专科	文化艺术大类	艺术设计类	550116 动漫设计	https://www.moe.gov.cn/s78/A07/zcs_ztzl/2017_zt06/17zt06_bznr/bznr_zyjyzyjxbz/gdzyjy_zk/zk_whysdl/whysdl_yssjl/202502/P020250207550727050012.pdf	359885	高职专科/文化艺术大类/艺术设计类/550116_动漫设计.pdf
高职专科	文化艺术大类	艺术设计类	550117 人物形象设计	https://www.moe.gov.cn/s78/A07/zcs_ztzl/2017_zt06/17zt06_bznr/bznr_zyjyzyjxbz/gdzyjy_zk/zk_whysdl/whysdl_yssjl/202502/P020250207550443970280.pdf	324092	高职专科/文化艺术大类/艺术设计类/550117_人物形象设计.pdf
高职专科	文化艺术大类	艺术设计类	550118 摄影与摄像艺术	https://www.moe.gov.cn/s78/A07/zcs_ztzl/2017_zt06/17zt06_bznr/bznr_zyjyzyjxbz/gdzyjy_zk/zk_whysdl/whysdl_yssjl/202502/P020250207550118690896.pdf	350160	高职专科/文化艺术大类/艺术设计类/550118_摄影与摄像艺术.pdf
高职专科	文化艺术大类	艺术设计类	550119 雕刻艺术设计	https://www.moe.gov.cn/s78/A07/zcs_ztzl/2017_zt06/17zt06_bznr/bznr_zyjyzyjxbz/gdzyjy_zk/zk_whysdl/whysdl_yssjl/202502/P020250207549745310395.pdf	342683	高职专科/文化艺术大类/艺术设计类/550119_雕刻艺术设计.pdf
高职专科	文化艺术大类	艺术设计类	550120 皮具艺术设计	https://www.moe.gov.cn/s78/A07/zcs_ztzl/2017_zt06/17zt06_bznr/bznr_zyjyzyjxbz/gdzyjy_zk/zk_whysdl/whysdl_yssjl/202502/P020250207549522830781.pdf	322575	高职专科/文化艺术大类/艺术设计类/550120_皮具艺术设计.pdf
高职专科	文化艺术大类	艺术设计类	550121 包装艺术设计	https://www.moe.gov.cn/s78/A07/zcs_ztzl/2017_zt06/17zt06_bznr/bznr_zyjyzyjxbz/gdzyjy_zk/zk_whysdl/whysdl_yssjl/202502/P020250207549257572858.pdf	341292	高职专科/文化艺术大类/艺术设计类/550121_包装艺术设计.pdf
高职专科	文化艺术大类	艺术设计类	550123 首饰设计与工艺	https://www.moe.gov.cn/s78/A07/zcs_ztzl/2017_zt06/17zt06_bznr/bznr_zyjyzyjxbz/gdzyjy_zk/zk_whysdl/whysdl_yssjl/202502/P020250207548987404456.pdf	349090	高职专科/文化艺术大类/艺术设计类/550123_首饰设计与工艺.pdf
高职专科	文化艺术大类	艺术设计类	550124 玉器设计与工艺	https://www.moe.gov.cn/s78/A07/zcs_ztzl/2017_zt06/17zt06_bznr/bznr_zyjyzyjxbz/gdzyjy_zk/zk_whysdl/whysdl_yssjl/202502/P020250207548666872572.pdf	354806	高职专科/文化艺术大类/艺术设计类/550124_玉器设计与工艺.pdf
高职专科	文化艺术大类	艺术设计类	550125 刺绣设计与工艺	https://www.moe.gov.cn/s78/A07/zcs_ztzl/2017_zt06/17zt06_bznr/bznr_zyjyzyjxbz/gdzyjy_zk/zk_whysdl/whysdl_yssjl/202502/P020250207548402330215.pdf	354833	高职专科/文化艺术大类/艺术设计类/550125_刺绣设计与工艺.pdf
高职专科	文化艺术大类	艺术设计类	550126 雕塑设计	https://www.moe.gov.cn/s78/A07/zcs_ztzl/2017_zt06/17zt06_bznr/bznr_zyjyzyjxbz/gdzyjy_zk/zk_whysdl/whysdl_yssjl/202502/P020250207548173935192.pdf	354186	高职专科/文化艺术大类/艺术设计类/550126_雕塑设计.pdf
高职专科	文化艺术大类	艺术设计类	550127 服装陈列与展示设计	https://www.moe.gov.cn/s78/A07/zcs_ztzl/2017_zt06/17zt06_bznr/bznr_zyjyzyjxbz/gdzyjy_zk/zk_whysdl/whysdl_yssjl/202502/P020250207547858940855.pdf	349805	高职专科/文化艺术大类/艺术设计类/550127_服装陈列与展示设计.pdf
高职专科	新闻传播大类	广播影视类	560201 播音与主持	https://www.moe.gov.cn/s78/A07/zcs_ztzl/2017_zt06/17zt06_bznr/bznr_zyjyzyjxbz/gdzyjy_zk/zk_xwcbdl/xwcbdl_gbysl/202502/P020250207549510438568.pdf	344691	高职专科/新闻传播大类/广播影视类/560201_播音与主持.pdf
高职专科	新闻传播大类	广播影视类	560202 广播影视节目制作	https://www.moe.gov.cn/s78/A07/zcs_ztzl/2017_zt06/17zt06_bznr/bznr_zyjyzyjxbz/gdzyjy_zk/zk_xwcbdl/xwcbdl_gbysl/202502/P020250207549350192351.pdf	336832	高职专科/新闻传播大类/广播影视类/560202_广播影视节目制作.pdf
高职专科	新闻传播大类	广播影视类	560203 数字广播电视技术	https://www.moe.gov.cn/s78/A07/zcs_ztzl/2017_zt06/17zt06_bznr/bznr_zyjyzyjxbz/gdzyjy_zk/zk_xwcbdl/xwcbdl_gbysl/202502/P020250207549213139228.pdf	346816	高职专科/新闻传播大类/广播影视类/560203_数字广播电视技术.pdf
高职专科	新闻传播大类	广播影视类	560204 影视编导	https://www.moe.gov.cn/s78/A07/zcs_ztzl/2017_zt06/17zt06_bznr/bznr_zyjyzyjxbz/gdzyjy_zk/zk_xwcbdl/xwcbdl_gbysl/202502/P020250207549088054966.pdf	353565	高职专科/新闻传播大类/广播影视类/560204_影视编导.pdf
高职专科	新闻传播大类	广播影视类	560205 新闻采编与制作	https://www.moe.gov.cn/s78/A07/zcs_ztzl/2017_zt06/17zt06_bznr/bznr_zyjyzyjxbz/gdzyjy_zk/zk_xwcbdl/xwcbdl_gbysl/202502/P020250207548927436229.pdf	333577	高职专科/新闻传播大类/广播影视类/560205_新闻采编与制作.pdf
高职专科	新闻传播大类	广播影视类	560206 影视动画	https://www.moe.gov.cn/s78/A07/zcs_ztzl/2017_zt06/17zt06_bznr/bznr_zyjyzyjxbz/gdzyjy_zk/zk_xwcbdl/xwcbdl_gbysl/202502/P020250207548806817547.pdf	351592	高职专科/新闻传播大类/广播影视类/560206_影视动画.pdf
高职专科	新闻传播大类	广播影视类	560208 影视多媒体技术	https://www.moe.gov.cn/s78/A07/zcs_ztzl/2017_zt06/17zt06_bznr/bznr_zyjyzyjxbz/gdzyjy_zk/zk_xwcbdl/xwcbdl_gbysl/202502/P020250207548653461901.pdf	369930	高职专科/新闻传播大类/广播影视类/560208_影视多媒体技术.pdf
高职专科	新闻传播大类	广播影视类	560211 录音技术与艺术	https://www.moe.gov.cn/s78/A07/zcs_ztzl/2017_zt06/17zt06_bznr/bznr_zyjyzyjxbz/gdzyjy_zk/zk_xwcbdl/xwcbdl_gbysl/202502/P020250207548470835589.pdf	348663	高职专科/新闻传播大类/广播影视类/560211_录音技术与艺术.pdf
高职专科	新闻传播大类	广播影视类	560212 摄影摄像技术	https://www.moe.gov.cn/s78/A07/zcs_ztzl/2017_zt06/17zt06_bznr/bznr_zyjyzyjxbz/gdzyjy_zk/zk_xwcbdl/xwcbdl_gbysl/202502/P020250207548312445049.pdf	341404	高职专科/新闻传播大类/广播影视类/560212_摄影摄像技术.pdf
高职专科	新闻传播大类	广播影视类	560213 融媒体技术与运营	https://www.moe.gov.cn/s78/A07/zcs_ztzl/2017_zt06/17zt06_bznr/bznr_zyjyzyjxbz/gdzyjy_zk/zk_xwcbdl/xwcbdl_gbysl/202502/P020250207548141306012.pdf	356798	高职专科/新闻传播大类/广播影视类/560213_融媒体技术与运营.pdf
高职专科	新闻传播大类	广播影视类	560214 网络直播与运营	https://www.moe.gov.cn/s78/A07/zcs_ztzl/2017_zt06/17zt06_bznr/bznr_zyjyzyjxbz/gdzyjy_zk/zk_xwcbdl/xwcbdl_gbysl/202502/P020250207548006258101.pdf	313853	高职专科/新闻传播大类/广播影视类/560214_网络直播与运营.pdf
高职专科	新闻传播大类	广播影视类	560216 全媒体广告策划与营销	https://www.moe.gov.cn/s78/A07/zcs_ztzl/2017_zt06/17zt06_bznr/bznr_zyjyzyjxbz/gdzyjy_zk/zk_xwcbdl/xwcbdl_gbysl/202502/P020250207547851716976.pdf	342752	高职专科/新闻传播大类/广播影视类/560216_全媒体广告策划与营销.pdf
高职专科	新闻传播大类	新闻出版类	560105 数字出版	https://www.moe.gov.cn/s78/A07/zcs_ztzl/2017_zt06/17zt06_bznr/bznr_zyjyzyjxbz/gdzyjy_zk/zk_xwcbdl/xwcbdl_xwcbl/202502/P020250207547670738031.pdf	338188	高职专科/新闻传播大类/新闻出版类/560105_数字出版.pdf
高职专科	医药卫生大类	公共卫生与卫生管理类	520701 公共卫生管理	https://www.moe.gov.cn/s78/A07/zcs_ztzl/2017_zt06/17zt06_bznr/bznr_zyjyzyjxbz/gdzyjy_zk/zk_yywsdl/yywsdl_ggwsywsgll/202502/P020250207541199236372.pdf	349754	高职专科/医药卫生大类/公共卫生与卫生管理类/520701_公共卫生管理.pdf
高职专科	医药卫生大类	公共卫生与卫生管理类	520703K 预防医学	https://www.moe.gov.cn/s78/A07/zcs_ztzl/2017_zt06/17zt06_bznr/bznr_zyjyzyjxbz/gdzyjy_zk/zk_yywsdl/yywsdl_ggwsywsgll/202502/P020250207540329542046.pdf	346512	高职专科/医药卫生大类/公共卫生与卫生管理类/520703K_预防医学.pdf
高职专科	医药卫生大类	公共卫生与卫生管理类	520704 健康大数据管理与服务	https://www.moe.gov.cn/s78/A07/zcs_ztzl/2017_zt06/17zt06_bznr/bznr_zyjyzyjxbz/gdzyjy_zk/zk_yywsdl/yywsdl_ggwsywsgll/202502/P020250207540106860372.pdf	363711	高职专科/医药卫生大类/公共卫生与卫生管理类/520704_健康大数据管理与服务.pdf
高职专科	医药卫生大类	护理类	520201 护理	https://www.moe.gov.cn/s78/A07/zcs_ztzl/2017_zt06/17zt06_bznr/bznr_zyjyzyjxbz/gdzyjy_zk/zk_yywsdl/yywsdl_hll/202502/P020250207533183854585.pdf	355120	高职专科/医药卫生大类/护理类/520201_护理.pdf
高职专科	医药卫生大类	护理类	520202 助产	https://www.moe.gov.cn/s78/A07/zcs_ztzl/2017_zt06/17zt06_bznr/bznr_zyjyzyjxbz/gdzyjy_zk/zk_yywsdl/yywsdl_hll/202502/P020250207532975079267.pdf	354459	高职专科/医药卫生大类/护理类/520202_助产.pdf
高职专科	医药卫生大类	健康管理与促进类	520801 健康管理	https://www.moe.gov.cn/s78/A07/zcs_ztzl/2017_zt06/17zt06_bznr/bznr_zyjyzyjxbz/gdzyjy_zk/zk_yywsdl/yywsdl_jkglycjl/202502/P020250207543569178135.pdf	341168	高职专科/医药卫生大类/健康管理与促进类/520801_健康管理.pdf
高职专科	医药卫生大类	健康管理与促进类	520802 婴幼儿托育服务与管理	https://www.moe.gov.cn/s78/A07/zcs_ztzl/2017_zt06/17zt06_bznr/bznr_zyjyzyjxbz/gdzyjy_zk/zk_yywsdl/yywsdl_jkglycjl/202502/P020250207542415972694.pdf	374598	高职专科/医药卫生大类/健康管理与促进类/520802_婴幼儿托育服务与管理.pdf
高职专科	医药卫生大类	健康管理与促进类	520803 老年保健与管理	https://www.moe.gov.cn/s78/A07/zcs_ztzl/2017_zt06/17zt06_bznr/bznr_zyjyzyjxbz/gdzyjy_zk/zk_yywsdl/yywsdl_jkglycjl/202502/P020250207542149570626.pdf	351939	高职专科/医药卫生大类/健康管理与促进类/520803_老年保健与管理.pdf
高职专科	医药卫生大类	健康管理与促进类	520804 心理咨询	https://www.moe.gov.cn/s78/A07/zcs_ztzl/2017_zt06/17zt06_bznr/bznr_zyjyzyjxbz/gdzyjy_zk/zk_yywsdl/yywsdl_jkglycjl/202502/P020250207541922159170.pdf	344969	高职专科/医药卫生大类/健康管理与促进类/520804_心理咨询.pdf
高职专科	医药卫生大类	康复治疗类	520601 康复治疗技术	https://www.moe.gov.cn/s78/A07/zcs_ztzl/2017_zt06/17zt06_bznr/bznr_zyjyzyjxbz/gdzyjy_zk/zk_yywsdl/yywsdl_kfzll/202502/P020250207539797507117.pdf	359926	高职专科/医药卫生大类/康复治疗类/520601_康复治疗技术.pdf
高职专科	医药卫生大类	临床医学类	520101K 临床医学	https://www.moe.gov.cn/s78/A07/zcs_ztzl/2017_zt06/17zt06_bznr/bznr_zyjyzyjxbz/gdzyjy_zk/zk_yywsdl/yywsdl_lcyxl/202502/P020250207532476574372.pdf	377467	高职专科/医药卫生大类/临床医学类/520101K_临床医学.pdf
高职专科	医药卫生大类	临床医学类	520102K 口腔医学	https://www.moe.gov.cn/s78/A07/zcs_ztzl/2017_zt06/17zt06_bznr/bznr_zyjyzyjxbz/gdzyjy_zk/zk_yywsdl/yywsdl_lcyxl/202502/P020250207532117813547.pdf	355836	高职专科/医药卫生大类/临床医学类/520102K_口腔医学.pdf
高职专科	医药卫生大类	眼视光类	520901 眼视光技术	https://www.moe.gov.cn/s78/A07/zcs_ztzl/2017_zt06/17zt06_bznr/bznr_zyjyzyjxbz/gdzyjy_zk/zk_yywsdl/yywsdl_ysgl/202502/P020250208389519309034.pdf	348557	高职专科/医药卫生大类/眼视光类/520901_眼视光技术.pdf
高职专科	医药卫生大类	眼视光类	520902 眼视光仪器技术	https://www.moe.gov.cn/s78/A07/zcs_ztzl/2017_zt06/17zt06_bznr/bznr_zyjyzyjxbz/gdzyjy_zk/zk_yywsdl/yywsdl_ysgl/202502/P020250207545978962639.pdf	338180	高职专科/医药卫生大类/眼视光类/520902_眼视光仪器技术.pdf
高职专科	医药卫生大类	眼视光类	520903 视觉训练与康复	https://www.moe.gov.cn/s78/A07/zcs_ztzl/2017_zt06/17zt06_bznr/bznr_zyjyzyjxbz/gdzyjy_zk/zk_yywsdl/yywsdl_ysgl/202502/P020250208389140449842.pdf	350019	高职专科/医药卫生大类/眼视光类/520903_视觉训练与康复.pdf
高职专科	医药卫生大类	医学技术类	520501 医学检验技术	https://www.moe.gov.cn/s78/A07/zcs_ztzl/2017_zt06/17zt06_bznr/bznr_zyjyzyjxbz/gdzyjy_zk/zk_yywsdl/yywsdl_yxjsl/202502/P020250207539424195317.pdf	340137	高职专科/医药卫生大类/医学技术类/520501_医学检验技术.pdf
高职专科	医药卫生大类	医学技术类	520502 医学影像技术	https://www.moe.gov.cn/s78/A07/zcs_ztzl/2017_zt06/17zt06_bznr/bznr_zyjyzyjxbz/gdzyjy_zk/zk_yywsdl/yywsdl_yxjsl/202502/P020250207539193661811.pdf	327633	高职专科/医药卫生大类/医学技术类/520502_医学影像技术.pdf
高职专科	医药卫生大类	医学技术类	520503 医学生物技术	https://www.moe.gov.cn/s78/A07/zcs_ztzl/2017_zt06/17zt06_bznr/bznr_zyjyzyjxbz/gdzyjy_zk/zk_yywsdl/yywsdl_yxjsl/202502/P020250207538914697146.pdf	362645	高职专科/医药卫生大类/医学技术类/520503_医学生物技术.pdf
高职专科	医药卫生大类	医学技术类	520504 口腔医学技术	https://www.moe.gov.cn/s78/A07/zcs_ztzl/2017_zt06/17zt06_bznr/bznr_zyjyzyjxbz/gdzyjy_zk/zk_yywsdl/yywsdl_yxjsl/202502/P020250207538674570916.pdf	388590	高职专科/医药卫生大类/医学技术类/520504_口腔医学技术.pdf
高职专科	医药卫生大类	医学技术类	520507 医学美容技术	https://www.moe.gov.cn/s78/A07/zcs_ztzl/2017_zt06/17zt06_bznr/bznr_zyjyzyjxbz/gdzyjy_zk/zk_yywsdl/yywsdl_yxjsl/202502/P020250207538447365017.pdf	364342	高职专科/医药卫生大类/医学技术类/520507_医学美容技术.pdf
高职专科	医药卫生大类	药学类	520301 药学	https://www.moe.gov.cn/s78/A07/zcs_ztzl/2017_zt06/17zt06_bznr/bznr_zyjyzyjxbz/gdzyjy_zk/zk_yywsdl/yywsdl_yxl/202502/P020250207533553493396.pdf	361853	高职专科/医药卫生大类/药学类/520301_药学.pdf
高职专科	医药卫生大类	中医药类	520403K 针灸推拿	https://www.moe.gov.cn/s78/A07/zcs_ztzl/2017_zt06/17zt06_bznr/bznr_zyjyzyjxbz/gdzyjy_zk/zk_yywsdl/yywsdl_zyyl/202502/P020250207535714216570.pdf	344289	高职专科/医药卫生大类/中医药类/520403K_针灸推拿.pdf
高职专科	医药卫生大类	中医药类	520410 中药学	https://www.moe.gov.cn/s78/A07/zcs_ztzl/2017_zt06/17zt06_bznr/bznr_zyjyzyjxbz/gdzyjy_zk/zk_yywsdl/yywsdl_zyyl/202502/P020250207535418367068.pdf	362667	高职专科/医药卫生大类/中医药类/520410_中药学.pdf
高职专科	医药卫生大类	中医药类	520414 中药材生产与加工	https://www.moe.gov.cn/s78/A07/zcs_ztzl/2017_zt06/17zt06_bznr/bznr_zyjyzyjxbz/gdzyjy_zk/zk_yywsdl/yywsdl_zyyl/202502/P020250207535189271508.pdf	354084	高职专科/医药卫生大类/中医药类/520414_中药材生产与加工.pdf
高职专科	医药卫生大类	中医药类	520415 中药制药	https://www.moe.gov.cn/s78/A07/zcs_ztzl/2017_zt06/17zt06_bznr/bznr_zyjyzyjxbz/gdzyjy_zk/zk_yywsdl/yywsdl_zyyl/202502/P020250207534898851265.pdf	347834	高职专科/医药卫生大类/中医药类/520415_中药制药.pdf
高职专科	医药卫生大类	中医药类	520416 中医康复技术	https://www.moe.gov.cn/s78/A07/zcs_ztzl/2017_zt06/17zt06_bznr/bznr_zyjyzyjxbz/gdzyjy_zk/zk_yywsdl/yywsdl_zyyl/202502/P020250207534483733385.pdf	339708	高职专科/医药卫生大类/中医药类/520416_中医康复技术.pdf
高职专科	医药卫生大类	中医药类	520417 中医养生保健	https://www.moe.gov.cn/s78/A07/zcs_ztzl/2017_zt06/17zt06_bznr/bznr_zyjyzyjxbz/gdzyjy_zk/zk_yywsdl/yywsdl_zyyl/202502/P020250207534131088647.pdf	338662	高职专科/医药卫生大类/中医药类/520417_中医养生保健.pdf
高职专科	医药卫生大类	中医药类	520418 药膳与食疗	https://www.moe.gov.cn/s78/A07/zcs_ztzl/2017_zt06/17zt06_bznr/bznr_zyjyzyjxbz/gdzyjy_zk/zk_yywsdl/yywsdl_zyyl/202502/P020250207533910187677.pdf	354473	高职专科/医药卫生大类/中医药类/520418_药膳与食疗.pdf
高职专科	装备制造大类	船舶与海洋工程装备类	460501 船舶工程技术	https://www.moe.gov.cn/s78/A07/zcs_ztzl/2017_zt06/17zt06_bznr/bznr_zyjyzyjxbz/gdzyjy_zk/zk_zbzzdl/zbzzdl_cbyhygczbl/202502/P020250207526923768815.pdf	359583	高职专科/装备制造大类/船舶与海洋工程装备类/460501_船舶工程技术.pdf
高职专科	装备制造大类	船舶与海洋工程装备类	460502 船舶动力工程技术	https://www.moe.gov.cn/s78/A07/zcs_ztzl/2017_zt06/17zt06_bznr/bznr_zyjyzyjxbz/gdzyjy_zk/zk_zbzzdl/zbzzdl_cbyhygczbl/202502/P020250207526791131181.pdf	348032	高职专科/装备制造大类/船舶与海洋工程装备类/460502_船舶动力工程技术.pdf
高职专科	装备制造大类	船舶与海洋工程装备类	460503 船舶电气工程技术	https://www.moe.gov.cn/s78/A07/zcs_ztzl/2017_zt06/17zt06_bznr/bznr_zyjyzyjxbz/gdzyjy_zk/zk_zbzzdl/zbzzdl_cbyhygczbl/202502/P020250207526619170876.pdf	343229	高职专科/装备制造大类/船舶与海洋工程装备类/460503_船舶电气工程技术.pdf
高职专科	装备制造大类	船舶与海洋工程装备类	460504 船舶智能焊接技术	https://www.moe.gov.cn/s78/A07/zcs_ztzl/2017_zt06/17zt06_bznr/bznr_zyjyzyjxbz/gdzyjy_zk/zk_zbzzdl/zbzzdl_cbyhygczbl/202502/P020250207526406876067.pdf	347649	高职专科/装备制造大类/船舶与海洋工程装备类/460504_船舶智能焊接技术.pdf
高职专科	装备制造大类	船舶与海洋工程装备类	460508 游艇设计与制造	https://www.moe.gov.cn/s78/A07/zcs_ztzl/2017_zt06/17zt06_bznr/bznr_zyjyzyjxbz/gdzyjy_zk/zk_zbzzdl/zbzzdl_cbyhygczbl/202502/P020250207526241906346.pdf	339145	高职专科/装备制造大类/船舶与海洋工程装备类/460508_游艇设计与制造.pdf
高职专科	装备制造大类	船舶与海洋工程装备类	460509 邮轮内装技术	https://www.moe.gov.cn/s78/A07/zcs_ztzl/2017_zt06/17zt06_bznr/bznr_zyjyzyjxbz/gdzyjy_zk/zk_zbzzdl/zbzzdl_cbyhygczbl/202502/P020250207526096931394.pdf	363341	高职专科/装备制造大类/船舶与海洋工程装备类/460509_邮轮内装技术.pdf
高职专科	装备制造大类	轨道装备类	460401 铁道机车车辆制造与维护	https://www.moe.gov.cn/s78/A07/zcs_ztzl/2017_zt06/17zt06_bznr/bznr_zyjyzyjxbz/gdzyjy_zk/zk_zbzzdl/zbzzdl_gdzbl/202502/P020250207525868408805.pdf	348618	高职专科/装备制造大类/轨道装备类/460401_铁道机车车辆制造与维护.pdf
高职专科	装备制造大类	轨道装备类	460402 高速铁路动车组制造与维护	https://www.moe.gov.cn/s78/A07/zcs_ztzl/2017_zt06/17zt06_bznr/bznr_zyjyzyjxbz/gdzyjy_zk/zk_zbzzdl/zbzzdl_gdzbl/202502/P020250207525698280806.pdf	342556	高职专科/装备制造大类/轨道装备类/460402_高速铁路动车组制造与维护.pdf
高职专科	装备制造大类	轨道装备类	460403 城市轨道交通车辆制造与维护	https://www.moe.gov.cn/s78/A07/zcs_ztzl/2017_zt06/17zt06_bznr/bznr_zyjyzyjxbz/gdzyjy_zk/zk_zbzzdl/zbzzdl_gdzbl/202502/P020250207525546854319.pdf	354159	高职专科/装备制造大类/轨道装备类/460403_城市轨道交通车辆制造与维护.pdf
高职专科	生物与化工大类	化工技术类	470201 应用化工技术	https://www.moe.gov.cn/s78/A07/zcs_ztzl/2017_zt06/17zt06_bznr/bznr_zyjyzyjxbz/gdzyjy_zk/zk_swyhgdl/zbzzdl_hgjsl/202502/P020250207523467068832.pdf	346320	高职专科/生物与化工大类/化工技术类/470201_应用化工技术.pdf
高职专科	生物与化工大类	化工技术类	470208 分析检验技术	https://www.moe.gov.cn/s78/A07/zcs_ztzl/2017_zt06/17zt06_bznr/bznr_zyjyzyjxbz/gdzyjy_zk/zk_swyhgdl/zbzzdl_hgjsl/202502/P020250207523915873912.pdf	353775	高职专科/生物与化工大类/化工技术类/470208_分析检验技术.pdf
高职专科	生物与化工大类	化工技术类	470209 化工智能制造技术	https://www.moe.gov.cn/s78/A07/zcs_ztzl/2017_zt06/17zt06_bznr/bznr_zyjyzyjxbz/gdzyjy_zk/zk_swyhgdl/zbzzdl_hgjsl/202502/P020250207524220107895.pdf	356044	高职专科/生物与化工大类/化工技术类/470209_化工智能制造技术.pdf
高职专科	生物与化工大类	化工技术类	470210 化工装备技术	https://www.moe.gov.cn/s78/A07/zcs_ztzl/2017_zt06/17zt06_bznr/bznr_zyjyzyjxbz/gdzyjy_zk/zk_swyhgdl/zbzzdl_hgjsl/202502/P020250207524606338993.pdf	359577	高职专科/生物与化工大类/化工技术类/470210_化工装备技术.pdf
高职专科	装备制造大类	航空装备类	460601 飞行器数字化制造技术	https://www.moe.gov.cn/s78/A07/zcs_ztzl/2017_zt06/17zt06_bznr/bznr_zyjyzyjxbz/gdzyjy_zk/zk_zbzzdl/zbzzdl_hkzbl/202502/P020250207527930122935.pdf	340828	高职专科/装备制造大类/航空装备类/460601_飞行器数字化制造技术.pdf
高职专科	装备制造大类	航空装备类	460602 飞行器数字化装配技术	https://www.moe.gov.cn/s78/A07/zcs_ztzl/2017_zt06/17zt06_bznr/bznr_zyjyzyjxbz/gdzyjy_zk/zk_zbzzdl/zbzzdl_hkzbl/202502/P020250207527787342412.pdf	345910	高职专科/装备制造大类/航空装备类/460602_飞行器数字化装配技术.pdf
高职专科	装备制造大类	航空装备类	460605 飞机机载设备装配调试技术	https://www.moe.gov.cn/s78/A07/zcs_ztzl/2017_zt06/17zt06_bznr/bznr_zyjyzyjxbz/gdzyjy_zk/zk_zbzzdl/zbzzdl_hkzbl/202502/P020250207527632926667.pdf	345433	高职专科/装备制造大类/航空装备类/460605_飞机机载设备装配调试技术.pdf
高职专科	装备制造大类	航空装备类	460606 航空装备表面处理技术	https://www.moe.gov.cn/s78/A07/zcs_ztzl/2017_zt06/17zt06_bznr/bznr_zyjyzyjxbz/gdzyjy_zk/zk_zbzzdl/zbzzdl_hkzbl/202502/P020250207527479052938.pdf	336157	高职专科/装备制造大类/航空装备类/460606_航空装备表面处理技术.pdf
高职专科	装备制造大类	航空装备类	460607 飞行器维修技术	https://www.moe.gov.cn/s78/A07/zcs_ztzl/2017_zt06/17zt06_bznr/bznr_zyjyzyjxbz/gdzyjy_zk/zk_zbzzdl/zbzzdl_hkzbl/202502/P020250207527324936581.pdf	363019	高职专科/装备制造大类/航空装备类/460607_飞行器维修技术.pdf
高职专科	装备制造大类	航空装备类	460609 无人机应用技术	https://www.moe.gov.cn/s78/A07/zcs_ztzl/2017_zt06/17zt06_bznr/bznr_zyjyzyjxbz/gdzyjy_zk/zk_zbzzdl/zbzzdl_hkzbl/202502/P020250207527168340391.pdf	341663	高职专科/装备制造大类/航空装备类/460609_无人机应用技术.pdf
高职专科	装备制造大类	机电设备类	460201 智能制造装备技术	https://www.moe.gov.cn/s78/A07/zcs_ztzl/2017_zt06/17zt06_bznr/bznr_zyjyzyjxbz/gdzyjy_zk/zk_zbzzdl/zbzzdl_jdsbl/202502/P020250207523132834023.pdf	351333	高职专科/装备制造大类/机电设备类/460201_智能制造装备技术.pdf
高职专科	装备制造大类	机电设备类	460202 机电设备技术	https://www.moe.gov.cn/s78/A07/zcs_ztzl/2017_zt06/17zt06_bznr/bznr_zyjyzyjxbz/gdzyjy_zk/zk_zbzzdl/zbzzdl_jdsbl/202502/P020250207522977570730.pdf	348140	高职专科/装备制造大类/机电设备类/460202_机电设备技术.pdf
高职专科	装备制造大类	机电设备类	460203 电机与电器技术	https://www.moe.gov.cn/s78/A07/zcs_ztzl/2017_zt06/17zt06_bznr/bznr_zyjyzyjxbz/gdzyjy_zk/zk_zbzzdl/zbzzdl_jdsbl/202502/P020250207522795244144.pdf	351615	高职专科/装备制造大类/机电设备类/460203_电机与电器技术.pdf
高职专科	装备制造大类	机电设备类	460204 新能源装备技术	https://www.moe.gov.cn/s78/A07/zcs_ztzl/2017_zt06/17zt06_bznr/bznr_zyjyzyjxbz/gdzyjy_zk/zk_zbzzdl/zbzzdl_jdsbl/202502/P020250207522651602718.pdf	340602	高职专科/装备制造大类/机电设备类/460204_新能源装备技术.pdf
高职专科	装备制造大类	机电设备类	460206 电梯工程技术	https://www.moe.gov.cn/s78/A07/zcs_ztzl/2017_zt06/17zt06_bznr/bznr_zyjyzyjxbz/gdzyjy_zk/zk_zbzzdl/zbzzdl_jdsbl/202502/P020250207522521063992.pdf	336771	高职专科/装备制造大类/机电设备类/460206_电梯工程技术.pdf
高职专科	装备制造大类	机械设计制造类	460101 机械设计与制造	https://www.moe.gov.cn/s78/A07/zcs_ztzl/2017_zt06/17zt06_bznr/bznr_zyjyzyjxbz/gdzyjy_zk/zk_zbzzdl/zbzzdl_jxsjzzl/202502/P020250207522292941420.pdf	347741	高职专科/装备制造大类/机械设计制造类/460101_机械设计与制造.pdf
高职专科	装备制造大类	机械设计制造类	460102 数字化设计与制造技术	https://www.moe.gov.cn/s78/A07/zcs_ztzl/2017_zt06/17zt06_bznr/bznr_zyjyzyjxbz/gdzyjy_zk/zk_zbzzdl/zbzzdl_jxsjzzl/202502/P020250207522150759734.pdf	342005	高职专科/装备制造大类/机械设计制造类/460102_数字化设计与制造技术.pdf
高职专科	装备制造大类	机械设计制造类	460103 数控技术	https://www.moe.gov.cn/s78/A07/zcs_ztzl/2017_zt06/17zt06_bznr/bznr_zyjyzyjxbz/gdzyjy_zk/zk_zbzzdl/zbzzdl_jxsjzzl/202502/P020250207522001246931.pdf	348531	高职专科/装备制造大类/机械设计制造类/460103_数控技术.pdf
高职专科	装备制造大类	机械设计制造类	460104 机械制造及自动化	https://www.moe.gov.cn/s78/A07/zcs_ztzl/2017_zt06/17zt06_bznr/bznr_zyjyzyjxbz/gdzyjy_zk/zk_zbzzdl/zbzzdl_jxsjzzl/202502/P020250207521767506887.pdf	348848	高职专科/装备制造大类/机械设计制造类/460104_机械制造及自动化.pdf
高职专科	装备制造大类	机械设计制造类	460105 工业设计	https://www.moe.gov.cn/s78/A07/zcs_ztzl/2017_zt06/17zt06_bznr/bznr_zyjyzyjxbz/gdzyjy_zk/zk_zbzzdl/zbzzdl_jxsjzzl/202502/P020250207521569193404.pdf	334855	高职专科/装备制造大类/机械设计制造类/460105_工业设计.pdf
高职专科	装备制造大类	机械设计制造类	460107 材料成型及控制技术	https://www.moe.gov.cn/s78/A07/zcs_ztzl/2017_zt06/17zt06_bznr/bznr_zyjyzyjxbz/gdzyjy_zk/zk_zbzzdl/zbzzdl_jxsjzzl/202502/P020250207521406183473.pdf	351646	高职专科/装备制造大类/机械设计制造类/460107_材料成型及控制技术.pdf
高职专科	装备制造大类	机械设计制造类	460110 智能焊接技术	https://www.moe.gov.cn/s78/A07/zcs_ztzl/2017_zt06/17zt06_bznr/bznr_zyjyzyjxbz/gdzyjy_zk/zk_zbzzdl/zbzzdl_jxsjzzl/202502/P020250207521217866718.pdf	352134	高职专科/装备制造大类/机械设计制造类/460110_智能焊接技术.pdf
高职专科	装备制造大类	机械设计制造类	460111 工业材料表面处理技术	https://www.moe.gov.cn/s78/A07/zcs_ztzl/2017_zt06/17zt06_bznr/bznr_zyjyzyjxbz/gdzyjy_zk/zk_zbzzdl/zbzzdl_jxsjzzl/202502/P020250207521005981440.pdf	354697	高职专科/装备制造大类/机械设计制造类/460111_工业材料表面处理技术.pdf
高职专科	装备制造大类	机械设计制造类	460112 增材制造技术	https://www.moe.gov.cn/s78/A07/zcs_ztzl/2017_zt06/17zt06_bznr/bznr_zyjyzyjxbz/gdzyjy_zk/zk_zbzzdl/zbzzdl_jxsjzzl/202502/P020250207520781405987.pdf	349777	高职专科/装备制造大类/机械设计制造类/460112_增材制造技术.pdf
高职专科	装备制造大类	机械设计制造类	460113 模具设计与制造	https://www.moe.gov.cn/s78/A07/zcs_ztzl/2017_zt06/17zt06_bznr/bznr_zyjyzyjxbz/gdzyjy_zk/zk_zbzzdl/zbzzdl_jxsjzzl/202502/P020250207520582247179.pdf	346172	高职专科/装备制造大类/机械设计制造类/460113_模具设计与制造.pdf
高职专科	装备制造大类	机械设计制造类	460114 特种加工技术	https://www.moe.gov.cn/s78/A07/zcs_ztzl/2017_zt06/17zt06_bznr/bznr_zyjyzyjxbz/gdzyjy_zk/zk_zbzzdl/zbzzdl_jxsjzzl/202502/P020250207520260036526.pdf	346206	高职专科/装备制造大类/机械设计制造类/460114_特种加工技术.pdf
高职专科	装备制造大类	机械设计制造类	460115 智能光电制造技术	https://www.moe.gov.cn/s78/A07/zcs_ztzl/2017_zt06/17zt06_bznr/bznr_zyjyzyjxbz/gdzyjy_zk/zk_zbzzdl/zbzzdl_jxsjzzl/202502/P020250207519990535107.pdf	341055	高职专科/装备制造大类/机械设计制造类/460115_智能光电制造技术.pdf
高职专科	装备制造大类	机械设计制造类	460116 电线电缆制造技术	https://www.moe.gov.cn/s78/A07/zcs_ztzl/2017_zt06/17zt06_bznr/bznr_zyjyzyjxbz/gdzyjy_zk/zk_zbzzdl/zbzzdl_jxsjzzl/202502/P020250207519322488900.pdf	356261	高职专科/装备制造大类/机械设计制造类/460116_电线电缆制造技术.pdf
高职专科	装备制造大类	机械设计制造类	460118 机械装备制造技术	https://www.moe.gov.cn/s78/A07/zcs_ztzl/2017_zt06/17zt06_bznr/bznr_zyjyzyjxbz/gdzyjy_zk/zk_zbzzdl/zbzzdl_jxsjzzl/202502/P020250207518953377554.pdf	348705	高职专科/装备制造大类/机械设计制造类/460118_机械装备制造技术.pdf
高职专科	装备制造大类	机械设计制造类	460119 工业产品质量检测技术	https://www.moe.gov.cn/s78/A07/zcs_ztzl/2017_zt06/17zt06_bznr/bznr_zyjyzyjxbz/gdzyjy_zk/zk_zbzzdl/zbzzdl_jxsjzzl/202502/P020250207518583988209.pdf	325920	高职专科/装备制造大类/机械设计制造类/460119_工业产品质量检测技术.pdf
高职专科	装备制造大类	机械设计制造类	460120 理化测试与质检技术	https://www.moe.gov.cn/s78/A07/zcs_ztzl/2017_zt06/17zt06_bznr/bznr_zyjyzyjxbz/gdzyjy_zk/zk_zbzzdl/zbzzdl_jxsjzzl/202502/P020250207518345526728.pdf	348055	高职专科/装备制造大类/机械设计制造类/460120_理化测试与质检技术.pdf
高职专科	装备制造大类	汽车制造类	460701 汽车制造与试验技术	https://www.moe.gov.cn/s78/A07/zcs_ztzl/2017_zt06/17zt06_bznr/bznr_zyjyzyjxbz/gdzyjy_zk/zk_zbzzdl/zbzzdl_qczzl/202502/P020250207528835215404.pdf	339623	高职专科/装备制造大类/汽车制造类/460701_汽车制造与试验技术.pdf
高职专科	装备制造大类	汽车制造类	460702 新能源汽车技术	https://www.moe.gov.cn/s78/A07/zcs_ztzl/2017_zt06/17zt06_bznr/bznr_zyjyzyjxbz/gdzyjy_zk/zk_zbzzdl/zbzzdl_qczzl/202502/P020250207528684826334.pdf	360180	高职专科/装备制造大类/汽车制造类/460702_新能源汽车技术.pdf
高职专科	装备制造大类	汽车制造类	460703 汽车电子技术	https://www.moe.gov.cn/s78/A07/zcs_ztzl/2017_zt06/17zt06_bznr/bznr_zyjyzyjxbz/gdzyjy_zk/zk_zbzzdl/zbzzdl_qczzl/202502/P020250207528543453836.pdf	348021	高职专科/装备制造大类/汽车制造类/460703_汽车电子技术.pdf
高职专科	装备制造大类	汽车制造类	460704 智能网联汽车技术	https://www.moe.gov.cn/s78/A07/zcs_ztzl/2017_zt06/17zt06_bznr/bznr_zyjyzyjxbz/gdzyjy_zk/zk_zbzzdl/zbzzdl_qczzl/202502/P020250207528412902948.pdf	359654	高职专科/装备制造大类/汽车制造类/460704_智能网联汽车技术.pdf
高职专科	装备制造大类	汽车制造类	460705 汽车造型与改装技术	https://www.moe.gov.cn/s78/A07/zcs_ztzl/2017_zt06/17zt06_bznr/bznr_zyjyzyjxbz/gdzyjy_zk/zk_zbzzdl/zbzzdl_qczzl/202502/P020250207528238489234.pdf	356898	高职专科/装备制造大类/汽车制造类/460705_汽车造型与改装技术.pdf
高职专科	生物与化工大类	生物技术类	470101 食品生物技术	https://www.moe.gov.cn/s78/A07/zcs_ztzl/2017_zt06/17zt06_bznr/bznr_zyjyzyjxbz/gdzyjy_zk/zk_swyhgdl/zbzzdl_swjsl/202502/P020250207520998255022.pdf	360076	高职专科/生物与化工大类/生物技术类/470101_食品生物技术.pdf
高职专科	生物与化工大类	生物技术类	470102 药品生物技术	https://www.moe.gov.cn/s78/A07/zcs_ztzl/2017_zt06/17zt06_bznr/bznr_zyjyzyjxbz/gdzyjy_zk/zk_swyhgdl/zbzzdl_swjsl/202502/P020250207521381867895.pdf	350341	高职专科/生物与化工大类/生物技术类/470102_药品生物技术.pdf
高职专科	生物与化工大类	生物技术类	470103 农业生物技术	https://www.moe.gov.cn/s78/A07/zcs_ztzl/2017_zt06/17zt06_bznr/bznr_zyjyzyjxbz/gdzyjy_zk/zk_swyhgdl/zbzzdl_swjsl/202502/P020250207521853674028.pdf	354909	高职专科/生物与化工大类/生物技术类/470103_农业生物技术.pdf
高职专科	生物与化工大类	生物技术类	470105 生物产品检验检疫	https://www.moe.gov.cn/s78/A07/zcs_ztzl/2017_zt06/17zt06_bznr/bznr_zyjyzyjxbz/gdzyjy_zk/zk_swyhgdl/zbzzdl_swjsl/202502/P020250207522188890652.pdf	350005	高职专科/生物与化工大类/生物技术类/470105_生物产品检验检疫.pdf
高职专科	生物与化工大类	生物技术类	470106 绿色生物制造技术	https://www.moe.gov.cn/s78/A07/zcs_ztzl/2017_zt06/17zt06_bznr/bznr_zyjyzyjxbz/gdzyjy_zk/zk_swyhgdl/zbzzdl_swjsl/202502/P020250207522505889646.pdf	344068	高职专科/生物与化工大类/生物技术类/470106_绿色生物制造技术.pdf
高职专科	生物与化工大类	生物技术类	470107 生物信息技术	https://www.moe.gov.cn/s78/A07/zcs_ztzl/2017_zt06/17zt06_bznr/bznr_zyjyzyjxbz/gdzyjy_zk/zk_swyhgdl/zbzzdl_swjsl/202502/P020250207522870843571.pdf	349762	高职专科/生物与化工大类/生物技术类/470107_生物信息技术.pdf
高职专科	装备制造大类	自动化类	460301 机电一体化技术	https://www.moe.gov.cn/s78/A07/zcs_ztzl/2017_zt06/17zt06_bznr/bznr_zyjyzyjxbz/gdzyjy_zk/zk_zbzzdl/zbzzdl_zdhl/202502/P020250207525314104497.pdf	343418	高职专科/装备制造大类/自动化类/460301_机电一体化技术.pdf
高职专科	装备制造大类	自动化类	460302 智能机电技术	https://www.moe.gov.cn/s78/A07/zcs_ztzl/2017_zt06/17zt06_bznr/bznr_zyjyzyjxbz/gdzyjy_zk/zk_zbzzdl/zbzzdl_zdhl/202502/P020250207525125369656.pdf	353480	高职专科/装备制造大类/自动化类/460302_智能机电技术.pdf
高职专科	装备制造大类	自动化类	460303 智能控制技术	https://www.moe.gov.cn/s78/A07/zcs_ztzl/2017_zt06/17zt06_bznr/bznr_zyjyzyjxbz/gdzyjy_zk/zk_zbzzdl/zbzzdl_zdhl/202502/P020250207524950667082.pdf	361773	高职专科/装备制造大类/自动化类/460303_智能控制技术.pdf
高职专科	装备制造大类	自动化类	460304 智能机器人技术	https://www.moe.gov.cn/s78/A07/zcs_ztzl/2017_zt06/17zt06_bznr/bznr_zyjyzyjxbz/gdzyjy_zk/zk_zbzzdl/zbzzdl_zdhl/202502/P020250207524709773761.pdf	347599	高职专科/装备制造大类/自动化类/460304_智能机器人技术.pdf
高职专科	装备制造大类	自动化类	460305 工业机器人技术	https://www.moe.gov.cn/s78/A07/zcs_ztzl/2017_zt06/17zt06_bznr/bznr_zyjyzyjxbz/gdzyjy_zk/zk_zbzzdl/zbzzdl_zdhl/202502/P020250207524455884017.pdf	347501	高职专科/装备制造大类/自动化类/460305_工业机器人技术.pdf
高职专科	装备制造大类	自动化类	460306 电气自动化技术	https://www.moe.gov.cn/s78/A07/zcs_ztzl/2017_zt06/17zt06_bznr/bznr_zyjyzyjxbz/gdzyjy_zk/zk_zbzzdl/zbzzdl_zdhl/202502/P020250207524248703966.pdf	338430	高职专科/装备制造大类/自动化类/460306_电气自动化技术.pdf
高职专科	装备制造大类	自动化类	460307 工业过程自动化技术	https://www.moe.gov.cn/s78/A07/zcs_ztzl/2017_zt06/17zt06_bznr/bznr_zyjyzyjxbz/gdzyjy_zk/zk_zbzzdl/zbzzdl_zdhl/202502/P020250207524099196484.pdf	355072	高职专科/装备制造大类/自动化类/460307_工业过程自动化技术.pdf
高职专科	装备制造大类	自动化类	460308 工业自动化仪表技术	https://www.moe.gov.cn/s78/A07/zcs_ztzl/2017_zt06/17zt06_bznr/bznr_zyjyzyjxbz/gdzyjy_zk/zk_zbzzdl/zbzzdl_zdhl/202502/P020250207523895093236.pdf	340310	高职专科/装备制造大类/自动化类/460308_工业自动化仪表技术.pdf
高职专科	装备制造大类	自动化类	460309 液压与气动技术	https://www.moe.gov.cn/s78/A07/zcs_ztzl/2017_zt06/17zt06_bznr/bznr_zyjyzyjxbz/gdzyjy_zk/zk_zbzzdl/zbzzdl_zdhl/202502/P020250207523647690638.pdf	338502	高职专科/装备制造大类/自动化类/460309_液压与气动技术.pdf
高职专科	装备制造大类	自动化类	460310 工业互联网应用	https://www.moe.gov.cn/s78/A07/zcs_ztzl/2017_zt06/17zt06_bznr/bznr_zyjyzyjxbz/gdzyjy_zk/zk_zbzzdl/zbzzdl_zdhl/202502/P020250207523505902572.pdf	346599	高职专科/装备制造大类/自动化类/460310_工业互联网应用.pdf
高职专科	装备制造大类	自动化类	460311 计量测试与应用技术	https://www.moe.gov.cn/s78/A07/zcs_ztzl/2017_zt06/17zt06_bznr/bznr_zyjyzyjxbz/gdzyjy_zk/zk_zbzzdl/zbzzdl_zdhl/202502/P020250207523346568833.pdf	343876	高职专科/装备制造大类/自动化类/460311_计量测试与应用技术.pdf
高职专科	资源环境与安全大类	安全类	420901 安全技术与管理	https://www.moe.gov.cn/s78/A07/zcs_ztzl/2017_zt06/17zt06_bznr/bznr_zyjyzyjxbz/gdzyjy_zk/zk_zyhjyaqdl/zyhjyaqdl_aql/202502/P020250207509466294960.pdf	346617	高职专科/资源环境与安全大类/安全类/420901_安全技术与管理.pdf
高职专科	资源环境与安全大类	安全类	420905 应急救援技术	https://www.moe.gov.cn/s78/A07/zcs_ztzl/2017_zt06/17zt06_bznr/bznr_zyjyzyjxbz/gdzyjy_zk/zk_zyhjyaqdl/zyhjyaqdl_aql/202502/P020250207509278822780.pdf	341985	高职专科/资源环境与安全大类/安全类/420905_应急救援技术.pdf
高职专科	资源环境与安全大类	安全类	420906 消防救援技术	https://www.moe.gov.cn/s78/A07/zcs_ztzl/2017_zt06/17zt06_bznr/bznr_zyjyzyjxbz/gdzyjy_zk/zk_zyhjyaqdl/zyhjyaqdl_aql/202502/P020250207509122027868.pdf	350446	高职专科/资源环境与安全大类/安全类/420906_消防救援技术.pdf
高职专科	资源环境与安全大类	安全类	420908 职业健康安全技术	https://www.moe.gov.cn/s78/A07/zcs_ztzl/2017_zt06/17zt06_bznr/bznr_zyjyzyjxbz/gdzyjy_zk/zk_zyhjyaqdl/zyhjyaqdl_aql/202502/P020250207508978786410.pdf	352173	高职专科/资源环境与安全大类/安全类/420908_职业健康安全技术.pdf
高职专科	能源动力与材料大类	电力技术类	430104 分布式发电与智能微电网技术	https://www.moe.gov.cn/s78/A07/zcs_ztzl/2017_zt06/17zt06_bznr/bznr_zyjyzyjxbz/gdzyjy_zk/zk_nydlycldl/zyhjyaqdl_dljsl/202502/P020250207503024584406.pdf	337028	高职专科/能源动力与材料大类/电力技术类/430104_分布式发电与智能微电网技术.pdf
高职专科	能源动力与材料大类	电力技术类	430105 电力系统自动化技术	https://www.moe.gov.cn/s78/A07/zcs_ztzl/2017_zt06/17zt06_bznr/bznr_zyjyzyjxbz/gdzyjy_zk/zk_nydlycldl/zyhjyaqdl_dljsl/202502/P020250207503650930772.pdf	344395	高职专科/能源动力与材料大类/电力技术类/430105_电力系统自动化技术.pdf
高职专科	能源动力与材料大类	电力技术类	430106 电力系统继电保护技术	https://www.moe.gov.cn/s78/A07/zcs_ztzl/2017_zt06/17zt06_bznr/bznr_zyjyzyjxbz/gdzyjy_zk/zk_nydlycldl/zyhjyaqdl_dljsl/202502/P020250207504487131679.pdf	343046	高职专科/能源动力与材料大类/电力技术类/430106_电力系统继电保护技术.pdf
高职专科	能源动力与材料大类	电力技术类	430107 输配电工程技术	https://www.moe.gov.cn/s78/A07/zcs_ztzl/2017_zt06/17zt06_bznr/bznr_zyjyzyjxbz/gdzyjy_zk/zk_nydlycldl/zyhjyaqdl_dljsl/202502/P020250207506285729165.pdf	337954	高职专科/能源动力与材料大类/电力技术类/430107_输配电工程技术.pdf
高职专科	能源动力与材料大类	电力技术类	430108 供用电技术	https://www.moe.gov.cn/s78/A07/zcs_ztzl/2017_zt06/17zt06_bznr/bznr_zyjyzyjxbz/gdzyjy_zk/zk_nydlycldl/zyhjyaqdl_dljsl/202502/P020250207506725755514.pdf	351117	高职专科/能源动力与材料大类/电力技术类/430108_供用电技术.pdf
高职专科	资源环境与安全大类	地质类	420209 城市地质勘查	https://www.moe.gov.cn/s78/A07/zcs_ztzl/2017_zt06/17zt06_bznr/bznr_zyjyzyjxbz/gdzyjy_zk/zk_zyhjyaqdl/zyhjyaqdl_dzl/202502/P020250207504247725132.pdf	358876	高职专科/资源环境与安全大类/地质类/420209_城市地质勘查.pdf
高职专科	能源动力与材料大类	非金属材料类	430601 材料工程技术	https://www.moe.gov.cn/s78/A07/zcs_ztzl/2017_zt06/17zt06_bznr/bznr_zyjyzyjxbz/gdzyjy_zk/zk_nydlycldl/zyhjyaqdl_fjscll/202502/P020250207516967907475.pdf	336366	高职专科/能源动力与材料大类/非金属材料类/430601_材料工程技术.pdf
高职专科	能源动力与材料大类	非金属材料类	430602 高分子材料智能制造技术	https://www.moe.gov.cn/s78/A07/zcs_ztzl/2017_zt06/17zt06_bznr/bznr_zyjyzyjxbz/gdzyjy_zk/zk_nydlycldl/zyhjyaqdl_fjscll/202502/P020250207517389976190.pdf	322166	高职专科/能源动力与材料大类/非金属材料类/430602_高分子材料智能制造技术.pdf
高职专科	能源动力与材料大类	非金属材料类	430603 复合材料智能制造技术	https://www.moe.gov.cn/s78/A07/zcs_ztzl/2017_zt06/17zt06_bznr/bznr_zyjyzyjxbz/gdzyjy_zk/zk_nydlycldl/zyhjyaqdl_fjscll/202502/P020250207517745776698.pdf	356902	高职专科/能源动力与材料大类/非金属材料类/430603_复合材料智能制造技术.pdf
高职专科	能源动力与材料大类	非金属材料类	430604 航空复合材料成型与加工技术	https://www.moe.gov.cn/s78/A07/zcs_ztzl/2017_zt06/17zt06_bznr/bznr_zyjyzyjxbz/gdzyjy_zk/zk_nydlycldl/zyhjyaqdl_fjscll/202502/P020250207518040921888.pdf	344380	高职专科/能源动力与材料大类/非金属材料类/430604_航空复合材料成型与加工技术.pdf
高职专科	能源动力与材料大类	非金属材料类	430607 硅材料制备技术	https://www.moe.gov.cn/s78/A07/zcs_ztzl/2017_zt06/17zt06_bznr/bznr_zyjyzyjxbz/gdzyjy_zk/zk_nydlycldl/zyhjyaqdl_fjscll/202502/P020250207518401651008.pdf	333333	高职专科/能源动力与材料大类/非金属材料类/430607_硅材料制备技术.pdf
高职专科	资源环境与安全大类	测绘地理信息类	420301 工程测量技术	https://www.moe.gov.cn/s78/A07/zcs_ztzl/2017_zt06/17zt06_bznr/bznr_zyjyzyjxbz/gdzyjy_zk/zk_zyhjyaqdl/zyhjyaqdl_hcdlxxl/202502/P020250207505875304431.pdf	348644	高职专科/资源环境与安全大类/测绘地理信息类/420301_工程测量技术.pdf
高职专科	资源环境与安全大类	测绘地理信息类	420302 测绘工程技术	https://www.moe.gov.cn/s78/A07/zcs_ztzl/2017_zt06/17zt06_bznr/bznr_zyjyzyjxbz/gdzyjy_zk/zk_zyhjyaqdl/zyhjyaqdl_hcdlxxl/202502/P020250207505709210099.pdf	349249	高职专科/资源环境与安全大类/测绘地理信息类/420302_测绘工程技术.pdf
高职专科	资源环境与安全大类	测绘地理信息类	420304 摄影测量与遥感技术	https://www.moe.gov.cn/s78/A07/zcs_ztzl/2017_zt06/17zt06_bznr/bznr_zyjyzyjxbz/gdzyjy_zk/zk_zyhjyaqdl/zyhjyaqdl_hcdlxxl/202502/P020250207505542661902.pdf	353570	高职专科/资源环境与安全大类/测绘地理信息类/420304_摄影测量与遥感技术.pdf
高职专科	资源环境与安全大类	测绘地理信息类	420305 地籍测绘与土地管理	https://www.moe.gov.cn/s78/A07/zcs_ztzl/2017_zt06/17zt06_bznr/bznr_zyjyzyjxbz/gdzyjy_zk/zk_zyhjyaqdl/zyhjyaqdl_hcdlxxl/202502/P020250207505364562715.pdf	359860	高职专科/资源环境与安全大类/测绘地理信息类/420305_地籍测绘与土地管理.pdf
高职专科	资源环境与安全大类	测绘地理信息类	420306 国土空间规划与测绘	https://www.moe.gov.cn/s78/A07/zcs_ztzl/2017_zt06/17zt06_bznr/bznr_zyjyzyjxbz/gdzyjy_zk/zk_zyhjyaqdl/zyhjyaqdl_hcdlxxl/202502/P020250207505152458069.pdf	342307	高职专科/资源环境与安全大类/测绘地理信息类/420306_国土空间规划与测绘.pdf
高职专科	资源环境与安全大类	测绘地理信息类	420307 无人机测绘技术	https://www.moe.gov.cn/s78/A07/zcs_ztzl/2017_zt06/17zt06_bznr/bznr_zyjyzyjxbz/gdzyjy_zk/zk_zyhjyaqdl/zyhjyaqdl_hcdlxxl/202502/P020250207504954681273.pdf	343673	高职专科/资源环境与安全大类/测绘地理信息类/420307_无人机测绘技术.pdf
高职专科	资源环境与安全大类	测绘地理信息类	420308 矿山测量	https://www.moe.gov.cn/s78/A07/zcs_ztzl/2017_zt06/17zt06_bznr/bznr_zyjyzyjxbz/gdzyjy_zk/zk_zyhjyaqdl/zyhjyaqdl_hcdlxxl/202502/P020250207504756718943.pdf	362980	高职专科/资源环境与安全大类/测绘地理信息类/420308_矿山测量.pdf
高职专科	资源环境与安全大类	测绘地理信息类	420310 空间数字建模与应用技术	https://www.moe.gov.cn/s78/A07/zcs_ztzl/2017_zt06/17zt06_bznr/bznr_zyjyzyjxbz/gdzyjy_zk/zk_zyhjyaqdl/zyhjyaqdl_hcdlxxl/202502/P020250207504592182016.pdf	343999	高职专科/资源环境与安全大类/测绘地理信息类/420310_空间数字建模与应用技术.pdf
高职专科	资源环境与安全大类	环境保护类	420801 环境监测技术	https://www.moe.gov.cn/s78/A07/zcs_ztzl/2017_zt06/17zt06_bznr/bznr_zyjyzyjxbz/gdzyjy_zk/zk_zyhjyaqdl/zyhjyaqdl_hjbhl/202502/P020250207508723794615.pdf	341424	高职专科/资源环境与安全大类/环境保护类/420801_环境监测技术.pdf
高职专科	资源环境与安全大类	环境保护类	420802 环境工程技术	https://www.moe.gov.cn/s78/A07/zcs_ztzl/2017_zt06/17zt06_bznr/bznr_zyjyzyjxbz/gdzyjy_zk/zk_zyhjyaqdl/zyhjyaqdl_hjbhl/202502/P020250207508565301583.pdf	339862	高职专科/资源环境与安全大类/环境保护类/420802_环境工程技术.pdf
高职专科	资源环境与安全大类	环境保护类	420805 环境管理与评价	https://www.moe.gov.cn/s78/A07/zcs_ztzl/2017_zt06/17zt06_bznr/bznr_zyjyzyjxbz/gdzyjy_zk/zk_zyhjyaqdl/zyhjyaqdl_hjbhl/202502/P020250207508422222871.pdf	323916	高职专科/资源环境与安全大类/环境保护类/420805_环境管理与评价.pdf
高职专科	资源环境与安全大类	环境保护类	420806 生态环境修复技术	https://www.moe.gov.cn/s78/A07/zcs_ztzl/2017_zt06/17zt06_bznr/bznr_zyjyzyjxbz/gdzyjy_zk/zk_zyhjyaqdl/zyhjyaqdl_hjbhl/202502/P020250207508258158744.pdf	334343	高职专科/资源环境与安全大类/环境保护类/420806_生态环境修复技术.pdf
高职专科	资源环境与安全大类	环境保护类	420808 资源综合利用技术	https://www.moe.gov.cn/s78/A07/zcs_ztzl/2017_zt06/17zt06_bznr/bznr_zyjyzyjxbz/gdzyjy_zk/zk_zyhjyaqdl/zyhjyaqdl_hjbhl/202502/P020250207508108257388.pdf	356624	高职专科/资源环境与安全大类/环境保护类/420808_资源综合利用技术.pdf
高职专科	资源环境与安全大类	环境保护类	420811 智能环保装备技术	https://www.moe.gov.cn/s78/A07/zcs_ztzl/2017_zt06/17zt06_bznr/bznr_zyjyzyjxbz/gdzyjy_zk/zk_zyhjyaqdl/zyhjyaqdl_hjbhl/202502/P020250207507941696792.pdf	340241	高职专科/资源环境与安全大类/环境保护类/420811_智能环保装备技术.pdf
高职专科	能源动力与材料大类	黑色金属材料类	430401 钢铁智能冶金技术	https://www.moe.gov.cn/s78/A07/zcs_ztzl/2017_zt06/17zt06_bznr/bznr_zyjyzyjxbz/gdzyjy_zk/zk_nydlycldl/zyhjyaqdl_hsjscll/202502/P020250207514777962226.pdf	342834	高职专科/能源动力与材料大类/黑色金属材料类/430401_钢铁智能冶金技术.pdf
高职专科	能源动力与材料大类	黑色金属材料类	430402 智能轧钢技术	https://www.moe.gov.cn/s78/A07/zcs_ztzl/2017_zt06/17zt06_bznr/bznr_zyjyzyjxbz/gdzyjy_zk/zk_nydlycldl/zyhjyaqdl_hsjscll/202502/P020250207515093582676.pdf	323032	高职专科/能源动力与材料大类/黑色金属材料类/430402_智能轧钢技术.pdf
高职专科	资源环境与安全大类	金属与非金属矿类	420601 矿山智能开采技术	https://www.moe.gov.cn/s78/A07/zcs_ztzl/2017_zt06/17zt06_bznr/bznr_zyjyzyjxbz/gdzyjy_zk/zk_zyhjyaqdl/zyhjyaqdl_jsyfjskl/202502/P020250207507717503867.pdf	366804	高职专科/资源环境与安全大类/金属与非金属矿类/420601_矿山智能开采技术.pdf
高职专科	能源动力与材料大类	建筑材料类	430701 建筑材料工程技术	https://www.moe.gov.cn/s78/A07/zcs_ztzl/2017_zt06/17zt06_bznr/bznr_zyjyzyjxbz/gdzyjy_zk/zk_nydlycldl/zyhjyaqdl_jzcll/202502/P020250207519062840169.pdf	379686	高职专科/能源动力与材料大类/建筑材料类/430701_建筑材料工程技术.pdf
高职专科	能源动力与材料大类	建筑材料类	430705 装配式建筑构件智能制造技术	https://www.moe.gov.cn/s78/A07/zcs_ztzl/2017_zt06/17zt06_bznr/bznr_zyjyzyjxbz/gdzyjy_zk/zk_nydlycldl/zyhjyaqdl_jzcll/202502/P020250207519428164089.pdf	374994	高职专科/能源动力与材料大类/建筑材料类/430705_装配式建筑构件智能制造技术.pdf
高职专科	资源环境与安全大类	煤炭类	420501 煤矿智能开采技术	https://www.moe.gov.cn/s78/A07/zcs_ztzl/2017_zt06/17zt06_bznr/bznr_zyjyzyjxbz/gdzyjy_zk/zk_zyhjyaqdl/zyhjyaqdl_mtl/202502/P020250207507382626432.pdf	343804	高职专科/资源环境与安全大类/煤炭类/420501_煤矿智能开采技术.pdf
高职专科	资源环境与安全大类	煤炭类	420503 通风技术与安全管理	https://www.moe.gov.cn/s78/A07/zcs_ztzl/2017_zt06/17zt06_bznr/bznr_zyjyzyjxbz/gdzyjy_zk/zk_zyhjyaqdl/zyhjyaqdl_mtl/202502/P020250207507209698396.pdf	343563	高职专科/资源环境与安全大类/煤炭类/420503_通风技术与安全管理.pdf
高职专科	资源环境与安全大类	煤炭类	420504 矿山机电与智能装备	https://www.moe.gov.cn/s78/A07/zcs_ztzl/2017_zt06/17zt06_bznr/bznr_zyjyzyjxbz/gdzyjy_zk/zk_zyhjyaqdl/zyhjyaqdl_mtl/202502/P020250207507046853893.pdf	345680	高职专科/资源环境与安全大类/煤炭类/420504_矿山机电与智能装备.pdf
高职专科	资源环境与安全大类	煤炭类	420505 煤炭清洁利用技术	https://www.moe.gov.cn/s78/A07/zcs_ztzl/2017_zt06/17zt06_bznr/bznr_zyjyzyjxbz/gdzyjy_zk/zk_zyhjyaqdl/zyhjyaqdl_mtl/202502/P020250207506870162061.pdf	357961	高职专科/资源环境与安全大类/煤炭类/420505_煤炭清洁利用技术.pdf
高职专科	能源动力与材料大类	热能与发电工程类	430201 热能动力工程技术	https://www.moe.gov.cn/s78/A07/zcs_ztzl/2017_zt06/17zt06_bznr/bznr_zyjyzyjxbz/gdzyjy_zk/zk_nydlycldl/zyhjyaqdl_rnyfdgcl/202502/P020250207507511603875.pdf	338139	高职专科/能源动力与材料大类/热能与发电工程类/430201_热能动力工程技术.pdf
高职专科	能源动力与材料大类	热能与发电工程类	430203 地热开发技术	https://www.moe.gov.cn/s78/A07/zcs_ztzl/2017_zt06/17zt06_bznr/bznr_zyjyzyjxbz/gdzyjy_zk/zk_nydlycldl/zyhjyaqdl_rnyfdgcl/202502/P020250207507864656760.pdf	347872	高职专科/能源动力与材料大类/热能与发电工程类/430203_地热开发技术.pdf
高职专科	能源动力与材料大类	热能与发电工程类	430204 太阳能光热技术与应用	https://www.moe.gov.cn/s78/A07/zcs_ztzl/2017_zt06/17zt06_bznr/bznr_zyjyzyjxbz/gdzyjy_zk/zk_nydlycldl/zyhjyaqdl_rnyfdgcl/202502/P020250207508238402496.pdf	347458	高职专科/能源动力与材料大类/热能与发电工程类/430204_太阳能光热技术与应用.pdf
高职专科	能源动力与材料大类	热能与发电工程类	430205 发电运行技术	https://www.moe.gov.cn/s78/A07/zcs_ztzl/2017_zt06/17zt06_bznr/bznr_zyjyzyjxbz/gdzyjy_zk/zk_nydlycldl/zyhjyaqdl_rnyfdgcl/202502/P020250207508867937376.pdf	342543	高职专科/能源动力与材料大类/热能与发电工程类/430205_发电运行技术.pdf
高职专科	能源动力与材料大类	热能与发电工程类	430206 热工自动化技术	https://www.moe.gov.cn/s78/A07/zcs_ztzl/2017_zt06/17zt06_bznr/bznr_zyjyzyjxbz/gdzyjy_zk/zk_nydlycldl/zyhjyaqdl_rnyfdgcl/202502/P020250207509307809080.pdf	347823	高职专科/能源动力与材料大类/热能与发电工程类/430206_热工自动化技术.pdf
高职专科	资源环境与安全大类	石油与天然气类	420401 油气储运技术	https://www.moe.gov.cn/s78/A07/zcs_ztzl/2017_zt06/17zt06_bznr/bznr_zyjyzyjxbz/gdzyjy_zk/zk_zyhjyaqdl/zyhjyaqdl_syytrql/202502/P020250207506619731817.pdf	349667	高职专科/资源环境与安全大类/石油与天然气类/420401_油气储运技术.pdf
高职专科	资源环境与安全大类	石油与天然气类	420402 油气地质勘探技术	https://www.moe.gov.cn/s78/A07/zcs_ztzl/2017_zt06/17zt06_bznr/bznr_zyjyzyjxbz/gdzyjy_zk/zk_zyhjyaqdl/zyhjyaqdl_syytrql/202502/P020250207506369193758.pdf	323453	高职专科/资源环境与安全大类/石油与天然气类/420402_油气地质勘探技术.pdf
高职专科	资源环境与安全大类	石油与天然气类	420404 油气智能开采技术	https://www.moe.gov.cn/s78/A07/zcs_ztzl/2017_zt06/17zt06_bznr/bznr_zyjyzyjxbz/gdzyjy_zk/zk_zyhjyaqdl/zyhjyaqdl_syytrql/202502/P020250207506149604191.pdf	351195	高职专科/资源环境与安全大类/石油与天然气类/420404_油气智能开采技术.pdf
高职专科	能源动力与材料大类	新能源发电工程类	430301 光伏工程技术	https://www.moe.gov.cn/s78/A07/zcs_ztzl/2017_zt06/17zt06_bznr/bznr_zyjyzyjxbz/gdzyjy_zk/zk_nydlycldl/zyhjyaqdl_xnyfdgcl/202502/P020250207510770251032.pdf	384628	高职专科/能源动力与材料大类/新能源发电工程类/430301_光伏工程技术.pdf
高职专科	能源动力与材料大类	新能源发电工程类	430302 风力发电工程技术	https://www.moe.gov.cn/s78/A07/zcs_ztzl/2017_zt06/17zt06_bznr/bznr_zyjyzyjxbz/gdzyjy_zk/zk_nydlycldl/zyhjyaqdl_xnyfdgcl/202502/P020250207511297922058.pdf	375839	高职专科/能源动力与材料大类/新能源发电工程类/430302_风力发电工程技术.pdf
高职专科	能源动力与材料大类	新能源发电工程类	430303 生物质能应用技术	https://www.moe.gov.cn/s78/A07/zcs_ztzl/2017_zt06/17zt06_bznr/bznr_zyjyzyjxbz/gdzyjy_zk/zk_nydlycldl/zyhjyaqdl_xnyfdgcl/202502/P020250207511606803032.pdf	348070	高职专科/能源动力与材料大类/新能源发电工程类/430303_生物质能应用技术.pdf
高职专科	能源动力与材料大类	新能源发电工程类	430305 工业节能技术	https://www.moe.gov.cn/s78/A07/zcs_ztzl/2017_zt06/17zt06_bznr/bznr_zyjyzyjxbz/gdzyjy_zk/zk_nydlycldl/zyhjyaqdl_xnyfdgcl/202502/P020250207512000649994.pdf	344771	高职专科/能源动力与材料大类/新能源发电工程类/430305_工业节能技术.pdf
高职专科	能源动力与材料大类	新能源发电工程类	430306 节电技术与管理	https://www.moe.gov.cn/s78/A07/zcs_ztzl/2017_zt06/17zt06_bznr/bznr_zyjyzyjxbz/gdzyjy_zk/zk_nydlycldl/zyhjyaqdl_xnyfdgcl/202502/P020250207512988228820.pdf	318130	高职专科/能源动力与材料大类/新能源发电工程类/430306_节电技术与管理.pdf
高职专科	能源动力与材料大类	新能源发电工程类	430307 新能源材料应用技术	https://www.moe.gov.cn/s78/A07/zcs_ztzl/2017_zt06/17zt06_bznr/bznr_zyjyzyjxbz/gdzyjy_zk/zk_nydlycldl/zyhjyaqdl_xnyfdgcl/202502/P020250207513445795853.pdf	359271	高职专科/能源动力与材料大类/新能源发电工程类/430307_新能源材料应用技术.pdf
高职专科	能源动力与材料大类	有色金属材料类	430501 有色金属智能冶金技术	https://www.moe.gov.cn/s78/A07/zcs_ztzl/2017_zt06/17zt06_bznr/bznr_zyjyzyjxbz/gdzyjy_zk/zk_nydlycldl/zyhjyaqdl_ysjscll/202502/P020250207515715029214.pdf	339892	高职专科/能源动力与材料大类/有色金属材料类/430501_有色金属智能冶金技术.pdf
高职专科	能源动力与材料大类	有色金属材料类	430505 稀土材料技术	https://www.moe.gov.cn/s78/A07/zcs_ztzl/2017_zt06/17zt06_bznr/bznr_zyjyzyjxbz/gdzyjy_zk/zk_nydlycldl/zyhjyaqdl_ysjscll/202502/P020250207516038159261.pdf	360822	高职专科/能源动力与材料大类/有色金属材料类/430505_稀土材料技术.pdf
高职专科	资源环境与安全大类	资源勘查类	420103 生态地质调查	https://www.moe.gov.cn/s78/A07/zcs_ztzl/2017_zt06/17zt06_bznr/bznr_zyjyzyjxbz/gdzyjy_zk/zk_zyhjyaqdl/zyhjyaqdl_zykcl/202502/P020250207504022888834.pdf	357697	高职专科/资源环境与安全大类/资源勘查类/420103_生态地质调查.pdf
高职专科	资源环境与安全大类	资源勘查类	420107 宝玉石鉴定与加工	https://www.moe.gov.cn/s78/A07/zcs_ztzl/2017_zt06/17zt06_bznr/bznr_zyjyzyjxbz/gdzyjy_zk/zk_zyhjyaqdl/zyhjyaqdl_zykcl/202502/P020250207503812736288.pdf	351988	高职专科/资源环境与安全大类/资源勘查类/420107_宝玉石鉴定与加工.pdf
中职	财经商贸大类	财务会计类	730301 会计事务	https://www.moe.gov.cn/s78/A07/zcs_ztzl/2017_zt06/17zt06_bznr/bznr_zyjyzyjxbz/zyjyzyjxbz_zz/zz_cjsmdl/cjsmdl_cwkjl/202502/P020250207455418998939.pdf	364861	中职/财经商贸大类/财务会计类/730301_会计事务.pdf
中职	财经商贸大类	财政税务类	730101 纳税事务	https://www.moe.gov.cn/s78/A07/zcs_ztzl/2017_zt06/17zt06_bznr/bznr_zyjyzyjxbz/zyjyzyjxbz_zz/zz_cjsmdl/cjsmdl_czswl/202502/P020250207454706203753.pdf	347314	中职/财经商贸大类/财政税务类/730101_纳税事务.pdf
中职	财经商贸大类	电子商务类	730701 电子商务	https://www.moe.gov.cn/s78/A07/zcs_ztzl/2017_zt06/17zt06_bznr/bznr_zyjyzyjxbz/zyjyzyjxbz_zz/zz_cjsmdl/cjsmdl_dzswl/202502/P020250207457714575190.pdf	347799	中职/财经商贸大类/电子商务类/730701_电子商务.pdf
中职	财经商贸大类	电子商务类	730702 跨境电子商务	https://www.moe.gov.cn/s78/A07/zcs_ztzl/2017_zt06/17zt06_bznr/bznr_zyjyzyjxbz/zyjyzyjxbz_zz/zz_cjsmdl/cjsmdl_dzswl/202502/P020250207457396792687.pdf	347805	中职/财经商贸大类/电子商务类/730702_跨境电子商务.pdf
中职	财经商贸大类	电子商务类	730703 移动商务	https://www.moe.gov.cn/s78/A07/zcs_ztzl/2017_zt06/17zt06_bznr/bznr_zyjyzyjxbz/zyjyzyjxbz_zz/zz_cjsmdl/cjsmdl_dzswl/202502/P020250207457226121205.pdf	345616	中职/财经商贸大类/电子商务类/730703_移动商务.pdf
中职	财经商贸大类	电子商务类	730704 网络营销	https://www.moe.gov.cn/s78/A07/zcs_ztzl/2017_zt06/17zt06_bznr/bznr_zyjyzyjxbz/zyjyzyjxbz_zz/zz_cjsmdl/cjsmdl_dzswl/202502/P020250207456764912953.pdf	346775	中职/财经商贸大类/电子商务类/730704_网络营销.pdf
中职	财经商贸大类	电子商务类	730705 直播电商服务	https://www.moe.gov.cn/s78/A07/zcs_ztzl/2017_zt06/17zt06_bznr/bznr_zyjyzyjxbz/zyjyzyjxbz_zz/zz_cjsmdl/cjsmdl_dzswl/202502/P020250207456541039292.pdf	328683	中职/财经商贸大类/电子商务类/730705_直播电商服务.pdf
中职	财经商贸大类	工商管理类	730602 市场营销	https://www.moe.gov.cn/s78/A07/zcs_ztzl/2017_zt06/17zt06_bznr/bznr_zyjyzyjxbz/zyjyzyjxbz_zz/zz_cjsmdl/cjsmdl_gsggl/202502/P020250207456285874767.pdf	334966	中职/财经商贸大类/工商管理类/730602_市场营销.pdf
中职	财经商贸大类	经济贸易类	730501 国际商务	https://www.moe.gov.cn/s78/A07/zcs_ztzl/2017_zt06/17zt06_bznr/bznr_zyjyzyjxbz/zyjyzyjxbz_zz/zz_cjsmdl/cjsmdl_jjmyl/202502/P020250207455944574146.pdf	339784	中职/财经商贸大类/经济贸易类/730501_国际商务.pdf
中职	财经商贸大类	经济贸易类	730502 服务外包	https://www.moe.gov.cn/s78/A07/zcs_ztzl/2017_zt06/17zt06_bznr/bznr_zyjyzyjxbz/zyjyzyjxbz_zz/zz_cjsmdl/cjsmdl_jjmyl/202502/P020250207455792482694.pdf	336793	中职/财经商贸大类/经济贸易类/730502_服务外包.pdf
中职	财经商贸大类	金融类	730201 金融事务	https://www.moe.gov.cn/s78/A07/zcs_ztzl/2017_zt06/17zt06_bznr/bznr_zyjyzyjxbz/zyjyzyjxbz_zz/zz_cjsmdl/cjsmdl_jrl/202502/P020250207454993955090.pdf	348142	中职/财经商贸大类/金融类/730201_金融事务.pdf
中职	财经商贸大类	物流类	730801 物流服务与管理	https://www.moe.gov.cn/s78/A07/zcs_ztzl/2017_zt06/17zt06_bznr/bznr_zyjyzyjxbz/zyjyzyjxbz_zz/zz_cjsmdl/cjsmdl_wll/202502/P020250207458667185978.pdf	347023	中职/财经商贸大类/物流类/730801_物流服务与管理.pdf
中职	财经商贸大类	物流类	730802 冷链物流服务与管理	https://www.moe.gov.cn/s78/A07/zcs_ztzl/2017_zt06/17zt06_bznr/bznr_zyjyzyjxbz/zyjyzyjxbz_zz/zz_cjsmdl/cjsmdl_wll/202502/P020250207458311811225.pdf	355512	中职/财经商贸大类/物流类/730802_冷链物流服务与管理.pdf
中职	财经商贸大类	物流类	730803 国际货运代理	https://www.moe.gov.cn/s78/A07/zcs_ztzl/2017_zt06/17zt06_bznr/bznr_zyjyzyjxbz/zyjyzyjxbz_zz/zz_cjsmdl/cjsmdl_wll/202502/P020250207458123572186.pdf	351098	中职/财经商贸大类/物流类/730803_国际货运代理.pdf
中职	财经商贸大类	物流类	730804 物流设施运行与维护	https://www.moe.gov.cn/s78/A07/zcs_ztzl/2017_zt06/17zt06_bznr/bznr_zyjyzyjxbz/zyjyzyjxbz_zz/zz_cjsmdl/cjsmdl_wll/202502/P020250207457915596126.pdf	354459	中职/财经商贸大类/物流类/730804_物流设施运行与维护.pdf
中职	电子与信息大类	电子信息类	710101 电子信息技术	https://www.moe.gov.cn/s78/A07/zcs_ztzl/2017_zt06/17zt06_bznr/bznr_zyjyzyjxbz/zyjyzyjxbz_zz/zz_dzyxxdl/dzxxdl_dzxxl/202502/P020250207447648191693.pdf	365487	中职/电子与信息大类/电子信息类/710101_电子信息技术.pdf
中职	电子与信息大类	电子信息类	710102 物联网技术应用	https://www.moe.gov.cn/s78/A07/zcs_ztzl/2017_zt06/17zt06_bznr/bznr_zyjyzyjxbz/zyjyzyjxbz_zz/zz_dzyxxdl/dzxxdl_dzxxl/202502/P020250207447334100277.pdf	340649	中职/电子与信息大类/电子信息类/710102_物联网技术应用.pdf
中职	电子与信息大类	集成电路类	710401 微电子技术与器件制造	https://www.moe.gov.cn/s78/A07/zcs_ztzl/2017_zt06/17zt06_bznr/bznr_zyjyzyjxbz/zyjyzyjxbz_zz/zz_dzyxxdl/dzxxdl_jcdll/202502/P020250207451131729159.pdf	351694	中职/电子与信息大类/集成电路类/710401_微电子技术与器件制造.pdf
中职	电子与信息大类	计算机类	710205 大数据技术应用	https://www.moe.gov.cn/s78/A07/zcs_ztzl/2017_zt06/17zt06_bznr/bznr_zyjyzyjxbz/zyjyzyjxbz_zz/zz_dzyxxdl/dzxxdl_jsjl/202502/P020250207449488391906.pdf	344858	中职/电子与信息大类/计算机类/710205_大数据技术应用.pdf
中职	电子与信息大类	计算机类	710206 移动应用技术与服务	https://www.moe.gov.cn/s78/A07/zcs_ztzl/2017_zt06/17zt06_bznr/bznr_zyjyzyjxbz/zyjyzyjxbz_zz/zz_dzyxxdl/dzxxdl_jsjl/202502/P020250207449207801448.pdf	350461	中职/电子与信息大类/计算机类/710206_移动应用技术与服务.pdf
中职	电子与信息大类	计算机类	710207 网络信息安全	https://www.moe.gov.cn/s78/A07/zcs_ztzl/2017_zt06/17zt06_bznr/bznr_zyjyzyjxbz/zyjyzyjxbz_zz/zz_dzyxxdl/dzxxdl_jsjl/202502/P020250207448808686287.pdf	339658	中职/电子与信息大类/计算机类/710207_网络信息安全.pdf
中职	电子与信息大类	计算机类	710208 网络安防系统安装与维护	https://www.moe.gov.cn/s78/A07/zcs_ztzl/2017_zt06/17zt06_bznr/bznr_zyjyzyjxbz/zyjyzyjxbz_zz/zz_dzyxxdl/dzxxdl_jsjl/202502/P020250207448473763376.pdf	378384	中职/电子与信息大类/计算机类/710208_网络安防系统安装与维护.pdf
中职	电子与信息大类	计算机类	710211 计算机与数码设备维修	https://www.moe.gov.cn/s78/A07/zcs_ztzl/2017_zt06/17zt06_bznr/bznr_zyjyzyjxbz/zyjyzyjxbz_zz/zz_dzyxxdl/dzxxdl_jsjl/202502/P020250207448113867343.pdf	338293	中职/电子与信息大类/计算机类/710211_计算机与数码设备维修.pdf
中职	电子与信息大类	通信类	710301 现代通信技术应用	https://www.moe.gov.cn/s78/A07/zcs_ztzl/2017_zt06/17zt06_bznr/bznr_zyjyzyjxbz/zyjyzyjxbz_zz/zz_dzyxxdl/dzxxdl_txl/202502/P020250207450647852743.pdf	340040	中职/电子与信息大类/通信类/710301_现代通信技术应用.pdf
中职	电子与信息大类	通信类	710302 通信系统工程安装与维护	https://www.moe.gov.cn/s78/A07/zcs_ztzl/2017_zt06/17zt06_bznr/bznr_zyjyzyjxbz/zyjyzyjxbz_zz/zz_dzyxxdl/dzxxdl_txl/202502/P020250207450304750608.pdf	342331	中职/电子与信息大类/通信类/710302_通信系统工程安装与维护.pdf
中职	公安与司法大类	安全防范类	780701 安全保卫服务	https://www.moe.gov.cn/s78/A07/zcs_ztzl/2017_zt06/17zt06_bznr/bznr_zyjyzyjxbz/zyjyzyjxbz_zz/zz_gaysfdl/gaysfdl_aqffl/202502/P020250207461346306806.pdf	341632	中职/公安与司法大类/安全防范类/780701_安全保卫服务.pdf
中职	公共管理与服务大类	公共服务类	790301 现代家政服务与管理	https://www.moe.gov.cn/s78/A07/zcs_ztzl/2017_zt06/17zt06_bznr/bznr_zyjyzyjxbz/zyjyzyjxbz_zz/zz_ggglyfwdl/ggglyfwdl_ggfwl/202502/P020250207463694783369.pdf	351484	中职/公共管理与服务大类/公共服务类/790301_现代家政服务与管理.pdf
中职	公共管理与服务大类	公共服务类	790302 智慧健康养老服务	https://www.moe.gov.cn/s78/A07/zcs_ztzl/2017_zt06/17zt06_bznr/bznr_zyjyzyjxbz/zyjyzyjxbz_zz/zz_ggglyfwdl/ggglyfwdl_ggfwl/202502/P020250207463217003082.pdf	326252	中职/公共管理与服务大类/公共服务类/790302_智慧健康养老服务.pdf
中职	公共管理与服务大类	公共服务类	790303 老年人服务与管理	https://www.moe.gov.cn/s78/A07/zcs_ztzl/2017_zt06/17zt06_bznr/bznr_zyjyzyjxbz/zyjyzyjxbz_zz/zz_ggglyfwdl/ggglyfwdl_ggfwl/202502/P020250207463088029877.pdf	338938	中职/公共管理与服务大类/公共服务类/790303_老年人服务与管理.pdf
中职	公共管理与服务大类	公共服务类	790304 殡葬服务与管理	https://www.moe.gov.cn/s78/A07/zcs_ztzl/2017_zt06/17zt06_bznr/bznr_zyjyzyjxbz/zyjyzyjxbz_zz/zz_ggglyfwdl/ggglyfwdl_ggfwl/202502/P020250207462954952472.pdf	361715	中职/公共管理与服务大类/公共服务类/790304_殡葬服务与管理.pdf
中职	公共管理与服务大类	公共服务类	790305 母婴照护	https://www.moe.gov.cn/s78/A07/zcs_ztzl/2017_zt06/17zt06_bznr/bznr_zyjyzyjxbz/zyjyzyjxbz_zz/zz_ggglyfwdl/ggglyfwdl_ggfwl/202502/P020250207462555411025.pdf	353677	中职/公共管理与服务大类/公共服务类/790305_母婴照护.pdf
中职	公共管理与服务大类	公共管理类	790201 民政服务	https://www.moe.gov.cn/s78/A07/zcs_ztzl/2017_zt06/17zt06_bznr/bznr_zyjyzyjxbz/zyjyzyjxbz_zz/zz_ggglyfwdl/ggglyfwdl_gggll/202502/P020250207462343286347.pdf	355009	中职/公共管理与服务大类/公共管理类/790201_民政服务.pdf
中职	公共管理与服务大类	公共事业类	790101 社会工作事务	https://www.moe.gov.cn/s78/A07/zcs_ztzl/2017_zt06/17zt06_bznr/bznr_zyjyzyjxbz/zyjyzyjxbz_zz/zz_ggglyfwdl/ggglyfwdl_ggsyl/202502/P020250207462137076584.pdf	309300	中职/公共管理与服务大类/公共事业类/790101_社会工作事务.pdf
中职	公共管理与服务大类	公共事业类	790102 社区公共事务管理	https://www.moe.gov.cn/s78/A07/zcs_ztzl/2017_zt06/17zt06_bznr/bznr_zyjyzyjxbz/zyjyzyjxbz_zz/zz_ggglyfwdl/ggglyfwdl_ggsyl/202502/P020250207462004260929.pdf	333288	中职/公共管理与服务大类/公共事业类/790102_社区公共事务管理.pdf
中职	公共管理与服务大类	文秘类	790401 文秘	https://www.moe.gov.cn/s78/A07/zcs_ztzl/2017_zt06/17zt06_bznr/bznr_zyjyzyjxbz/zyjyzyjxbz_zz/zz_ggglyfwdl/ggglyfwdl_wml/202502/P020250207464055361379.pdf	342152	中职/公共管理与服务大类/文秘类/790401_文秘.pdf
中职	公共管理与服务大类	文秘类	790402 行政事务助理	https://www.moe.gov.cn/s78/A07/zcs_ztzl/2017_zt06/17zt06_bznr/bznr_zyjyzyjxbz/zyjyzyjxbz_zz/zz_ggglyfwdl/ggglyfwdl_wml/202502/P020250207463918994828.pdf	345409	中职/公共管理与服务大类/文秘类/790402_行政事务助理.pdf
中职	交通运输大类	城市轨道交通类	700601 城市轨道交通车辆运用与检修	https://www.moe.gov.cn/s78/A07/zcs_ztzl/2017_zt06/17zt06_bznr/bznr_zyjyzyjxbz/zyjyzyjxbz_zz/zz_jtysdl/jtysdl_csgdjtl/202502/P020250207452753870951.pdf	343254	中职/交通运输大类/城市轨道交通类/700601_城市轨道交通车辆运用与检修.pdf
中职	交通运输大类	城市轨道交通类	700602 城市轨道交通信号维护	https://www.moe.gov.cn/s78/A07/zcs_ztzl/2017_zt06/17zt06_bznr/bznr_zyjyzyjxbz/zyjyzyjxbz_zz/zz_jtysdl/jtysdl_csgdjtl/202502/P020250207452499176873.pdf	341248	中职/交通运输大类/城市轨道交通类/700602_城市轨道交通信号维护.pdf
中职	交通运输大类	城市轨道交通类	700603 城市轨道交通供电	https://www.moe.gov.cn/s78/A07/zcs_ztzl/2017_zt06/17zt06_bznr/bznr_zyjyzyjxbz/zyjyzyjxbz_zz/zz_jtysdl/jtysdl_csgdjtl/202502/P020250207452206948590.pdf	357873	中职/交通运输大类/城市轨道交通类/700603_城市轨道交通供电.pdf
中职	交通运输大类	城市轨道交通类	700604 城市轨道交通运营服务	https://www.moe.gov.cn/s78/A07/zcs_ztzl/2017_zt06/17zt06_bznr/bznr_zyjyzyjxbz/zyjyzyjxbz_zz/zz_jtysdl/jtysdl_csgdjtl/202502/P020250207451765019316.pdf	353075	中职/交通运输大类/城市轨道交通类/700604_城市轨道交通运营服务.pdf
中职	交通运输大类	航空运输类	700401 民航运输服务	https://www.moe.gov.cn/s78/A07/zcs_ztzl/2017_zt06/17zt06_bznr/bznr_zyjyzyjxbz/zyjyzyjxbz_zz/zz_jtysdl/jtysdl_hkysl/202502/P020250207451464964166.pdf	370009	中职/交通运输大类/航空运输类/700401_民航运输服务.pdf
中职	交通运输大类	航空运输类	700403 飞机设备维修	https://www.moe.gov.cn/s78/A07/zcs_ztzl/2017_zt06/17zt06_bznr/bznr_zyjyzyjxbz/zyjyzyjxbz_zz/zz_jtysdl/jtysdl_hkysl/202502/P020250207451109799231.pdf	362252	中职/交通运输大类/航空运输类/700403_飞机设备维修.pdf
中职	交通运输大类	航空运输类	700404 机场场务技术与管理	https://www.moe.gov.cn/s78/A07/zcs_ztzl/2017_zt06/17zt06_bznr/bznr_zyjyzyjxbz/zyjyzyjxbz_zz/zz_jtysdl/jtysdl_hkysl/202502/P020250207450950403524.pdf	343764	中职/交通运输大类/航空运输类/700404_机场场务技术与管理.pdf
中职	交通运输大类	水上运输类	700302 船舶机工与水手	https://www.moe.gov.cn/s78/A07/zcs_ztzl/2017_zt06/17zt06_bznr/bznr_zyjyzyjxbz/zyjyzyjxbz_zz/zz_jtysdl/jtysdl_ssysl/202502/P020250207450146024908.pdf	357585	中职/交通运输大类/水上运输类/700302_船舶机工与水手.pdf
中职	交通运输大类	水上运输类	700303 轮机维护与管理	https://www.moe.gov.cn/s78/A07/zcs_ztzl/2017_zt06/17zt06_bznr/bznr_zyjyzyjxbz/zyjyzyjxbz_zz/zz_jtysdl/jtysdl_ssysl/202502/P020250207449961811443.pdf	351440	中职/交通运输大类/水上运输类/700303_轮机维护与管理.pdf
中职	交通运输大类	水上运输类	700304 邮轮乘务	https://www.moe.gov.cn/s78/A07/zcs_ztzl/2017_zt06/17zt06_bznr/bznr_zyjyzyjxbz/zyjyzyjxbz_zz/zz_jtysdl/jtysdl_ssysl/202502/P020250207449486064955.pdf	394657	中职/交通运输大类/水上运输类/700304_邮轮乘务.pdf
中职	交通运输大类	水上运输类	700305 水路运输服务	https://www.moe.gov.cn/s78/A07/zcs_ztzl/2017_zt06/17zt06_bznr/bznr_zyjyzyjxbz/zyjyzyjxbz_zz/zz_jtysdl/jtysdl_ssysl/202502/P020250207449209232816.pdf	347991	中职/交通运输大类/水上运输类/700305_水路运输服务.pdf
中职	交通运输大类	水上运输类	700306 港口机械运用与维修	https://www.moe.gov.cn/s78/A07/zcs_ztzl/2017_zt06/17zt06_bznr/bznr_zyjyzyjxbz/zyjyzyjxbz_zz/zz_jtysdl/jtysdl_ssysl/202502/P020250207448863043526.pdf	339261	中职/交通运输大类/水上运输类/700306_港口机械运用与维修.pdf
中职	交通运输大类	铁道运输类	700101 铁道工程施工与维护	https://www.moe.gov.cn/s78/A07/zcs_ztzl/2017_zt06/17zt06_bznr/bznr_zyjyzyjxbz/zyjyzyjxbz_zz/zz_jtysdl/jtysdl_tdysl/202502/P020250207446842985626.pdf	351536	中职/交通运输大类/铁道运输类/700101_铁道工程施工与维护.pdf
中职	交通运输大类	铁道运输类	700102 电力机车运用与检修	https://www.moe.gov.cn/s78/A07/zcs_ztzl/2017_zt06/17zt06_bznr/bznr_zyjyzyjxbz/zyjyzyjxbz_zz/zz_jtysdl/jtysdl_tdysl/202502/P020250207446636454746.pdf	355133	中职/交通运输大类/铁道运输类/700102_电力机车运用与检修.pdf
中职	交通运输大类	铁道运输类	700105 电气化铁道供电	https://www.moe.gov.cn/s78/A07/zcs_ztzl/2017_zt06/17zt06_bznr/bznr_zyjyzyjxbz/zyjyzyjxbz_zz/zz_jtysdl/jtysdl_tdysl/202502/P020250207446464301868.pdf	341257	中职/交通运输大类/铁道运输类/700105_电气化铁道供电.pdf
中职	交通运输大类	铁道运输类	700106 铁道信号施工与维护	https://www.moe.gov.cn/s78/A07/zcs_ztzl/2017_zt06/17zt06_bznr/bznr_zyjyzyjxbz/zyjyzyjxbz_zz/zz_jtysdl/jtysdl_tdysl/202502/P020250207446271168120.pdf	354475	中职/交通运输大类/铁道运输类/700106_铁道信号施工与维护.pdf
中职	交通运输大类	铁道运输类	700107 铁道运输服务	https://www.moe.gov.cn/s78/A07/zcs_ztzl/2017_zt06/17zt06_bznr/bznr_zyjyzyjxbz/zyjyzyjxbz_zz/zz_jtysdl/jtysdl_tdysl/202502/P020250207446069072690.pdf	356524	中职/交通运输大类/铁道运输类/700107_铁道运输服务.pdf
中职	交通运输大类	铁道运输类	700108 高速铁路乘务	https://www.moe.gov.cn/s78/A07/zcs_ztzl/2017_zt06/17zt06_bznr/bznr_zyjyzyjxbz/zyjyzyjxbz_zz/zz_jtysdl/jtysdl_tdysl/202502/P020250207445880035636.pdf	343081	中职/交通运输大类/铁道运输类/700108_高速铁路乘务.pdf
中职	交通运输大类	铁道运输类	700109 铁道桥梁隧道施工与维护	https://www.moe.gov.cn/s78/A07/zcs_ztzl/2017_zt06/17zt06_bznr/bznr_zyjyzyjxbz/zyjyzyjxbz_zz/zz_jtysdl/jtysdl_tdysl/202502/P020250207445731522728.pdf	350387	中职/交通运输大类/铁道运输类/700109_铁道桥梁隧道施工与维护.pdf
中职	交通运输大类	道路运输类	700201 道路与桥梁工程施工	https://www.moe.gov.cn/s78/A07/zcs_ztzl/2017_zt06/17zt06_bznr/bznr_zyjyzyjxbz/zyjyzyjxbz_zz/zz_jtysdl/jtysdl_tlysl/202502/P020250207448452459066.pdf	361433	中职/交通运输大类/道路运输类/700201_道路与桥梁工程施工.pdf
中职	交通运输大类	道路运输类	700203 交通运营服务	https://www.moe.gov.cn/s78/A07/zcs_ztzl/2017_zt06/17zt06_bznr/bznr_zyjyzyjxbz/zyjyzyjxbz_zz/zz_jtysdl/jtysdl_tlysl/202502/P020250207448090674032.pdf	318623	中职/交通运输大类/道路运输类/700203_交通运营服务.pdf
中职	交通运输大类	道路运输类	700204 交通工程机械运用与维修	https://www.moe.gov.cn/s78/A07/zcs_ztzl/2017_zt06/17zt06_bznr/bznr_zyjyzyjxbz/zyjyzyjxbz_zz/zz_jtysdl/jtysdl_tlysl/202502/P020250207447858240399.pdf	361503	中职/交通运输大类/道路运输类/700204_交通工程机械运用与维修.pdf
中职	交通运输大类	道路运输类	700205 汽车服务与营销	https://www.moe.gov.cn/s78/A07/zcs_ztzl/2017_zt06/17zt06_bznr/bznr_zyjyzyjxbz/zyjyzyjxbz_zz/zz_jtysdl/jtysdl_tlysl/202502/P020250207447646626538.pdf	380102	中职/交通运输大类/道路运输类/700205_汽车服务与营销.pdf
中职	交通运输大类	道路运输类	700206 汽车运用与维修	https://www.moe.gov.cn/s78/A07/zcs_ztzl/2017_zt06/17zt06_bznr/bznr_zyjyzyjxbz/zyjyzyjxbz_zz/zz_jtysdl/jtysdl_tlysl/202502/P020250207447258963744.pdf	343967	中职/交通运输大类/道路运输类/700206_汽车运用与维修.pdf
中职	交通运输大类	道路运输类	700209 新能源汽车运用与维修	https://www.moe.gov.cn/s78/A07/zcs_ztzl/2017_zt06/17zt06_bznr/bznr_zyjyzyjxbz/zyjyzyjxbz_zz/zz_jtysdl/jtysdl_tlysl/202502/P020250207447064916023.pdf	343226	中职/交通运输大类/道路运输类/700209_新能源汽车运用与维修.pdf
中职	交通运输大类	邮政类	700701 邮政快递运营	https://www.moe.gov.cn/s78/A07/zcs_ztzl/2017_zt06/17zt06_bznr/bznr_zyjyzyjxbz/zyjyzyjxbz_zz/zz_jtysdl/jtysdl_yzl/202502/P020250207453602920316.pdf	333116	中职/交通运输大类/邮政类/700701_邮政快递运营.pdf
中职	交通运输大类	邮政类	700702 邮政快递安全技术	https://www.moe.gov.cn/s78/A07/zcs_ztzl/2017_zt06/17zt06_bznr/bznr_zyjyzyjxbz/zyjyzyjxbz_zz/zz_jtysdl/jtysdl_yzl/202502/P020250207453330943249.pdf	333464	中职/交通运输大类/邮政类/700702_邮政快递安全技术.pdf
中职	交通运输大类	邮政类	700703 邮政通信服务	https://www.moe.gov.cn/s78/A07/zcs_ztzl/2017_zt06/17zt06_bznr/bznr_zyjyzyjxbz/zyjyzyjxbz_zz/zz_jtysdl/jtysdl_yzl/202502/P020250207453140478011.pdf	335740	中职/交通运输大类/邮政类/700703_邮政通信服务.pdf
中职	教育与体育大类	教育类	770101 幼儿保育	https://www.moe.gov.cn/s78/A07/zcs_ztzl/2017_zt06/17zt06_bznr/bznr_zyjyzyjxbz/zyjyzyjxbz_zz/zz_jyytydl/jyytydl_jyl/202502/P020250207460664966797.pdf	349593	中职/教育与体育大类/教育类/770101_幼儿保育.pdf
中职	教育与体育大类	语言类	770207 商务泰语	https://www.moe.gov.cn/s78/A07/zcs_ztzl/2017_zt06/17zt06_bznr/bznr_zyjyzyjxbz/zyjyzyjxbz_zz/zz_jyytydl/jyytydl_yyl/202502/P020250207461416653313.pdf	343482	中职/教育与体育大类/语言类/770207_商务泰语.pdf
中职	教育与体育大类	语言类	770208 商务阿拉伯语	https://www.moe.gov.cn/s78/A07/zcs_ztzl/2017_zt06/17zt06_bznr/bznr_zyjyzyjxbz/zyjyzyjxbz_zz/zz_jyytydl/jyytydl_yyl/202502/P020250207461787781164.pdf	341499	中职/教育与体育大类/语言类/770208_商务阿拉伯语.pdf
中职	旅游大类	餐饮类	740201 中餐烹饪	https://www.moe.gov.cn/s78/A07/zcs_ztzl/2017_zt06/17zt06_bznr/bznr_zyjyzyjxbz/zyjyzyjxbz_zz/zz_lydl/lydl_cyl/202502/P020250207458819260588.pdf	357375	中职/旅游大类/餐饮类/740201_中餐烹饪.pdf
中职	旅游大类	餐饮类	740203 中西面点	https://www.moe.gov.cn/s78/A07/zcs_ztzl/2017_zt06/17zt06_bznr/bznr_zyjyzyjxbz/zyjyzyjxbz_zz/zz_lydl/lydl_cyl/202502/P020250207459510308559.pdf	340939	中职/旅游大类/餐饮类/740203_中西面点.pdf
中职	旅游大类	旅游类	740101 旅游服务与管理	https://www.moe.gov.cn/s78/A07/zcs_ztzl/2017_zt06/17zt06_bznr/bznr_zyjyzyjxbz/zyjyzyjxbz_zz/zz_lydl/lydl_lyl/202502/P020250207456221748533.pdf	343690	中职/旅游大类/旅游类/740101_旅游服务与管理.pdf
中职	旅游大类	旅游类	740102 导游服务	https://www.moe.gov.cn/s78/A07/zcs_ztzl/2017_zt06/17zt06_bznr/bznr_zyjyzyjxbz/zyjyzyjxbz_zz/zz_lydl/lydl_lyl/202502/P020250207456568037698.pdf	339032	中职/旅游大类/旅游类/740102_导游服务.pdf
中职	旅游大类	旅游类	740103 康养休闲旅游服务	https://www.moe.gov.cn/s78/A07/zcs_ztzl/2017_zt06/17zt06_bznr/bznr_zyjyzyjxbz/zyjyzyjxbz_zz/zz_lydl/lydl_lyl/202502/P020250207457369985605.pdf	342614	中职/旅游大类/旅游类/740103_康养休闲旅游服务.pdf
中职	旅游大类	旅游类	740105 茶艺与茶营销	https://www.moe.gov.cn/s78/A07/zcs_ztzl/2017_zt06/17zt06_bznr/bznr_zyjyzyjxbz/zyjyzyjxbz_zz/zz_lydl/lydl_lyl/202502/P020250207457773813201.pdf	346081	中职/旅游大类/旅游类/740105_茶艺与茶营销.pdf
中职	旅游大类	旅游类	740106 会展服务与管理	https://www.moe.gov.cn/s78/A07/zcs_ztzl/2017_zt06/17zt06_bznr/bznr_zyjyzyjxbz/zyjyzyjxbz_zz/zz_lydl/lydl_lyl/202502/P020250207458147371321.pdf	342598	中职/旅游大类/旅游类/740106_会展服务与管理.pdf
中职	农林牧渔大类	林业类	610201 林业生产技术	https://www.moe.gov.cn/s78/A07/zcs_ztzl/2017_zt06/17zt06_bznr/bznr_zyjyzyjxbz/zyjyzyjxbz_zz/zz_nlmydl/nlmydl_lyl/202502/P020250207403674621466.pdf	355734	中职/农林牧渔大类/林业类/610201_林业生产技术.pdf
中职	农林牧渔大类	林业类	610202 园林技术	https://www.moe.gov.cn/s78/A07/zcs_ztzl/2017_zt06/17zt06_bznr/bznr_zyjyzyjxbz/zyjyzyjxbz_zz/zz_nlmydl/nlmydl_lyl/202502/P020250207402975582610.pdf	345230	中职/农林牧渔大类/林业类/610202_园林技术.pdf
中职	农林牧渔大类	林业类	610205 木业产品加工技术	https://www.moe.gov.cn/s78/A07/zcs_ztzl/2017_zt06/17zt06_bznr/bznr_zyjyzyjxbz/zyjyzyjxbz_zz/zz_nlmydl/nlmydl_lyl/202502/P020250207402633876566.pdf	334442	中职/农林牧渔大类/林业类/610205_木业产品加工技术.pdf
中职	农林牧渔大类	农业类	610101 种子生产技术	https://www.moe.gov.cn/s78/A07/zcs_ztzl/2017_zt06/17zt06_bznr/bznr_zyjyzyjxbz/zyjyzyjxbz_zz/zz_nlmydl/nlmydl_nyl/202502/P020250207401762143502.pdf	341946	中职/农林牧渔大类/农业类/610101_种子生产技术.pdf
中职	农林牧渔大类	农业类	610102 作物生产技术	https://www.moe.gov.cn/s78/A07/zcs_ztzl/2017_zt06/17zt06_bznr/bznr_zyjyzyjxbz/zyjyzyjxbz_zz/zz_nlmydl/nlmydl_nyl/202502/P020250207401452261552.pdf	359302	中职/农林牧渔大类/农业类/610102_作物生产技术.pdf
中职	农林牧渔大类	农业类	610103 循环农业与再生资源利用	https://www.moe.gov.cn/s78/A07/zcs_ztzl/2017_zt06/17zt06_bznr/bznr_zyjyzyjxbz/zyjyzyjxbz_zz/zz_nlmydl/nlmydl_nyl/202502/P020250207401016838224.pdf	352496	中职/农林牧渔大类/农业类/610103_循环农业与再生资源利用.pdf
中职	农林牧渔大类	农业类	610104 家庭农场生产经营	https://www.moe.gov.cn/s78/A07/zcs_ztzl/2017_zt06/17zt06_bznr/bznr_zyjyzyjxbz/zyjyzyjxbz_zz/zz_nlmydl/nlmydl_nyl/202502/P020250207400681807205.pdf	360854	中职/农林牧渔大类/农业类/610104_家庭农场生产经营.pdf
中职	农林牧渔大类	农业类	610105 园艺技术	https://www.moe.gov.cn/s78/A07/zcs_ztzl/2017_zt06/17zt06_bznr/bznr_zyjyzyjxbz/zyjyzyjxbz_zz/zz_nlmydl/nlmydl_nyl/202502/P020250207400297093348.pdf	354297	中职/农林牧渔大类/农业类/610105_园艺技术.pdf
中职	农林牧渔大类	农业类	610108 中草药栽培	https://www.moe.gov.cn/s78/A07/zcs_ztzl/2017_zt06/17zt06_bznr/bznr_zyjyzyjxbz/zyjyzyjxbz_zz/zz_nlmydl/nlmydl_nyl/202502/P020250207399206671960.pdf	353564	中职/农林牧渔大类/农业类/610108_中草药栽培.pdf
中职	农林牧渔大类	农业类	610109 烟草栽培与加工	https://www.moe.gov.cn/s78/A07/zcs_ztzl/2017_zt06/17zt06_bznr/bznr_zyjyzyjxbz/zyjyzyjxbz_zz/zz_nlmydl/nlmydl_nyl/202502/P020250207398575039943.pdf	364326	中职/农林牧渔大类/农业类/610109_烟草栽培与加工.pdf
中职	农林牧渔大类	农业类	610110 饲草栽培与加工	https://www.moe.gov.cn/s78/A07/zcs_ztzl/2017_zt06/17zt06_bznr/bznr_zyjyzyjxbz/zyjyzyjxbz_zz/zz_nlmydl/nlmydl_nyl/202502/P020250207398175935442.pdf	354328	中职/农林牧渔大类/农业类/610110_饲草栽培与加工.pdf
中职	农林牧渔大类	农业类	610113 农机设备应用与维修	https://www.moe.gov.cn/s78/A07/zcs_ztzl/2017_zt06/17zt06_bznr/bznr_zyjyzyjxbz/zyjyzyjxbz_zz/zz_nlmydl/nlmydl_nyl/202502/P020250207397766579711.pdf	345192	中职/农林牧渔大类/农业类/610113_农机设备应用与维修.pdf
中职	农林牧渔大类	农业类	610114 农产品加工与质量检测	https://www.moe.gov.cn/s78/A07/zcs_ztzl/2017_zt06/17zt06_bznr/bznr_zyjyzyjxbz/zyjyzyjxbz_zz/zz_nlmydl/nlmydl_nyl/202502/P020250207397249840690.pdf	373113	中职/农林牧渔大类/农业类/610114_农产品加工与质量检测.pdf
中职	农林牧渔大类	农业类	610115 农产品贮藏与加工	https://www.moe.gov.cn/s78/A07/zcs_ztzl/2017_zt06/17zt06_bznr/bznr_zyjyzyjxbz/zyjyzyjxbz_zz/zz_nlmydl/nlmydl_nyl/202502/P020250207396837033754.pdf	364928	中职/农林牧渔大类/农业类/610115_农产品贮藏与加工.pdf
中职	农林牧渔大类	农业类	610118 休闲农业生产与经营	https://www.moe.gov.cn/s78/A07/zcs_ztzl/2017_zt06/17zt06_bznr/bznr_zyjyzyjxbz/zyjyzyjxbz_zz/zz_nlmydl/nlmydl_nyl/202502/P020250207396186762744.pdf	357816	中职/农林牧渔大类/农业类/610118_休闲农业生产与经营.pdf
中职	农林牧渔大类	农业类	610119 农资营销与服务	https://www.moe.gov.cn/s78/A07/zcs_ztzl/2017_zt06/17zt06_bznr/bznr_zyjyzyjxbz/zyjyzyjxbz_zz/zz_nlmydl/nlmydl_nyl/202502/P020250207395496969992.pdf	344324	中职/农林牧渔大类/农业类/610119_农资营销与服务.pdf
中职	农林牧渔大类	畜牧业类	610301 畜禽生产技术	https://www.moe.gov.cn/s78/A07/zcs_ztzl/2017_zt06/17zt06_bznr/bznr_zyjyzyjxbz/zyjyzyjxbz_zz/zz_nlmydl/nlmydl_xmyl/202502/P020250207404387079569.pdf	363587	中职/农林牧渔大类/畜牧业类/610301_畜禽生产技术.pdf
中职	农林牧渔大类	渔业类	610402 海水养殖	https://www.moe.gov.cn/s78/A07/zcs_ztzl/2017_zt06/17zt06_bznr/bznr_zyjyzyjxbz/zyjyzyjxbz_zz/zz_nlmydl/nlmydl_yyl/202502/P020250207404820459498.pdf	345601	中职/农林牧渔大类/渔业类/610402_海水养殖.pdf
中职	轻工纺织大类	包装类	680201 包装设计与制作	https://www.moe.gov.cn/s78/A07/zcs_ztzl/2017_zt06/17zt06_bznr/bznr_zyjyzyjxbz/zyjyzyjxbz_zz/zz_qgfzdl/qgfzdl_bzl/202502/P020250207442639357390.pdf	313611	中职/轻工纺织大类/包装类/680201_包装设计与制作.pdf
中职	轻工纺织大类	纺织服装类	680401 纺织技术与服务	https://www.moe.gov.cn/s78/A07/zcs_ztzl/2017_zt06/17zt06_bznr/bznr_zyjyzyjxbz/zyjyzyjxbz_zz/zz_qgfzdl/qgfzdl_fzfzl/202502/P020250207443516559347.pdf	338159	中职/轻工纺织大类/纺织服装类/680401_纺织技术与服务.pdf
中职	轻工纺织大类	纺织服装类	680402 服装设计与工艺	https://www.moe.gov.cn/s78/A07/zcs_ztzl/2017_zt06/17zt06_bznr/bznr_zyjyzyjxbz/zyjyzyjxbz_zz/zz_qgfzdl/qgfzdl_fzfzl/202502/P020250207443378440683.pdf	366403	中职/轻工纺织大类/纺织服装类/680402_服装设计与工艺.pdf
中职	轻工纺织大类	纺织服装类	680405 数字化染整工艺	https://www.moe.gov.cn/s78/A07/zcs_ztzl/2017_zt06/17zt06_bznr/bznr_zyjyzyjxbz/zyjyzyjxbz_zz/zz_qgfzdl/qgfzdl_fzfzl/202502/P020250207443239976343.pdf	345852	中职/轻工纺织大类/纺织服装类/680405_数字化染整工艺.pdf
中职	轻工纺织大类	纺织服装类	680406 服装制作与生产管理	https://www.moe.gov.cn/s78/A07/zcs_ztzl/2017_zt06/17zt06_bznr/bznr_zyjyzyjxbz/zyjyzyjxbz_zz/zz_qgfzdl/qgfzdl_fzfzl/202502/P020250207443070061252.pdf	340395	中职/轻工纺织大类/纺织服装类/680406_服装制作与生产管理.pdf
中职	轻工纺织大类	轻化工类	680101 化妆品制造技术	https://www.moe.gov.cn/s78/A07/zcs_ztzl/2017_zt06/17zt06_bznr/bznr_zyjyzyjxbz/zyjyzyjxbz_zz/zz_qgfzdl/qgfzdl_qhgl/202502/P020250207442420419842.pdf	354894	中职/轻工纺织大类/轻化工类/680101_化妆品制造技术.pdf
中职	轻工纺织大类	轻化工类	680102 现代造纸工艺	https://www.moe.gov.cn/s78/A07/zcs_ztzl/2017_zt06/17zt06_bznr/bznr_zyjyzyjxbz/zyjyzyjxbz_zz/zz_qgfzdl/qgfzdl_qhgl/202502/P020250207442245613864.pdf	345136	中职/轻工纺织大类/轻化工类/680102_现代造纸工艺.pdf
中职	轻工纺织大类	印刷类	680301 印刷媒体技术	https://www.moe.gov.cn/s78/A07/zcs_ztzl/2017_zt06/17zt06_bznr/bznr_zyjyzyjxbz/zyjyzyjxbz_zz/zz_qgfzdl/qgfzdl_ysl/202502/P020250207442839765425.pdf	346092	中职/轻工纺织大类/印刷类/680301_印刷媒体技术.pdf
中职	水利大类	水利工程与管理类	650201 水利工程运行与管理	https://www.moe.gov.cn/s78/A07/zcs_ztzl/2017_zt06/17zt06_bznr/bznr_zyjyzyjxbz/zyjyzyjxbz_zz/zz_sldl/sldl_slgcygll/202502/P020250207418535895248.pdf	345996	中职/水利大类/水利工程与管理类/650201_水利工程运行与管理.pdf
中职	水利大类	水利工程与管理类	650203 机电排灌工程技术	https://www.moe.gov.cn/s78/A07/zcs_ztzl/2017_zt06/17zt06_bznr/bznr_zyjyzyjxbz/zyjyzyjxbz_zz/zz_sldl/sldl_slgcygll/202502/P020250207418367448340.pdf	336372	中职/水利大类/水利工程与管理类/650203_机电排灌工程技术.pdf
中职	水利大类	水利工程与管理类	650204 现代灌溉技术	https://www.moe.gov.cn/s78/A07/zcs_ztzl/2017_zt06/17zt06_bznr/bznr_zyjyzyjxbz/zyjyzyjxbz_zz/zz_sldl/sldl_slgcygll/202502/P020250207418199777179.pdf	337037	中职/水利大类/水利工程与管理类/650204_现代灌溉技术.pdf
中职	水利大类	水利工程与管理类	650205 农村饮水供水工程技术	https://www.moe.gov.cn/s78/A07/zcs_ztzl/2017_zt06/17zt06_bznr/bznr_zyjyzyjxbz/zyjyzyjxbz_zz/zz_sldl/sldl_slgcygll/202502/P020250207418011888994.pdf	345002	中职/水利大类/水利工程与管理类/650205_农村饮水供水工程技术.pdf
中职	水利大类	水利水电设备类	650302 水电站运行与管理	https://www.moe.gov.cn/s78/A07/zcs_ztzl/2017_zt06/17zt06_bznr/bznr_zyjyzyjxbz/zyjyzyjxbz_zz/zz_sldl/sldl_slsdsbl/202502/P020250207418873860825.pdf	338416	中职/水利大类/水利水电设备类/650302_水电站运行与管理.pdf
中职	水利大类	水土保持与水环境类	650401 水土保持技术	https://www.moe.gov.cn/s78/A07/zcs_ztzl/2017_zt06/17zt06_bznr/bznr_zyjyzyjxbz/zyjyzyjxbz_zz/zz_sldl/sldl_stbcyshjl/202502/P020250207419352013019.pdf	352674	中职/水利大类/水土保持与水环境类/650401_水土保持技术.pdf
中职	水利大类	水土保持与水环境类	650402 水环境智能监测与保护	https://www.moe.gov.cn/s78/A07/zcs_ztzl/2017_zt06/17zt06_bznr/bznr_zyjyzyjxbz/zyjyzyjxbz_zz/zz_sldl/sldl_stbcyshjl/202502/P020250207419183876673.pdf	361082	中职/水利大类/水土保持与水环境类/650402_水环境智能监测与保护.pdf
中职	食品药品与粮食大类	粮食类	690301 粮油和饲料加工技术	https://www.moe.gov.cn/s78/A07/zcs_ztzl/2017_zt06/17zt06_bznr/bznr_zyjyzyjxbz/zyjyzyjxbz_zz/zz_spypylsdl/spypylsdl_lsl/202502/P020250207445243245240.pdf	360457	中职/食品药品与粮食大类/粮食类/690301_粮油和饲料加工技术.pdf
中职	食品药品与粮食大类	食品类	690101 食品加工工艺	https://www.moe.gov.cn/s78/A07/zcs_ztzl/2017_zt06/17zt06_bznr/bznr_zyjyzyjxbz/zyjyzyjxbz_zz/zz_spypylsdl/spypylsdl_spl/202502/P020250207444516480633.pdf	351054	中职/食品药品与粮食大类/食品类/690101_食品加工工艺.pdf
中职	食品药品与粮食大类	食品类	690102 酿酒工艺与技术	https://www.moe.gov.cn/s78/A07/zcs_ztzl/2017_zt06/17zt06_bznr/bznr_zyjyzyjxbz/zyjyzyjxbz_zz/zz_spypylsdl/spypylsdl_spl/202502/P020250207444357493611.pdf	355866	中职/食品药品与粮食大类/食品类/690102_酿酒工艺与技术.pdf
中职	食品药品与粮食大类	食品类	690103 民族食品加工技术	https://www.moe.gov.cn/s78/A07/zcs_ztzl/2017_zt06/17zt06_bznr/bznr_zyjyzyjxbz/zyjyzyjxbz_zz/zz_spypylsdl/spypylsdl_spl/202502/P020250207444221992512.pdf	326292	中职/食品药品与粮食大类/食品类/690103_民族食品加工技术.pdf
中职	食品药品与粮食大类	食品类	690104 食品安全与检测技术	https://www.moe.gov.cn/s78/A07/zcs_ztzl/2017_zt06/17zt06_bznr/bznr_zyjyzyjxbz/zyjyzyjxbz_zz/zz_spypylsdl/spypylsdl_spl/202502/P020250207444044200458.pdf	359693	中职/食品药品与粮食大类/食品类/690104_食品安全与检测技术.pdf
中职	食品药品与粮食大类	药品与医疗器械类	690201 制药技术应用	https://www.moe.gov.cn/s78/A07/zcs_ztzl/2017_zt06/17zt06_bznr/bznr_zyjyzyjxbz/zyjyzyjxbz_zz/zz_spypylsdl/spypylsdl_ypyylqxl/202502/P020250207445059103596.pdf	343197	中职/食品药品与粮食大类/药品与医疗器械类/690201_制药技术应用.pdf
中职	食品药品与粮食大类	药品与医疗器械类	690202 生物制药工艺	https://www.moe.gov.cn/s78/A07/zcs_ztzl/2017_zt06/17zt06_bznr/bznr_zyjyzyjxbz/zyjyzyjxbz_zz/zz_spypylsdl/spypylsdl_ypyylqxl/202502/P020250207444877255860.pdf	376355	中职/食品药品与粮食大类/药品与医疗器械类/690202_生物制药工艺.pdf
中职	食品药品与粮食大类	药品与医疗器械类	690203 生物药物检验	https://www.moe.gov.cn/s78/A07/zcs_ztzl/2017_zt06/17zt06_bznr/bznr_zyjyzyjxbz/zyjyzyjxbz_zz/zz_spypylsdl/spypylsdl_ypyylqxl/202502/P020250207444724542341.pdf	352698	中职/食品药品与粮食大类/药品与医疗器械类/690203_生物药物检验.pdf
中职	土木建筑大类	房地产类	640701 房地产营销	https://www.moe.gov.cn/s78/A07/zcs_ztzl/2017_zt06/17zt06_bznr/bznr_zyjyzyjxbz/zyjyzyjxbz_zz/zz_tmjzdl/tmjzdl_fdcl/202502/P020250207417271456098.pdf	337157	中职/土木建筑大类/房地产类/640701_房地产营销.pdf
中职	土木建筑大类	房地产类	640702 物业服务	https://www.moe.gov.cn/s78/A07/zcs_ztzl/2017_zt06/17zt06_bznr/bznr_zyjyzyjxbz/zyjyzyjxbz_zz/zz_tmjzdl/tmjzdl_fdcl/202502/P020250207417080383506.pdf	344687	中职/土木建筑大类/房地产类/640702_物业服务.pdf
中职	土木建筑大类	建设工程管理类	640501 建筑工程造价	https://www.moe.gov.cn/s78/A07/zcs_ztzl/2017_zt06/17zt06_bznr/bznr_zyjyzyjxbz/zyjyzyjxbz_zz/zz_tmjzdl/tmjzdl_jsgcgll/202502/P020250207416433357226.pdf	333066	中职/土木建筑大类/建设工程管理类/640501_建筑工程造价.pdf
中职	土木建筑大类	建设工程管理类	640502 建设项目材料管理	https://www.moe.gov.cn/s78/A07/zcs_ztzl/2017_zt06/17zt06_bznr/bznr_zyjyzyjxbz/zyjyzyjxbz_zz/zz_tmjzdl/tmjzdl_jsgcgll/202502/P020250207416233055128.pdf	344145	中职/土木建筑大类/建设工程管理类/640502_建设项目材料管理.pdf
中职	土木建筑大类	建筑设备类	640401 建筑智能化设备安装与运维	https://www.moe.gov.cn/s78/A07/zcs_ztzl/2017_zt06/17zt06_bznr/bznr_zyjyzyjxbz/zyjyzyjxbz_zz/zz_tmjzdl/tmjzdl_jzsbl/202502/P020250207415883126069.pdf	356645	中职/土木建筑大类/建筑设备类/640401_建筑智能化设备安装与运维.pdf
中职	土木建筑大类	建筑设备类	640402 建筑水电设备安装与运维	https://www.moe.gov.cn/s78/A07/zcs_ztzl/2017_zt06/17zt06_bznr/bznr_zyjyzyjxbz/zyjyzyjxbz_zz/zz_tmjzdl/tmjzdl_jzsbl/202502/P020250207415718055494.pdf	341749	中职/土木建筑大类/建筑设备类/640402_建筑水电设备安装与运维.pdf
中职	土木建筑大类	建筑设计类	640102 建筑装饰技术	https://www.moe.gov.cn/s78/A07/zcs_ztzl/2017_zt06/17zt06_bznr/bznr_zyjyzyjxbz/zyjyzyjxbz_zz/zz_tmjzdl/tmjzdl_jzsjl/202502/P020250207414882818264.pdf	344323	中职/土木建筑大类/建筑设计类/640102_建筑装饰技术.pdf
中职	土木建筑大类	建筑设计类	640103 古建筑修缮	https://www.moe.gov.cn/s78/A07/zcs_ztzl/2017_zt06/17zt06_bznr/bznr_zyjyzyjxbz/zyjyzyjxbz_zz/zz_tmjzdl/tmjzdl_jzsjl/202502/P020250207414666105058.pdf	342203	中职/土木建筑大类/建筑设计类/640103_古建筑修缮.pdf
中职	土木建筑大类	建筑设计类	640104 园林景观施工与维护	https://www.moe.gov.cn/s78/A07/zcs_ztzl/2017_zt06/17zt06_bznr/bznr_zyjyzyjxbz/zyjyzyjxbz_zz/zz_tmjzdl/tmjzdl_jzsjl/202502/P020250207414438731726.pdf	347564	中职/土木建筑大类/建筑设计类/640104_园林景观施工与维护.pdf
中职	土木建筑大类	市政工程类	640603 城市燃气智能输配与应用	https://www.moe.gov.cn/s78/A07/zcs_ztzl/2017_zt06/17zt06_bznr/bznr_zyjyzyjxbz/zyjyzyjxbz_zz/zz_tmjzdl/tmjzdl_szgcl/202502/P020250207416831167849.pdf	369784	中职/土木建筑大类/市政工程类/640603_城市燃气智能输配与应用.pdf
中职	土木建筑大类	土建施工类	640302 装配式建筑施工	https://www.moe.gov.cn/s78/A07/zcs_ztzl/2017_zt06/17zt06_bznr/bznr_zyjyzyjxbz/zyjyzyjxbz_zz/zz_tmjzdl/tmjzdl_tjsgl/202502/P020250207415434013542.pdf	339914	中职/土木建筑大类/土建施工类/640302_装配式建筑施工.pdf
中职	土木建筑大类	土建施工类	640303 建筑工程检测	https://www.moe.gov.cn/s78/A07/zcs_ztzl/2017_zt06/17zt06_bznr/bznr_zyjyzyjxbz/zyjyzyjxbz_zz/zz_tmjzdl/tmjzdl_tjsgl/202502/P020250207415272085664.pdf	341591	中职/土木建筑大类/土建施工类/640303_建筑工程检测.pdf
中职	文化艺术大类	表演艺术类	750201 音乐表演	https://www.moe.gov.cn/s78/A07/zcs_ztzl/2017_zt06/17zt06_bznr/bznr_zyjyzyjxbz/zyjyzyjxbz_zz/zz_whysdl/whysdl_byysl/202502/P020250207462812918741.pdf	331997	中职/文化艺术大类/表演艺术类/750201_音乐表演.pdf
中职	文化艺术大类	表演艺术类	750206 服装表演	https://www.moe.gov.cn/s78/A07/zcs_ztzl/2017_zt06/17zt06_bznr/bznr_zyjyzyjxbz/zyjyzyjxbz_zz/zz_whysdl/whysdl_byysl/202502/P020250207462437301845.pdf	339934	中职/文化艺术大类/表演艺术类/750206_服装表演.pdf
中职	文化艺术大类	表演艺术类	750209 戏曲音乐	https://www.moe.gov.cn/s78/A07/zcs_ztzl/2017_zt06/17zt06_bznr/bznr_zyjyzyjxbz/zyjyzyjxbz_zz/zz_whysdl/whysdl_byysl/202502/P020250207462032130270.pdf	334861	中职/文化艺术大类/表演艺术类/750209_戏曲音乐.pdf
中职	文化艺术大类	表演艺术类	750210 舞台艺术设计与制作	https://www.moe.gov.cn/s78/A07/zcs_ztzl/2017_zt06/17zt06_bznr/bznr_zyjyzyjxbz/zyjyzyjxbz_zz/zz_whysdl/whysdl_byysl/202502/P020250207461765100137.pdf	342937	中职/文化艺术大类/表演艺术类/750210_舞台艺术设计与制作.pdf
中职	文化艺术大类	表演艺术类	750211 数字音乐制作	https://www.moe.gov.cn/s78/A07/zcs_ztzl/2017_zt06/17zt06_bznr/bznr_zyjyzyjxbz/zyjyzyjxbz_zz/zz_whysdl/whysdl_byysl/202502/P020250207461414785529.pdf	334938	中职/文化艺术大类/表演艺术类/750211_数字音乐制作.pdf
中职	文化艺术大类	表演艺术类	750212 乐器维修与制作	https://www.moe.gov.cn/s78/A07/zcs_ztzl/2017_zt06/17zt06_bznr/bznr_zyjyzyjxbz/zyjyzyjxbz_zz/zz_whysdl/whysdl_byysl/202502/P020250207461192983821.pdf	334418	中职/文化艺术大类/表演艺术类/750212_乐器维修与制作.pdf
中职	文化艺术大类	民族文化艺术类	750303 民族服装与饰品	https://www.moe.gov.cn/s78/A07/zcs_ztzl/2017_zt06/17zt06_bznr/bznr_zyjyzyjxbz/zyjyzyjxbz_zz/zz_whysdl/whysdl_mzwhysl/202502/P020250207463771692625.pdf	329927	中职/文化艺术大类/民族文化艺术类/750303_民族服装与饰品.pdf
中职	文化艺术大类	民族文化艺术类	750304 民族纺染织绣技艺	https://www.moe.gov.cn/s78/A07/zcs_ztzl/2017_zt06/17zt06_bznr/bznr_zyjyzyjxbz/zyjyzyjxbz_zz/zz_whysdl/whysdl_mzwhysl/202502/P020250207463540291210.pdf	374775	中职/文化艺术大类/民族文化艺术类/750304_民族纺染织绣技艺.pdf
中职	文化艺术大类	民族文化艺术类	750306 民族工艺品设计与制作	https://www.moe.gov.cn/s78/A07/zcs_ztzl/2017_zt06/17zt06_bznr/bznr_zyjyzyjxbz/zyjyzyjxbz_zz/zz_whysdl/whysdl_mzwhysl/202502/P020250207463294961448.pdf	331788	中职/文化艺术大类/民族文化艺术类/750306_民族工艺品设计与制作.pdf
中职	文化艺术大类	文化服务类	750403 图书档案数字化管理	https://www.moe.gov.cn/s78/A07/zcs_ztzl/2017_zt06/17zt06_bznr/bznr_zyjyzyjxbz/zyjyzyjxbz_zz/zz_whysdl/whysdl_whfwl/202502/P020250207464263845385.pdf	338440	中职/文化艺术大类/文化服务类/750403_图书档案数字化管理.pdf
中职	文化艺术大类	艺术设计类	750101 艺术设计与制作	https://www.moe.gov.cn/s78/A07/zcs_ztzl/2017_zt06/17zt06_bznr/bznr_zyjyzyjxbz/zyjyzyjxbz_zz/zz_whysdl/whysdl_yssjl/202502/P020250207460682311235.pdf	348703	中职/文化艺术大类/艺术设计类/750101_艺术设计与制作.pdf
中职	文化艺术大类	艺术设计类	750102 界面设计与制作	https://www.moe.gov.cn/s78/A07/zcs_ztzl/2017_zt06/17zt06_bznr/bznr_zyjyzyjxbz/zyjyzyjxbz_zz/zz_whysdl/whysdl_yssjl/202502/P020250207460478949687.pdf	340310	中职/文化艺术大类/艺术设计类/750102_界面设计与制作.pdf
中职	文化艺术大类	艺术设计类	750103 数字影像技术	https://www.moe.gov.cn/s78/A07/zcs_ztzl/2017_zt06/17zt06_bznr/bznr_zyjyzyjxbz/zyjyzyjxbz_zz/zz_whysdl/whysdl_yssjl/202502/P020250207460273487838.pdf	329667	中职/文化艺术大类/艺术设计类/750103_数字影像技术.pdf
中职	文化艺术大类	艺术设计类	750104 皮革制品设计与制作	https://www.moe.gov.cn/s78/A07/zcs_ztzl/2017_zt06/17zt06_bznr/bznr_zyjyzyjxbz/zyjyzyjxbz_zz/zz_whysdl/whysdl_yssjl/202502/P020250207460011805677.pdf	346008	中职/文化艺术大类/艺术设计类/750104_皮革制品设计与制作.pdf
中职	文化艺术大类	艺术设计类	750105 服装陈列与展示设计	https://www.moe.gov.cn/s78/A07/zcs_ztzl/2017_zt06/17zt06_bznr/bznr_zyjyzyjxbz/zyjyzyjxbz_zz/zz_whysdl/whysdl_yssjl/202502/P020250207459727618578.pdf	335799	中职/文化艺术大类/艺术设计类/750105_服装陈列与展示设计.pdf
中职	文化艺术大类	艺术设计类	750107 绘画	https://www.moe.gov.cn/s78/A07/zcs_ztzl/2017_zt06/17zt06_bznr/bznr_zyjyzyjxbz/zyjyzyjxbz_zz/zz_whysdl/whysdl_yssjl/202502/P020250207458058050277.pdf	332765	中职/文化艺术大类/艺术设计类/750107_绘画.pdf
中职	文化艺术大类	艺术设计类	750108 首饰设计与制作	https://www.moe.gov.cn/s78/A07/zcs_ztzl/2017_zt06/17zt06_bznr/bznr_zyjyzyjxbz/zyjyzyjxbz_zz/zz_whysdl/whysdl_yssjl/202502/P020250207457813773536.pdf	344575	中职/文化艺术大类/艺术设计类/750108_首饰设计与制作.pdf
中职	文化艺术大类	艺术设计类	750109 动漫与游戏设计	https://www.moe.gov.cn/s78/A07/zcs_ztzl/2017_zt06/17zt06_bznr/bznr_zyjyzyjxbz/zyjyzyjxbz_zz/zz_whysdl/whysdl_yssjl/202502/P020250207457487011584.pdf	343015	中职/文化艺术大类/艺术设计类/750109_动漫与游戏设计.pdf
中职	文化艺术大类	艺术设计类	750111 美容美体艺术	https://www.moe.gov.cn/s78/A07/zcs_ztzl/2017_zt06/17zt06_bznr/bznr_zyjyzyjxbz/zyjyzyjxbz_zz/zz_whysdl/whysdl_yssjl/202502/P020250207457218688011.pdf	356675	中职/文化艺术大类/艺术设计类/750111_美容美体艺术.pdf
中职	文化艺术大类	艺术设计类	750112 工艺品设计与制作	https://www.moe.gov.cn/s78/A07/zcs_ztzl/2017_zt06/17zt06_bznr/bznr_zyjyzyjxbz/zyjyzyjxbz_zz/zz_whysdl/whysdl_yssjl/202502/P020250207456940923119.pdf	355022	中职/文化艺术大类/艺术设计类/750112_工艺品设计与制作.pdf
中职	新闻传播大类	广播影视类	760201 播音与主持	https://www.moe.gov.cn/s78/A07/zcs_ztzl/2017_zt06/17zt06_bznr/bznr_zyjyzyjxbz/zyjyzyjxbz_zz/zz_xwcbdl/xwcbdl_gbysl/202502/P020250207460838770596.pdf	334821	中职/新闻传播大类/广播影视类/760201_播音与主持.pdf
中职	新闻传播大类	广播影视类	760202 广播影视节目制作	https://www.moe.gov.cn/s78/A07/zcs_ztzl/2017_zt06/17zt06_bznr/bznr_zyjyzyjxbz/zyjyzyjxbz_zz/zz_xwcbdl/xwcbdl_gbysl/202502/P020250207460471665896.pdf	335553	中职/新闻传播大类/广播影视类/760202_广播影视节目制作.pdf
中职	新闻传播大类	广播影视类	760204 动漫与游戏制作	https://www.moe.gov.cn/s78/A07/zcs_ztzl/2017_zt06/17zt06_bznr/bznr_zyjyzyjxbz/zyjyzyjxbz_zz/zz_xwcbdl/xwcbdl_gbysl/202502/P020250207460058411729.pdf	339137	中职/新闻传播大类/广播影视类/760204_动漫与游戏制作.pdf
中职	新闻传播大类	新闻出版类	760101 出版商务	https://www.moe.gov.cn/s78/A07/zcs_ztzl/2017_zt06/17zt06_bznr/bznr_zyjyzyjxbz/zyjyzyjxbz_zz/zz_xwcbdl/xwcbdl_xwcbl/202502/P020250207459703338612.pdf	392183	中职/新闻传播大类/新闻出版类/760101_出版商务.pdf
中职	医药卫生大类	护理类	720201 护理	https://www.moe.gov.cn/s78/A07/zcs_ztzl/2017_zt06/17zt06_bznr/bznr_zyjyzyjxbz/zyjyzyjxbz_zz/zz_yywsdl/yywsdl_hll/202502/P020250207452129423163.pdf	331948	中职/医药卫生大类/护理类/720201_护理.pdf
中职	医药卫生大类	健康管理与促进类	720803 婴幼儿托育	https://www.moe.gov.cn/s78/A07/zcs_ztzl/2017_zt06/17zt06_bznr/bznr_zyjyzyjxbz/zyjyzyjxbz_zz/zz_yywsdl/yywsdl_jkglycjl/202502/P020250207455657961091.pdf	350645	中职/医药卫生大类/健康管理与促进类/720803_婴幼儿托育.pdf
中职	医药卫生大类	康复治疗类	720602 康复辅助器具技术及应用	https://www.moe.gov.cn/s78/A07/zcs_ztzl/2017_zt06/17zt06_bznr/bznr_zyjyzyjxbz/zyjyzyjxbz_zz/zz_yywsdl/yywsdl_kfzll/202502/P020250207455135141257.pdf	333800	中职/医药卫生大类/康复治疗类/720602_康复辅助器具技术及应用.pdf
中职	医药卫生大类	药学类	720301 药剂	https://www.moe.gov.cn/s78/A07/zcs_ztzl/2017_zt06/17zt06_bznr/bznr_zyjyzyjxbz/zyjyzyjxbz_zz/zz_yywsdl/yywsdl_yxl/202502/P020250207452488043264.pdf	348403	中职/医药卫生大类/药学类/720301_药剂.pdf
中职	医药卫生大类	中医药类	720401 中医	https://www.moe.gov.cn/s78/A07/zcs_ztzl/2017_zt06/17zt06_bznr/bznr_zyjyzyjxbz/zyjyzyjxbz_zz/zz_yywsdl/yywsdl_zyyl/202502/P020250207454483083059.pdf	317065	中职/医药卫生大类/中医药类/720401_中医.pdf
中职	医药卫生大类	中医药类	720403 中药	https://www.moe.gov.cn/s78/A07/zcs_ztzl/2017_zt06/17zt06_bznr/bznr_zyjyzyjxbz/zyjyzyjxbz_zz/zz_yywsdl/yywsdl_zyyl/202502/P020250207454212828236.pdf	350182	中职/医药卫生大类/中医药类/720403_中药.pdf
中职	医药卫生大类	中医药类	720407 中药制药	https://www.moe.gov.cn/s78/A07/zcs_ztzl/2017_zt06/17zt06_bznr/bznr_zyjyzyjxbz/zyjyzyjxbz_zz/zz_yywsdl/yywsdl_zyyl/202502/P020250207453811848458.pdf	352123	中职/医药卫生大类/中医药类/720407_中药制药.pdf
中职	医药卫生大类	中医药类	720408 中医康复技术	https://www.moe.gov.cn/s78/A07/zcs_ztzl/2017_zt06/17zt06_bznr/bznr_zyjyzyjxbz/zyjyzyjxbz_zz/zz_yywsdl/yywsdl_zyyl/202502/P020250207453535210232.pdf	318362	中职/医药卫生大类/中医药类/720408_中医康复技术.pdf
中职	医药卫生大类	中医药类	720409 中医养生保健	https://www.moe.gov.cn/s78/A07/zcs_ztzl/2017_zt06/17zt06_bznr/bznr_zyjyzyjxbz/zyjyzyjxbz_zz/zz_yywsdl/yywsdl_zyyl/202502/P020250207453266639112.pdf	344376	中职/医药卫生大类/中医药类/720409_中医养生保健.pdf
中职	医药卫生大类	中医药类	720410 哈医医疗与哈药	https://www.moe.gov.cn/s78/A07/zcs_ztzl/2017_zt06/17zt06_bznr/bznr_zyjyzyjxbz/zyjyzyjxbz_zz/zz_yywsdl/yywsdl_zyyl/202502/P020250207452954306616.pdf	347187	中职/医药卫生大类/中医药类/720410_哈医医疗与哈药.pdf
中职	装备制造大类	船舶与海洋工程装备类	660501 船体修造技术	https://www.moe.gov.cn/s78/A07/zcs_ztzl/2017_zt06/17zt06_bznr/bznr_zyjyzyjxbz/zyjyzyjxbz_zz/zz_zbzzdl/zbzzdl_cbyhygczbl/202502/P020250207451255168978.pdf	347890	中职/装备制造大类/船舶与海洋工程装备类/660501_船体修造技术.pdf
中职	装备制造大类	船舶与海洋工程装备类	660503 船舶电气装置安装与调试	https://www.moe.gov.cn/s78/A07/zcs_ztzl/2017_zt06/17zt06_bznr/bznr_zyjyzyjxbz/zyjyzyjxbz_zz/zz_zbzzdl/zbzzdl_cbyhygczbl/202502/P020250207451582913436.pdf	348406	中职/装备制造大类/船舶与海洋工程装备类/660503_船舶电气装置安装与调试.pdf
中职	装备制造大类	船舶与海洋工程装备类	660504 船舶内装	https://www.moe.gov.cn/s78/A07/zcs_ztzl/2017_zt06/17zt06_bznr/bznr_zyjyzyjxbz/zyjyzyjxbz_zz/zz_zbzzdl/zbzzdl_cbyhygczbl/202502/P020250207451938202276.pdf	341676	中职/装备制造大类/船舶与海洋工程装备类/660504_船舶内装.pdf
中职	生物与化工大类	化工技术类	670201 化学工艺	https://www.moe.gov.cn/s78/A07/zcs_ztzl/2017_zt06/17zt06_bznr/bznr_zyjyzyjxbz/zyjyzyjxbz_zz/zz_swyhgdl/zbzzdl_hgjsl/202502/P020250207441626979557.pdf	354109	中职/生物与化工大类/化工技术类/670201_化学工艺.pdf
中职	生物与化工大类	化工技术类	670202 石油炼制技术	https://www.moe.gov.cn/s78/A07/zcs_ztzl/2017_zt06/17zt06_bznr/bznr_zyjyzyjxbz/zyjyzyjxbz_zz/zz_swyhgdl/zbzzdl_hgjsl/202502/P020250207440866269127.pdf	358178	中职/生物与化工大类/化工技术类/670202_石油炼制技术.pdf
中职	生物与化工大类	化工技术类	670203 精细化工技术	https://www.moe.gov.cn/s78/A07/zcs_ztzl/2017_zt06/17zt06_bznr/bznr_zyjyzyjxbz/zyjyzyjxbz_zz/zz_swyhgdl/zbzzdl_hgjsl/202502/P020250207440688838634.pdf	332476	中职/生物与化工大类/化工技术类/670203_精细化工技术.pdf
中职	生物与化工大类	化工技术类	670204 高分子材料加工工艺	https://www.moe.gov.cn/s78/A07/zcs_ztzl/2017_zt06/17zt06_bznr/bznr_zyjyzyjxbz/zyjyzyjxbz_zz/zz_swyhgdl/zbzzdl_hgjsl/202502/P020250207440502561607.pdf	342488	中职/生物与化工大类/化工技术类/670204_高分子材料加工工艺.pdf
中职	生物与化工大类	化工技术类	670207 分析检验技术	https://www.moe.gov.cn/s78/A07/zcs_ztzl/2017_zt06/17zt06_bznr/bznr_zyjyzyjxbz/zyjyzyjxbz_zz/zz_swyhgdl/zbzzdl_hgjsl/202502/P020250207440283593626.pdf	346674	中职/生物与化工大类/化工技术类/670207_分析检验技术.pdf
中职	生物与化工大类	化工技术类	670211 烟花爆竹生产与管理	https://www.moe.gov.cn/s78/A07/zcs_ztzl/2017_zt06/17zt06_bznr/bznr_zyjyzyjxbz/zyjyzyjxbz_zz/zz_swyhgdl/zbzzdl_hgjsl/202502/P020250207440103452490.pdf	340348	中职/生物与化工大类/化工技术类/670211_烟花爆竹生产与管理.pdf
中职	装备制造大类	航空装备类	660601 无人机操控与维护	https://www.moe.gov.cn/s78/A07/zcs_ztzl/2017_zt06/17zt06_bznr/bznr_zyjyzyjxbz/zyjyzyjxbz_zz/zz_zbzzdl/zbzzdl_hkzbl/202502/P020250207452589851092.pdf	333581	中职/装备制造大类/航空装备类/660601_无人机操控与维护.pdf
中职	装备制造大类	机电设备类	660201 智能设备运行与维护	https://www.moe.gov.cn/s78/A07/zcs_ztzl/2017_zt06/17zt06_bznr/bznr_zyjyzyjxbz/zyjyzyjxbz_zz/zz_zbzzdl/zbzzdl_jdsbl/202502/P020250207444289037695.pdf	354531	中职/装备制造大类/机电设备类/660201_智能设备运行与维护.pdf
中职	装备制造大类	机电设备类	660204 新能源装备运行与维护	https://www.moe.gov.cn/s78/A07/zcs_ztzl/2017_zt06/17zt06_bznr/bznr_zyjyzyjxbz/zyjyzyjxbz_zz/zz_zbzzdl/zbzzdl_jdsbl/202502/P020250207444831246676.pdf	338076	中职/装备制造大类/机电设备类/660204_新能源装备运行与维护.pdf
中职	装备制造大类	机电设备类	660205 制冷和空调设备运行与维护	https://www.moe.gov.cn/s78/A07/zcs_ztzl/2017_zt06/17zt06_bznr/bznr_zyjyzyjxbz/zyjyzyjxbz_zz/zz_zbzzdl/zbzzdl_jdsbl/202502/P020250207445264405213.pdf	346948	中职/装备制造大类/机电设备类/660205_制冷和空调设备运行与维护.pdf
中职	装备制造大类	机电设备类	660206 电梯安装与维修保养	https://www.moe.gov.cn/s78/A07/zcs_ztzl/2017_zt06/17zt06_bznr/bznr_zyjyzyjxbz/zyjyzyjxbz_zz/zz_zbzzdl/zbzzdl_jdsbl/202502/P020250207445587608528.pdf	357146	中职/装备制造大类/机电设备类/660206_电梯安装与维修保养.pdf
中职	装备制造大类	机械设计制造类	660101 机械制造技术	https://www.moe.gov.cn/s78/A07/zcs_ztzl/2017_zt06/17zt06_bznr/bznr_zyjyzyjxbz/zyjyzyjxbz_zz/zz_zbzzdl/zbzzdl_jxsjzzl/202502/P020250207419725867968.pdf	338047	中职/装备制造大类/机械设计制造类/660101_机械制造技术.pdf
中职	装备制造大类	机械设计制造类	660102 机械加工技术	https://www.moe.gov.cn/s78/A07/zcs_ztzl/2017_zt06/17zt06_bznr/bznr_zyjyzyjxbz/zyjyzyjxbz_zz/zz_zbzzdl/zbzzdl_jxsjzzl/202502/P020250207420086975620.pdf	335486	中职/装备制造大类/机械设计制造类/660102_机械加工技术.pdf
中职	装备制造大类	机械设计制造类	660103 数控技术应用	https://www.moe.gov.cn/s78/A07/zcs_ztzl/2017_zt06/17zt06_bznr/bznr_zyjyzyjxbz/zyjyzyjxbz_zz/zz_zbzzdl/zbzzdl_jxsjzzl/202502/P020250207420742902485.pdf	345583	中职/装备制造大类/机械设计制造类/660103_数控技术应用.pdf
中职	装备制造大类	机械设计制造类	660107 增材制造技术应用	https://www.moe.gov.cn/s78/A07/zcs_ztzl/2017_zt06/17zt06_bznr/bznr_zyjyzyjxbz/zyjyzyjxbz_zz/zz_zbzzdl/zbzzdl_jxsjzzl/202502/P020250207421124301018.pdf	344652	中职/装备制造大类/机械设计制造类/660107_增材制造技术应用.pdf
中职	装备制造大类	机械设计制造类	660108 模具制造技术	https://www.moe.gov.cn/s78/A07/zcs_ztzl/2017_zt06/17zt06_bznr/bznr_zyjyzyjxbz/zyjyzyjxbz_zz/zz_zbzzdl/zbzzdl_jxsjzzl/202502/P020250207421423236938.pdf	342232	中职/装备制造大类/机械设计制造类/660108_模具制造技术.pdf
中职	装备制造大类	机械设计制造类	660109 工业产品质量检测技术	https://www.moe.gov.cn/s78/A07/zcs_ztzl/2017_zt06/17zt06_bznr/bznr_zyjyzyjxbz/zyjyzyjxbz_zz/zz_zbzzdl/zbzzdl_jxsjzzl/202502/P020250207421717771447.pdf	348337	中职/装备制造大类/机械设计制造类/660109_工业产品质量检测技术.pdf
中职	装备制造大类	汽车制造类	660701 汽车制造与检测	https://www.moe.gov.cn/s78/A07/zcs_ztzl/2017_zt06/17zt06_bznr/bznr_zyjyzyjxbz/zyjyzyjxbz_zz/zz_zbzzdl/zbzzdl_qczzl/202502/P020250207453197783519.pdf	359446	中职/装备制造大类/汽车制造类/660701_汽车制造与检测.pdf
中职	装备制造大类	汽车制造类	660702 新能源汽车制造与检测	https://www.moe.gov.cn/s78/A07/zcs_ztzl/2017_zt06/17zt06_bznr/bznr_zyjyzyjxbz/zyjyzyjxbz_zz/zz_zbzzdl/zbzzdl_qczzl/202502/P020250207453515631651.pdf	349205	中职/装备制造大类/汽车制造类/660702_新能源汽车制造与检测.pdf
中职	装备制造大类	汽车制造类	660703 汽车电子技术应用	https://www.moe.gov.cn/s78/A07/zcs_ztzl/2017_zt06/17zt06_bznr/bznr_zyjyzyjxbz/zyjyzyjxbz_zz/zz_zbzzdl/zbzzdl_qczzl/202502/P020250207453928829009.pdf	337679	中职/装备制造大类/汽车制造类/660703_汽车电子技术应用.pdf
中职	生物与化工大类	生物技术类	670101 生物产品检验检测	https://www.moe.gov.cn/s78/A07/zcs_ztzl/2017_zt06/17zt06_bznr/bznr_zyjyzyjxbz/zyjyzyjxbz_zz/zz_swyhgdl/zbzzdl_swjsl/202502/P020250207439850279572.pdf	347328	中职/生物与化工大类/生物技术类/670101_生物产品检验检测.pdf
中职	生物与化工大类	生物技术类	670102 生物化工技术应用	https://www.moe.gov.cn/s78/A07/zcs_ztzl/2017_zt06/17zt06_bznr/bznr_zyjyzyjxbz/zyjyzyjxbz_zz/zz_swyhgdl/zbzzdl_swjsl/202502/P020250207439685135410.pdf	352203	中职/生物与化工大类/生物技术类/670102_生物化工技术应用.pdf
中职	装备制造大类	自动化类	660301 机电技术应用	https://www.moe.gov.cn/s78/A07/zcs_ztzl/2017_zt06/17zt06_bznr/bznr_zyjyzyjxbz/zyjyzyjxbz_zz/zz_zbzzdl/zbzzdl_zdhl/202502/P020250207446204751957.pdf	362962	中职/装备制造大类/自动化类/660301_机电技术应用.pdf
中职	装备制造大类	自动化类	660302 电气设备运行与控制	https://www.moe.gov.cn/s78/A07/zcs_ztzl/2017_zt06/17zt06_bznr/bznr_zyjyzyjxbz/zyjyzyjxbz_zz/zz_zbzzdl/zbzzdl_zdhl/202502/P020250207447331017421.pdf	347067	中职/装备制造大类/自动化类/660302_电气设备运行与控制.pdf
中职	装备制造大类	自动化类	660303 工业机器人技术应用	https://www.moe.gov.cn/s78/A07/zcs_ztzl/2017_zt06/17zt06_bznr/bznr_zyjyzyjxbz/zyjyzyjxbz_zz/zz_zbzzdl/zbzzdl_zdhl/202502/P020250207448108562209.pdf	344584	中职/装备制造大类/自动化类/660303_工业机器人技术应用.pdf
中职	装备制造大类	自动化类	660304 工业自动化仪表及应用	https://www.moe.gov.cn/s78/A07/zcs_ztzl/2017_zt06/17zt06_bznr/bznr_zyjyzyjxbz/zyjyzyjxbz_zz/zz_zbzzdl/zbzzdl_zdhl/202502/P020250207448692439800.pdf	340517	中职/装备制造大类/自动化类/660304_工业自动化仪表及应用.pdf
中职	装备制造大类	自动化类	660305 液压与气动技术应用	https://www.moe.gov.cn/s78/A07/zcs_ztzl/2017_zt06/17zt06_bznr/bznr_zyjyzyjxbz/zyjyzyjxbz_zz/zz_zbzzdl/zbzzdl_zdhl/202502/P020250207449381071484.pdf	336292	中职/装备制造大类/自动化类/660305_液压与气动技术应用.pdf
中职	装备制造大类	自动化类	660306 智能化生产线安装与运维	https://www.moe.gov.cn/s78/A07/zcs_ztzl/2017_zt06/17zt06_bznr/bznr_zyjyzyjxbz/zyjyzyjxbz_zz/zz_zbzzdl/zbzzdl_zdhl/202502/P020250207449825414203.pdf	344964	中职/装备制造大类/自动化类/660306_智能化生产线安装与运维.pdf
中职	装备制造大类	自动化类	660307 计量测试与应用技术	https://www.moe.gov.cn/s78/A07/zcs_ztzl/2017_zt06/17zt06_bznr/bznr_zyjyzyjxbz/zyjyzyjxbz_zz/zz_zbzzdl/zbzzdl_zdhl/202502/P020250207450288896832.pdf	341024	中职/装备制造大类/自动化类/660307_计量测试与应用技术.pdf
中职	资源环境与安全大类	安全类	620901 安全技术与管理	https://www.moe.gov.cn/s78/A07/zcs_ztzl/2017_zt06/17zt06_bznr/bznr_zyjyzyjxbz/zyjyzyjxbz_zz/zz_zyhjyaqdl/zyhjyaqdl_aql/202502/P020250207446173610211.pdf	338176	中职/资源环境与安全大类/安全类/620901_安全技术与管理.pdf
中职	资源环境与安全大类	安全类	620902 应急救援技术	https://www.moe.gov.cn/s78/A07/zcs_ztzl/2017_zt06/17zt06_bznr/bznr_zyjyzyjxbz/zyjyzyjxbz_zz/zz_zyhjyaqdl/zyhjyaqdl_aql/202502/P020250207445826065033.pdf	335866	中职/资源环境与安全大类/安全类/620902_应急救援技术.pdf
中职	资源环境与安全大类	安全类	620903 防灾减灾技术	https://www.moe.gov.cn/s78/A07/zcs_ztzl/2017_zt06/17zt06_bznr/bznr_zyjyzyjxbz/zyjyzyjxbz_zz/zz_zyhjyaqdl/zyhjyaqdl_aql/202502/P020250207445464137127.pdf	343667	中职/资源环境与安全大类/安全类/620903_防灾减灾技术.pdf
中职	资源环境与安全大类	安全类	620904 森林消防	https://www.moe.gov.cn/s78/A07/zcs_ztzl/2017_zt06/17zt06_bznr/bznr_zyjyzyjxbz/zyjyzyjxbz_zz/zz_zyhjyaqdl/zyhjyaqdl_aql/202502/P020250207445172785876.pdf	346127	中职/资源环境与安全大类/安全类/620904_森林消防.pdf
中职	能源动力与材料大类	电力技术类	630101 发电厂及变电站运行与维护	https://www.moe.gov.cn/s78/A07/zcs_ztzl/2017_zt06/17zt06_bznr/bznr_zyjyzyjxbz/zyjyzyjxbz_zz/zz_nydlycldl/zyhjyaqdl_dljsl/202502/P020250207411979969538.pdf	368697	中职/能源动力与材料大类/电力技术类/630101_发电厂及变电站运行与维护.pdf
中职	能源动力与材料大类	电力技术类	630103 电力系统自动化装置调试与维护	https://www.moe.gov.cn/s78/A07/zcs_ztzl/2017_zt06/17zt06_bznr/bznr_zyjyzyjxbz/zyjyzyjxbz_zz/zz_nydlycldl/zyhjyaqdl_dljsl/202502/P020250207412934877874.pdf	361243	中职/能源动力与材料大类/电力技术类/630103_电力系统自动化装置调试与维护.pdf
中职	资源环境与安全大类	地质类	620201 水文地质与工程地质勘查	https://www.moe.gov.cn/s78/A07/zcs_ztzl/2017_zt06/17zt06_bznr/bznr_zyjyzyjxbz/zyjyzyjxbz_zz/zz_zyhjyaqdl/zyhjyaqdl_dzl/202502/P020250207408266605475.pdf	382415	中职/资源环境与安全大类/地质类/620201_水文地质与工程地质勘查.pdf
中职	资源环境与安全大类	地质类	620202 钻探技术	https://www.moe.gov.cn/s78/A07/zcs_ztzl/2017_zt06/17zt06_bznr/bznr_zyjyzyjxbz/zyjyzyjxbz_zz/zz_zyhjyaqdl/zyhjyaqdl_dzl/202502/P020250207407865235277.pdf	354658	中职/资源环境与安全大类/地质类/620202_钻探技术.pdf
中职	资源环境与安全大类	地质类	620204 岩土工程勘察与施工	https://www.moe.gov.cn/s78/A07/zcs_ztzl/2017_zt06/17zt06_bznr/bznr_zyjyzyjxbz/zyjyzyjxbz_zz/zz_zyhjyaqdl/zyhjyaqdl_dzl/202502/P020250207407395985143.pdf	350623	中职/资源环境与安全大类/地质类/620204_岩土工程勘察与施工.pdf
中职	资源环境与安全大类	地质类	620205 地球物理勘探技术	https://www.moe.gov.cn/s78/A07/zcs_ztzl/2017_zt06/17zt06_bznr/bznr_zyjyzyjxbz/zyjyzyjxbz_zz/zz_zyhjyaqdl/zyhjyaqdl_dzl/202502/P020250207406972681980.pdf	329514	中职/资源环境与安全大类/地质类/620205_地球物理勘探技术.pdf
中职	资源环境与安全大类	测绘地理信息类	620301 工程测量技术	https://www.moe.gov.cn/s78/A07/zcs_ztzl/2017_zt06/17zt06_bznr/bznr_zyjyzyjxbz/zyjyzyjxbz_zz/zz_zyhjyaqdl/zyhjyaqdl_hcdlxxl/202502/P020250207409583836643.pdf	338787	中职/资源环境与安全大类/测绘地理信息类/620301_工程测量技术.pdf
中职	资源环境与安全大类	测绘地理信息类	620302 地图绘制与地理信息系统	https://www.moe.gov.cn/s78/A07/zcs_ztzl/2017_zt06/17zt06_bznr/bznr_zyjyzyjxbz/zyjyzyjxbz_zz/zz_zyhjyaqdl/zyhjyaqdl_hcdlxxl/202502/P020250207409315053867.pdf	353465	中职/资源环境与安全大类/测绘地理信息类/620302_地图绘制与地理信息系统.pdf
中职	资源环境与安全大类	测绘地理信息类	620304 航空摄影测量	https://www.moe.gov.cn/s78/A07/zcs_ztzl/2017_zt06/17zt06_bznr/bznr_zyjyzyjxbz/zyjyzyjxbz_zz/zz_zyhjyaqdl/zyhjyaqdl_hcdlxxl/202502/P020250207408893272186.pdf	358236	中职/资源环境与安全大类/测绘地理信息类/620304_航空摄影测量.pdf
中职	资源环境与安全大类	环境保护类	620801 环境监测技术	https://www.moe.gov.cn/s78/A07/zcs_ztzl/2017_zt06/17zt06_bznr/bznr_zyjyzyjxbz/zyjyzyjxbz_zz/zz_zyhjyaqdl/zyhjyaqdl_hjbhl/202502/P020250207444639243789.pdf	349330	中职/资源环境与安全大类/环境保护类/620801_环境监测技术.pdf
中职	资源环境与安全大类	环境保护类	620802 环境治理技术	https://www.moe.gov.cn/s78/A07/zcs_ztzl/2017_zt06/17zt06_bznr/bznr_zyjyzyjxbz/zyjyzyjxbz_zz/zz_zyhjyaqdl/zyhjyaqdl_hjbhl/202502/P020250207444325036306.pdf	348599	中职/资源环境与安全大类/环境保护类/620802_环境治理技术.pdf
中职	能源动力与材料大类	黑色金属材料类	630401 钢铁冶炼技术	https://www.moe.gov.cn/s78/A07/zcs_ztzl/2017_zt06/17zt06_bznr/bznr_zyjyzyjxbz/zyjyzyjxbz_zz/zz_nydlycldl/zyhjyaqdl_hsjscll/202502/P020250207415427832715.pdf	342839	中职/能源动力与材料大类/黑色金属材料类/630401_钢铁冶炼技术.pdf
中职	能源动力与材料大类	建筑材料类	630701 建筑材料智能生产技术	https://www.moe.gov.cn/s78/A07/zcs_ztzl/2017_zt06/17zt06_bznr/bznr_zyjyzyjxbz/zyjyzyjxbz_zz/zz_nydlycldl/zyhjyaqdl_jzcll/202502/P020250207416933660667.pdf	354557	中职/能源动力与材料大类/建筑材料类/630701_建筑材料智能生产技术.pdf
中职	能源动力与材料大类	建筑材料类	630702 新型建筑材料生产技术	https://www.moe.gov.cn/s78/A07/zcs_ztzl/2017_zt06/17zt06_bznr/bznr_zyjyzyjxbz/zyjyzyjxbz_zz/zz_nydlycldl/zyhjyaqdl_jzcll/202502/P020250207417242867521.pdf	362907	中职/能源动力与材料大类/建筑材料类/630702_新型建筑材料生产技术.pdf
中职	能源动力与材料大类	建筑材料类	630703 建筑材料检测技术	https://www.moe.gov.cn/s78/A07/zcs_ztzl/2017_zt06/17zt06_bznr/bznr_zyjyzyjxbz/zyjyzyjxbz_zz/zz_nydlycldl/zyhjyaqdl_jzcll/202502/P020250207417645602296.pdf	358320	中职/能源动力与材料大类/建筑材料类/630703_建筑材料检测技术.pdf
中职	能源动力与材料大类	建筑材料类	630704 装配式建筑构件制作技术	https://www.moe.gov.cn/s78/A07/zcs_ztzl/2017_zt06/17zt06_bznr/bznr_zyjyzyjxbz/zyjyzyjxbz_zz/zz_nydlycldl/zyhjyaqdl_jzcll/202502/P020250207418033422884.pdf	358095	中职/能源动力与材料大类/建筑材料类/630704_装配式建筑构件制作技术.pdf
中职	资源环境与安全大类	煤炭类	620502 矿井建设技术	https://www.moe.gov.cn/s78/A07/zcs_ztzl/2017_zt06/17zt06_bznr/bznr_zyjyzyjxbz/zyjyzyjxbz_zz/zz_zyhjyaqdl/zyhjyaqdl_mtl/202502/P020250207443164855424.pdf	339001	中职/资源环境与安全大类/煤炭类/620502_矿井建设技术.pdf
中职	资源环境与安全大类	煤炭类	620504 矿山机电	https://www.moe.gov.cn/s78/A07/zcs_ztzl/2017_zt06/17zt06_bznr/bznr_zyjyzyjxbz/zyjyzyjxbz_zz/zz_zyhjyaqdl/zyhjyaqdl_mtl/202502/P020250207442896246079.pdf	341195	中职/资源环境与安全大类/煤炭类/620504_矿山机电.pdf
中职	资源环境与安全大类	煤炭类	620505 煤炭综合利用技术	https://www.moe.gov.cn/s78/A07/zcs_ztzl/2017_zt06/17zt06_bznr/bznr_zyjyzyjxbz/zyjyzyjxbz_zz/zz_zyhjyaqdl/zyhjyaqdl_mtl/202502/P020250207442297344611.pdf	364252	中职/资源环境与安全大类/煤炭类/620505_煤炭综合利用技术.pdf
中职	资源环境与安全大类	气象类	620701 气象服务	https://www.moe.gov.cn/s78/A07/zcs_ztzl/2017_zt06/17zt06_bznr/bznr_zyjyzyjxbz/zyjyzyjxbz_zz/zz_zyhjyaqdl/zyhjyaqdl_qxl/202502/P020250207443737060674.pdf	356989	中职/资源环境与安全大类/气象类/620701_气象服务.pdf
中职	资源环境与安全大类	石油与天然气类	620401 油气储运	https://www.moe.gov.cn/s78/A07/zcs_ztzl/2017_zt06/17zt06_bznr/bznr_zyjyzyjxbz/zyjyzyjxbz_zz/zz_zyhjyaqdl/zyhjyaqdl_syytrql/202502/P020250207410987691779.pdf	347614	中职/资源环境与安全大类/石油与天然气类/620401_油气储运.pdf
中职	资源环境与安全大类	石油与天然气类	620404 油气开采	https://www.moe.gov.cn/s78/A07/zcs_ztzl/2017_zt06/17zt06_bznr/bznr_zyjyzyjxbz/zyjyzyjxbz_zz/zz_zyhjyaqdl/zyhjyaqdl_syytrql/202502/P020250207410706278668.pdf	344587	中职/资源环境与安全大类/石油与天然气类/620404_油气开采.pdf
中职	能源动力与材料大类	新能源发电工程类	630301 光伏工程技术与应用	https://www.moe.gov.cn/s78/A07/zcs_ztzl/2017_zt06/17zt06_bznr/bznr_zyjyzyjxbz/zyjyzyjxbz_zz/zz_nydlycldl/zyhjyaqdl_xnyfdgcl/202502/P020250207413562119973.pdf	343686	中职/能源动力与材料大类/新能源发电工程类/630301_光伏工程技术与应用.pdf
中职	能源动力与材料大类	新能源发电工程类	630302 风力发电设备运行与维护	https://www.moe.gov.cn/s78/A07/zcs_ztzl/2017_zt06/17zt06_bznr/bznr_zyjyzyjxbz/zyjyzyjxbz_zz/zz_nydlycldl/zyhjyaqdl_xnyfdgcl/202502/P020250207414275404655.pdf	362399	中职/能源动力与材料大类/新能源发电工程类/630302_风力发电设备运行与维护.pdf
中职	能源动力与材料大类	有色金属材料类	630501 有色金属冶炼技术	https://www.moe.gov.cn/s78/A07/zcs_ztzl/2017_zt06/17zt06_bznr/bznr_zyjyzyjxbz/zyjyzyjxbz_zz/zz_nydlycldl/zyhjyaqdl_ysjscll/202502/P020250207416318849300.pdf	339134	中职/能源动力与材料大类/有色金属材料类/630501_有色金属冶炼技术.pdf
中职	资源环境与安全大类	资源勘查类	620103 宝玉石加工与检测	https://www.moe.gov.cn/s78/A07/zcs_ztzl/2017_zt06/17zt06_bznr/bznr_zyjyzyjxbz/zyjyzyjxbz_zz/zz_zyhjyaqdl/zyhjyaqdl_zykcl/202502/P020250207406420217473.pdf	348709	中职/资源环境与安全大类/资源勘查类/620103_宝玉石加工与检测.pdf
